20081111971101201114220000100000201712000518525195196910
01969159152581500021710200000100002241110210117911118002
20081111971101201114220,000100,000201712,000518525195196910
019691591525815000,217102000,001000,02241110210117911118002
80021111791011110212400002000001710200021155821559969101
10196995512855112000201710000020000421201111019711112008
20081971101201114220000100000201712000518525195196910
01969159152581500021710200000100002241110210117918002
20081971101201114220,000100,000201712,000518525195196910
019691591525815000,217102000,001000,02241110210117918002
80021791011110212400002000001710200021155821559969101
10196995512855112000201710000020000421201111019712008
200811119711201114220000100000201712000518525195196910
019691591525815000217102000001000022411102117911118002
200811119711201114220,000100,000201712,000518525195196910
019691591525815000,217102000,001000,022411102117911118002
800211117911110212400002000001710200021155821559969101
101969955128551120002017100000200004212011119711112008
200819711201114220000100000201712000518525195196910
019691591525815000217102000001000022411102117918002
200819711201114220,000100,000201712,000518525195196910
019691591525815000,217102000,001000,022411102117918002
800217911110212400002000001710200021155821559969101
101969955128551120002017100000200004212011119712008
20081971201120171969
96917102110217918002
80021791110271029691
19692017201119712008
42515195
59151524
24151559
95515142
11852
25811
11582
28511
2000010000012000
0002100000100002
20,000100,00012,000
000,21000,001000,02
0000200000100021
1200010000020000
200819711020114220000100000201712000518525195196910
019691591525815000217102000001000022411020117918002
200819711020114220,000100,000201712,000518525195196910
019691591525815000,217102000,001000,022411020117918002
800217910111022400002000001710200021155821559969101
101969955128551120002017100000200004220111019712008
1852
2581
1582
2851
2008111
1118002
8002111
1112008
197110120111
111021011791
179101111021
120111101971
422000010000020171200051
150002171020000010000224
4220,000100,000201712,00051
15000,217102000,001000,0224
240000200000171020002115
511200020171000002000042
852
258
582
285
5195196910
0196915915
1559969101
1019699551
2008 1 1 1 1971 10 1 2011 1 42 20,000 100,000 2017 12,000 51 85 2 51 95 1969 10
01 9691 59 15 2 58 15 000,21 7102 000,001 000,02 24 1 1102 1 01 1791 1 1 1 8002
2008 1 1 1 1971 10 1 2011 1 42 20000 100000 2017 12000 51 85 2 51 95 1969 10
01 9691 59 15 2 58 15 00021 7102 000001 00002 24 1 1102 1 01 1791 1 1 1 8002
2008,1,1,1,1971,10,1,2011,1,42,20,000,100,000,2017,12,000,51,85,2,51,95,1969,10
01,9691,59,15,2,58,15,000,21,7102,000,001,000,02,24,1,1102,1,01,1791,1,1,1,8002
2008,1,1,1,1971,10,1,2011,1,42,20000,100000,2017,12000,51,85,2,51,95,1969,10
01,9691,59,15,2,58,15,00021,7102,000001,00002,24,1,1102,1,01,1791,1,1,1,8002
2008, 1, 1, 1, 1971, 10, 1, 2011, 1, 42, 20,000, 100,000, 2017, 12,000, 51, 85, 2, 51, 95, 1969, 10
01 ,9691 ,59 ,15 ,2 ,58 ,15 ,000,21 ,7102 ,000,001 ,000,02 ,24 ,1 ,1102 ,1 ,01 ,1791 ,1 ,1 ,1 ,8002
2008, 1, 1, 1, 1971, 10, 1, 2011, 1, 42, 20000, 100000, 2017, 12000, 51, 85, 2, 51, 95, 1969, 10
01 ,9691 ,59 ,15 ,2 ,58 ,15 ,00021 ,7102 ,000001 ,00002 ,24 ,1 ,1102 ,1 ,01 ,1791 ,1 ,1 ,1 ,8002
2008-1-1-1-1971-10-1-2011-1-42-20,000-100,000-2017-12,000-51-85-2-51-95-1969-10
01-9691-59-15-2-58-15-000,21-7102-000,001-000,02-24-1-1102-1-01-1791-1-1-1-8002
2008-1-1-1-1971-10-1-2011-1-42-20000-100000-2017-12000-51-85-2-51-95-1969-10
01-9691-59-15-2-58-15-00021-7102-000001-00002-24-1-1102-1-01-1791-1-1-1-8002
2008.1.1.1.1971.10.1.2011.1.42.20,000.100,000.2017.12,000.51.85.2.51.95.1969.10
01.9691.59.15.2.58.15.000,21.7102.000,001.000,02.24.1.1102.1.01.1791.1.1.1.8002
2008.1.1.1.1971.10.1.2011.1.42.20000.100000.2017.12000.51.85.2.51.95.1969.10
01.9691.59.15.2.58.15.00021.7102.000001.00002.24.1.1102.1.01.1791.1.1.1.8002
2008 / 1 / 1 / 1 / 1971 / 10 / 1 / 2011 / 1 / 42 / 20,000 / 100,000 / 2017 / 12,000 / 51 / 85 / 2 / 51 / 95 / 1969 / 10
01 / 9691 / 59 / 15 / 2 / 58 / 15 / 000,21 / 7102 / 000,001 / 000,02 / 24 / 1 / 1102 / 1 / 01 / 1791 / 1 / 1 / 1 / 8002
2008 / 1 / 1 / 1 / 1971 / 10 / 1 / 2011 / 1 / 42 / 20000 / 100000 / 2017 / 12000 / 51 / 85 / 2 / 51 / 95 / 1969 / 10
01 / 9691 / 59 / 15 / 2 / 58 / 15 / 00021 / 7102 / 000001 / 00002 / 24 / 1 / 1102 / 1 / 01 / 1791 / 1 / 1 / 1 / 8002
2008  1  1  1  1971  10  1  2011  1  42  20,000  100,000  2017  12,000  51  85  2  51  95  1969  10
01  9691  59  15  2  58  15  000,21  7102  000,001  000,02  24  1  1102  1  01  1791  1  1  1  8002
2008  1  1  1  1971  10  1  2011  1  42  20000  100000  2017  12000  51  85  2  51  95  1969  10
01  9691  59  15  2  58  15  00021  7102  000001  00002  24  1  1102  1  01  1791  1  1  1  8002
2008 Layer 1 Layer 1 Layer 1 post-1971 10years $1 2011 $1 billion 42% 20,000 100,000 2017 12,000 51% $85 BILLION $2 trillion 51% 95% 1969 10 years
sraey 01 9691 %59 %15 noillirt 2$ NOILLIB 58$ %15 000,21 7102 000,001 000,02 %24 noillib 1$ 1102 1$ sraey01 1791-tsop 1 reyaL 1 reyaL 1 reyaL 8002
2008 layer 1 layer 1 layer 1 post-1971 10years $1 2011 $1 billion 42% 20,000 100,000 2017 12,000 51% $85 billion $2 trillion 51% 95% 1969 10 years
2008 LAYER 1 LAYER 1 LAYER 1 POST-1971 10YEARS $1 2011 $1 BILLION 42% 20,000 100,000 2017 12,000 51% $85 BILLION $2 TRILLION 51% 95% 1969 10 YEARS
2008 1971 10 1 2011 1 42 20,000 100,000 2017 12,000 51 85 2 51 95 1969 10
01 9691 59 15 2 58 15 000,21 7102 000,001 000,02 24 1 1102 1 01 1791 8002
2008 1971 10 1 2011 1 42 20000 100000 2017 12000 51 85 2 51 95 1969 10
01 9691 59 15 2 58 15 00021 7102 000001 00002 24 1 1102 1 01 1791 8002
2008,1971,10,1,2011,1,42,20,000,100,000,2017,12,000,51,85,2,51,95,1969,10
01,9691,59,15,2,58,15,000,21,7102,000,001,000,02,24,1,1102,1,01,1791,8002
2008,1971,10,1,2011,1,42,20000,100000,2017,12000,51,85,2,51,95,1969,10
01,9691,59,15,2,58,15,00021,7102,000001,00002,24,1,1102,1,01,1791,8002
2008, 1971, 10, 1, 2011, 1, 42, 20,000, 100,000, 2017, 12,000, 51, 85, 2, 51, 95, 1969, 10
01 ,9691 ,59 ,15 ,2 ,58 ,15 ,000,21 ,7102 ,000,001 ,000,02 ,24 ,1 ,1102 ,1 ,01 ,1791 ,8002
2008, 1971, 10, 1, 2011, 1, 42, 20000, 100000, 2017, 12000, 51, 85, 2, 51, 95, 1969, 10
01 ,9691 ,59 ,15 ,2 ,58 ,15 ,00021 ,7102 ,000001 ,00002 ,24 ,1 ,1102 ,1 ,01 ,1791 ,8002
2008-1971-10-1-2011-1-42-20,000-100,000-2017-12,000-51-85-2-51-95-1969-10
01-9691-59-15-2-58-15-000,21-7102-000,001-000,02-24-1-1102-1-01-1791-8002
2008-1971-10-1-2011-1-42-20000-100000-2017-12000-51-85-2-51-95-1969-10
01-9691-59-15-2-58-15-00021-7102-000001-00002-24-1-1102-1-01-1791-8002
2008.1971.10.1.2011.1.42.20,000.100,000.2017.12,000.51.85.2.51.95.1969.10
01.9691.59.15.2.58.15.000,21.7102.000,001.000,02.24.1.1102.1.01.1791.8002
2008.1971.10.1.2011.1.42.20000.100000.2017.12000.51.85.2.51.95.1969.10
01.9691.59.15.2.58.15.00021.7102.000001.00002.24.1.1102.1.01.1791.8002
2008 / 1971 / 10 / 1 / 2011 / 1 / 42 / 20,000 / 100,000 / 2017 / 12,000 / 51 / 85 / 2 / 51 / 95 / 1969 / 10
01 / 9691 / 59 / 15 / 2 / 58 / 15 / 000,21 / 7102 / 000,001 / 000,02 / 24 / 1 / 1102 / 1 / 01 / 1791 / 8002
2008 / 1971 / 10 / 1 / 2011 / 1 / 42 / 20000 / 100000 / 2017 / 12000 / 51 / 85 / 2 / 51 / 95 / 1969 / 10
01 / 9691 / 59 / 15 / 2 / 58 / 15 / 00021 / 7102 / 000001 / 00002 / 24 / 1 / 1102 / 1 / 01 / 1791 / 8002
2008  1971  10  1  2011  1  42  20,000  100,000  2017  12,000  51  85  2  51  95  1969  10
01  9691  59  15  2  58  15  000,21  7102  000,001  000,02  24  1  1102  1  01  1791  8002
2008  1971  10  1  2011  1  42  20000  100000  2017  12000  51  85  2  51  95  1969  10
01  9691  59  15  2  58  15  00021  7102  000001  00002  24  1  1102  1  01  1791  8002
2008 post-1971 10years $1 2011 $1 billion 42% 20,000 100,000 2017 12,000 51% $85 BILLION $2 trillion 51% 95% 1969 10 years
sraey 01 9691 %59 %15 noillirt 2$ NOILLIB 58$ %15 000,21 7102 000,001 000,02 %24 noillib 1$ 1102 1$ sraey01 1791-tsop 8002
2008 post-1971 10years $1 2011 $1 billion 42% 20,000 100,000 2017 12,000 51% $85 billion $2 trillion 51% 95% 1969 10 years
2008 POST-1971 10YEARS $1 2011 $1 BILLION 42% 20,000 100,000 2017 12,000 51% $85 BILLION $2 TRILLION 51% 95% 1969 10 YEARS
2008 1 1 1 1971 1 2011 1 42 20,000 100,000 2017 12,000 51 85 2 51 95 1969 10
01 9691 59 15 2 58 15 000,21 7102 000,001 000,02 24 1 1102 1 1791 1 1 1 8002
2008 1 1 1 1971 1 2011 1 42 20000 100000 2017 12000 51 85 2 51 95 1969 10
01 9691 59 15 2 58 15 00021 7102 000001 00002 24 1 1102 1 1791 1 1 1 8002
2008,1,1,1,1971,1,2011,1,42,20,000,100,000,2017,12,000,51,85,2,51,95,1969,10
01,9691,59,15,2,58,15,000,21,7102,000,001,000,02,24,1,1102,1,1791,1,1,1,8002
2008,1,1,1,1971,1,2011,1,42,20000,100000,2017,12000,51,85,2,51,95,1969,10
01,9691,59,15,2,58,15,00021,7102,000001,00002,24,1,1102,1,1791,1,1,1,8002
2008, 1, 1, 1, 1971, 1, 2011, 1, 42, 20,000, 100,000, 2017, 12,000, 51, 85, 2, 51, 95, 1969, 10
01 ,9691 ,59 ,15 ,2 ,58 ,15 ,000,21 ,7102 ,000,001 ,000,02 ,24 ,1 ,1102 ,1 ,1791 ,1 ,1 ,1 ,8002
2008, 1, 1, 1, 1971, 1, 2011, 1, 42, 20000, 100000, 2017, 12000, 51, 85, 2, 51, 95, 1969, 10
01 ,9691 ,59 ,15 ,2 ,58 ,15 ,00021 ,7102 ,000001 ,00002 ,24 ,1 ,1102 ,1 ,1791 ,1 ,1 ,1 ,8002
2008-1-1-1-1971-1-2011-1-42-20,000-100,000-2017-12,000-51-85-2-51-95-1969-10
01-9691-59-15-2-58-15-000,21-7102-000,001-000,02-24-1-1102-1-1791-1-1-1-8002
2008-1-1-1-1971-1-2011-1-42-20000-100000-2017-12000-51-85-2-51-95-1969-10
01-9691-59-15-2-58-15-00021-7102-000001-00002-24-1-1102-1-1791-1-1-1-8002
2008.1.1.1.1971.1.2011.1.42.20,000.100,000.2017.12,000.51.85.2.51.95.1969.10
01.9691.59.15.2.58.15.000,21.7102.000,001.000,02.24.1.1102.1.1791.1.1.1.8002
2008.1.1.1.1971.1.2011.1.42.20000.100000.2017.12000.51.85.2.51.95.1969.10
01.9691.59.15.2.58.15.00021.7102.000001.00002.24.1.1102.1.1791.1.1.1.8002
2008 / 1 / 1 / 1 / 1971 / 1 / 2011 / 1 / 42 / 20,000 / 100,000 / 2017 / 12,000 / 51 / 85 / 2 / 51 / 95 / 1969 / 10
01 / 9691 / 59 / 15 / 2 / 58 / 15 / 000,21 / 7102 / 000,001 / 000,02 / 24 / 1 / 1102 / 1 / 1791 / 1 / 1 / 1 / 8002
2008 / 1 / 1 / 1 / 1971 / 1 / 2011 / 1 / 42 / 20000 / 100000 / 2017 / 12000 / 51 / 85 / 2 / 51 / 95 / 1969 / 10
01 / 9691 / 59 / 15 / 2 / 58 / 15 / 00021 / 7102 / 000001 / 00002 / 24 / 1 / 1102 / 1 / 1791 / 1 / 1 / 1 / 8002
2008  1  1  1  1971  1  2011  1  42  20,000  100,000  2017  12,000  51  85  2  51  95  1969  10
01  9691  59  15  2  58  15  000,21  7102  000,001  000,02  24  1  1102  1  1791  1  1  1  8002
2008  1  1  1  1971  1  2011  1  42  20000  100000  2017  12000  51  85  2  51  95  1969  10
01  9691  59  15  2  58  15  00021  7102  000001  00002  24  1  1102  1  1791  1  1  1  8002
2008 Layer 1 Layer 1 Layer 1 post-1971 $1 2011 $1 billion 42% 20,000 100,000 2017 12,000 51% $85 BILLION $2 trillion 51% 95% 1969 10 years
sraey 01 9691 %59 %15 noillirt 2$ NOILLIB 58$ %15 000,21 7102 000,001 000,02 %24 noillib 1$ 1102 1$ 1791-tsop 1 reyaL 1 reyaL 1 reyaL 8002
2008 layer 1 layer 1 layer 1 post-1971 $1 2011 $1 billion 42% 20,000 100,000 2017 12,000 51% $85 billion $2 trillion 51% 95% 1969 10 years
2008 LAYER 1 LAYER 1 LAYER 1 POST-1971 $1 2011 $1 BILLION 42% 20,000 100,000 2017 12,000 51% $85 BILLION $2 TRILLION 51% 95% 1969 10 YEARS
2008 1971 1 2011 1 42 20,000 100,000 2017 12,000 51 85 2 51 95 1969 10
01 9691 59 15 2 58 15 000,21 7102 000,001 000,02 24 1 1102 1 1791 8002
2008 1971 1 2011 1 42 20000 100000 2017 12000 51 85 2 51 95 1969 10
01 9691 59 15 2 58 15 00021 7102 000001 00002 24 1 1102 1 1791 8002
2008,1971,1,2011,1,42,20,000,100,000,2017,12,000,51,85,2,51,95,1969,10
01,9691,59,15,2,58,15,000,21,7102,000,001,000,02,24,1,1102,1,1791,8002
2008,1971,1,2011,1,42,20000,100000,2017,12000,51,85,2,51,95,1969,10
01,9691,59,15,2,58,15,00021,7102,000001,00002,24,1,1102,1,1791,8002
2008, 1971, 1, 2011, 1, 42, 20,000, 100,000, 2017, 12,000, 51, 85, 2, 51, 95, 1969, 10
01 ,9691 ,59 ,15 ,2 ,58 ,15 ,000,21 ,7102 ,000,001 ,000,02 ,24 ,1 ,1102 ,1 ,1791 ,8002
2008, 1971, 1, 2011, 1, 42, 20000, 100000, 2017, 12000, 51, 85, 2, 51, 95, 1969, 10
01 ,9691 ,59 ,15 ,2 ,58 ,15 ,00021 ,7102 ,000001 ,00002 ,24 ,1 ,1102 ,1 ,1791 ,8002
2008-1971-1-2011-1-42-20,000-100,000-2017-12,000-51-85-2-51-95-1969-10
01-9691-59-15-2-58-15-000,21-7102-000,001-000,02-24-1-1102-1-1791-8002
2008-1971-1-2011-1-42-20000-100000-2017-12000-51-85-2-51-95-1969-10
01-9691-59-15-2-58-15-00021-7102-000001-00002-24-1-1102-1-1791-8002
2008.1971.1.2011.1.42.20,000.100,000.2017.12,000.51.85.2.51.95.1969.10
01.9691.59.15.2.58.15.000,21.7102.000,001.000,02.24.1.1102.1.1791.8002
2008.1971.1.2011.1.42.20000.100000.2017.12000.51.85.2.51.95.1969.10
01.9691.59.15.2.58.15.00021.7102.000001.00002.24.1.1102.1.1791.8002
2008 / 1971 / 1 / 2011 / 1 / 42 / 20,000 / 100,000 / 2017 / 12,000 / 51 / 85 / 2 / 51 / 95 / 1969 / 10
01 / 9691 / 59 / 15 / 2 / 58 / 15 / 000,21 / 7102 / 000,001 / 000,02 / 24 / 1 / 1102 / 1 / 1791 / 8002
2008 / 1971 / 1 / 2011 / 1 / 42 / 20000 / 100000 / 2017 / 12000 / 51 / 85 / 2 / 51 / 95 / 1969 / 10
01 / 9691 / 59 / 15 / 2 / 58 / 15 / 00021 / 7102 / 000001 / 00002 / 24 / 1 / 1102 / 1 / 1791 / 8002
2008  1971  1  2011  1  42  20,000  100,000  2017  12,000  51  85  2  51  95  1969  10
01  9691  59  15  2  58  15  000,21  7102  000,001  000,02  24  1  1102  1  1791  8002
2008  1971  1  2011  1  42  20000  100000  2017  12000  51  85  2  51  95  1969  10
01  9691  59  15  2  58  15  00021  7102  000001  00002  24  1  1102  1  1791  8002
2008 post-1971 $1 2011 $1 billion 42% 20,000 100,000 2017 12,000 51% $85 BILLION $2 trillion 51% 95% 1969 10 years
sraey 01 9691 %59 %15 noillirt 2$ NOILLIB 58$ %15 000,21 7102 000,001 000,02 %24 noillib 1$ 1102 1$ 1791-tsop 8002
2008 post-1971 $1 2011 $1 billion 42% 20,000 100,000 2017 12,000 51% $85 billion $2 trillion 51% 95% 1969 10 years
2008 POST-1971 $1 2011 $1 BILLION 42% 20,000 100,000 2017 12,000 51% $85 BILLION $2 TRILLION 51% 95% 1969 10 YEARS
2008 1971 2011 2017 1969
9691 7102 1102 1791 8002
2008,1971,2011,2017,1969
9691,7102,1102,1791,8002
2008, 1971, 2011, 2017, 1969
9691 ,7102 ,1102 ,1791 ,8002
2008-1971-2011-2017-1969
9691-7102-1102-1791-8002
2008.1971.2011.2017.1969
9691.7102.1102.1791.8002
2008 / 1971 / 2011 / 2017 / 1969
9691 / 7102 / 1102 / 1791 / 8002
2008  1971  2011  2017  1969
9691  7102  1102  1791  8002
2008 post-1971 2011 2017 1969
9691 7102 1102 1791-tsop 8002
2008 POST-1971 2011 2017 1969
42 51 51 95
59 15 15 24
42,51,51,95
59,15,15,24
42, 51, 51, 95
59 ,15 ,15 ,24
42-51-51-95
59-15-15-24
42.51.51.95
59.15.15.24
42 / 51 / 51 / 95
59 / 15 / 15 / 24
42  51  51  95
59  15  15  24
42% 51% 51% 95%
%59 %15 %15 %24
1 1 85 2
2 58 1 1
1,1,85,2
2,58,1,1
1, 1, 85, 2
2 ,58 ,1 ,1
1-1-85-2
2-58-1-1
1.1.85.2
2.58.1.1
1 / 1 / 85 / 2
2 / 58 / 1 / 1
1  1  85  2
2  58  1  1
$1 $1 billion $85 BILLION $2 trillion
noillirt 2$ NOILLIB 58$ noillib 1$ 1$
$1 $1 billion $85 billion $2 trillion
$1 $1 BILLION $85 BILLION $2 TRILLION
20,000 100,000 12,000
000,21 000,001 000,02
20000 100000 12000
00021 000001 00002
20,000,100,000,12,000
000,21,000,001,000,02
20000,100000,12000
00021,000001,00002
20,000, 100,000, 12,000
000,21 ,000,001 ,000,02
20000, 100000, 12000
00021 ,000001 ,00002
20,000-100,000-12,000
000,21-000,001-000,02
20000-100000-12000
00021-000001-00002
20,000.100,000.12,000
000,21.000,001.000,02
20000.100000.12000
00021.000001.00002
20,000 / 100,000 / 12,000
000,21 / 000,001 / 000,02
20000 / 100000 / 12000
00021 / 000001 / 00002
20,000  100,000  12,000
000,21  000,001  000,02
20000  100000  12000
00021  000001  00002
2008 1971 10 2011 42 20,000 100,000 2017 12,000 51 85 2 51 95 1969 10
01 9691 59 15 2 58 15 000,21 7102 000,001 000,02 24 1102 01 1791 8002
2008 1971 10 2011 42 20000 100000 2017 12000 51 85 2 51 95 1969 10
01 9691 59 15 2 58 15 00021 7102 000001 00002 24 1102 01 1791 8002
2008,1971,10,2011,42,20,000,100,000,2017,12,000,51,85,2,51,95,1969,10
01,9691,59,15,2,58,15,000,21,7102,000,001,000,02,24,1102,01,1791,8002
2008,1971,10,2011,42,20000,100000,2017,12000,51,85,2,51,95,1969,10
01,9691,59,15,2,58,15,00021,7102,000001,00002,24,1102,01,1791,8002
2008, 1971, 10, 2011, 42, 20,000, 100,000, 2017, 12,000, 51, 85, 2, 51, 95, 1969, 10
01 ,9691 ,59 ,15 ,2 ,58 ,15 ,000,21 ,7102 ,000,001 ,000,02 ,24 ,1102 ,01 ,1791 ,8002
2008, 1971, 10, 2011, 42, 20000, 100000, 2017, 12000, 51, 85, 2, 51, 95, 1969, 10
01 ,9691 ,59 ,15 ,2 ,58 ,15 ,00021 ,7102 ,000001 ,00002 ,24 ,1102 ,01 ,1791 ,8002
2008-1971-10-2011-42-20,000-100,000-2017-12,000-51-85-2-51-95-1969-10
01-9691-59-15-2-58-15-000,21-7102-000,001-000,02-24-1102-01-1791-8002
2008-1971-10-2011-42-20000-100000-2017-12000-51-85-2-51-95-1969-10
01-9691-59-15-2-58-15-00021-7102-000001-00002-24-1102-01-1791-8002
2008.1971.10.2011.42.20,000.100,000.2017.12,000.51.85.2.51.95.1969.10
01.9691.59.15.2.58.15.000,21.7102.000,001.000,02.24.1102.01.1791.8002
2008.1971.10.2011.42.20000.100000.2017.12000.51.85.2.51.95.1969.10
01.9691.59.15.2.58.15.00021.7102.000001.00002.24.1102.01.1791.8002
2008 / 1971 / 10 / 2011 / 42 / 20,000 / 100,000 / 2017 / 12,000 / 51 / 85 / 2 / 51 / 95 / 1969 / 10
01 / 9691 / 59 / 15 / 2 / 58 / 15 / 000,21 / 7102 / 000,001 / 000,02 / 24 / 1102 / 01 / 1791 / 8002
2008 / 1971 / 10 / 2011 / 42 / 20000 / 100000 / 2017 / 12000 / 51 / 85 / 2 / 51 / 95 / 1969 / 10
01 / 9691 / 59 / 15 / 2 / 58 / 15 / 00021 / 7102 / 000001 / 00002 / 24 / 1102 / 01 / 1791 / 8002
2008  1971  10  2011  42  20,000  100,000  2017  12,000  51  85  2  51  95  1969  10
01  9691  59  15  2  58  15  000,21  7102  000,001  000,02  24  1102  01  1791  8002
2008  1971  10  2011  42  20000  100000  2017  12000  51  85  2  51  95  1969  10
01  9691  59  15  2  58  15  00021  7102  000001  00002  24  1102  01  1791  8002
2008 post-1971 10years 2011 42% 20,000 100,000 2017 12,000 51% $85 BILLION $2 trillion 51% 95% 1969 10 years
sraey 01 9691 %59 %15 noillirt 2$ NOILLIB 58$ %15 000,21 7102 000,001 000,02 %24 1102 sraey01 1791-tsop 8002
2008 post-1971 10years 2011 42% 20,000 100,000 2017 12,000 51% $85 billion $2 trillion 51% 95% 1969 10 years
2008 POST-1971 10YEARS 2011 42% 20,000 100,000 2017 12,000 51% $85 BILLION $2 TRILLION 51% 95% 1969 10 YEARS
1 85 2
2 58 1
1,85,2
2,58,1
1, 85, 2
2 ,58 ,1
1-85-2
2-58-1
1.85.2
2.58.1
1 / 85 / 2
2 / 58 / 1
1  85  2
2  58  1
$1 billion $85 BILLION $2 trillion
noillirt 2$ NOILLIB 58$ noillib 1$
$1 billion $85 billion $2 trillion
$1 BILLION $85 BILLION $2 TRILLION
2008 1 1 1
1 1 1 8002
2008,1,1,1
1,1,1,8002
2008, 1, 1, 1
1 ,1 ,1 ,8002
2008-1-1-1
1-1-1-8002
2008.1.1.1
1.1.1.8002
2008 / 1 / 1 / 1
1 / 1 / 1 / 8002
2008  1  1  1
1  1  1  8002
2008 Layer 1 Layer 1 Layer 1
1 reyaL 1 reyaL 1 reyaL 8002
2008 layer 1 layer 1 layer 1
2008 LAYER 1 LAYER 1 LAYER 1
1971 10 1 2011 1
1 1102 1 01 1791
1971,10,1,2011,1
1,1102,1,01,1791
1971, 10, 1, 2011, 1
1 ,1102 ,1 ,01 ,1791
1971-10-1-2011-1
1-1102-1-01-1791
1971.10.1.2011.1
1.1102.1.01.1791
1971 / 10 / 1 / 2011 / 1
1 / 1102 / 1 / 01 / 1791
1971  10  1  2011  1
1  1102  1  01  1791
post-1971 10years $1 2011 $1 billion
noillib 1$ 1102 1$ sraey01 1791-tsop
POST-1971 10YEARS $1 2011 $1 BILLION
42 20,000 100,000 2017 12,000 51
15 000,21 7102 000,001 000,02 24
42 20000 100000 2017 12000 51
15 00021 7102 000001 00002 24
42,20,000,100,000,2017,12,000,51
15,000,21,7102,000,001,000,02,24
42,20000,100000,2017,12000,51
15,00021,7102,000001,00002,24
42, 20,000, 100,000, 2017, 12,000, 51
15 ,000,21 ,7102 ,000,001 ,000,02 ,24
42, 20000, 100000, 2017, 12000, 51
15 ,00021 ,7102 ,000001 ,00002 ,24
42-20,000-100,000-2017-12,000-51
15-000,21-7102-000,001-000,02-24
42-20000-100000-2017-12000-51
15-00021-7102-000001-00002-24
42.20,000.100,000.2017.12,000.51
15.000,21.7102.000,001.000,02.24
42.20000.100000.2017.12000.51
15.00021.7102.000001.00002.24
42 / 20,000 / 100,000 / 2017 / 12,000 / 51
15 / 000,21 / 7102 / 000,001 / 000,02 / 24
42 / 20000 / 100000 / 2017 / 12000 / 51
15 / 00021 / 7102 / 000001 / 00002 / 24
42  20,000  100,000  2017  12,000  51
15  000,21  7102  000,001  000,02  24
42  20000  100000  2017  12000  51
15  00021  7102  000001  00002  24
42% 20,000 100,000 2017 12,000 51%
%15 000,21 7102 000,001 000,02 %24
85 2
2 58
85,2
2,58
85, 2
2 ,58
85-2
2-58
85.2
2.58
85 / 2
2 / 58
85  2
2  58
$85 BILLION $2 trillion
noillirt 2$ NOILLIB 58$
$85 billion $2 trillion
$85 BILLION $2 TRILLION
51 95 1969 10
01 9691 59 15
51,95,1969,10
01,9691,59,15
51, 95, 1969, 10
01 ,9691 ,59 ,15
51-95-1969-10
01-9691-59-15
51.95.1969.10
01.9691.59.15
51 / 95 / 1969 / 10
01 / 9691 / 59 / 15
51  95  1969  10
01  9691  59  15
51% 95% 1969 10 years
sraey 01 9691 %59 %15
51% 95% 1969 10 YEARS
2008Layer 1Layer 1Layer 1post-197110years$12011$1 billion42%20,000100,000201712,00051%$85 BILLION$2 trillion51%95%196910 years
sraey 019691%59%15noillirt 2$NOILLIB 58$%15000,217102000,001000,02%24noillib 1$11021$sraey011791-tsop1 reyaL1 reyaL1 reyaL8002
2008 1 1 1 Forty 1971 10 1 2011 1 42 20,000 100,000 six 2017 12,000 first 51 first 85 2 51 95 zero first 1969 10
01 9691 tsrif orez 59 15 2 58 tsrif 15 tsrif 000,21 7102 xis 000,001 000,02 24 1 1102 1 01 1791 ytroF 1 1 1 8002
200811140197110120111422000010000062017120001511852519501196910
019691105915258115100021710260000010000224111021011791041118002
2008 1 1 1 40 1971 10 1 2011 1 42 20000 100000 6 2017 12000 1 51 1 85 2 51 95 0 1 1969 10
01 9691 1 0 59 15 2 58 1 15 1 00021 7102 6 000001 00002 24 1 1102 1 01 1791 04 1 1 1 8002
2008 1971 42% 20,000 100,000 2017 12,000 51% 95% $1 billion $85 billion $2 trillion 10 years 1969 2011 40 years
2008197142200001000002017120005195128510169692011 40
0000000020081111971101201114220000100000201712000518525195196910
0196915915258150002171020000010000224111021011791111800200000000
2008111197110120111422000010000020171200051852519519691000000000
0000000001969159152581500021710200000100002241110210117911118002
2008111197110120111422000010000020171200051852519519691020081111
1111800201969159152581500021710200000100002241110210117911118002
000000000000000000d1a81660e13df5c51471d5d7414b5d301453a087d119ee
ee911d780a354103d5b4147d5d17415c5fd31e06618a1d000000000000000000
000000000000000000D1A81660E13DF5C51471D5D7414B5D301453A087D119EE
EE911D780A354103D5B4147D5D17415C5FD31E06618A1D000000000000000000
0196915915258150002171020000010000224111021011791111800201969159
9519691020081111971101201114220000100000201712000518525195196910
000000000000000000148f195e10c17267f21eed26971a48d604c211e72300b2
2b00327e112c406d84a17962dee12f76271c01e591f841000000000000000000
000000000000000000148F195E10C17267F21EED26971A48D604C211E72300B2
2B00327E112C406D84A17962DEE12F76271C01E591F841000000000000000000
0000000000020081971101201114220000100000201712000518525195196910
0196915915258150002171020000010000224111021011791800200000000000
2008197110120111422000010000020171200051852519519691000000000000
0000000000001969159152581500021710200000100002241110210117918002
2008197110120111422000010000020171200051852519519691020081971101
1011791800201969159152581500021710200000100002241110210117918002
0000000000000000000035aca46878a7dad949c43dad01eaa12e53a087d119ee
ee911d780a35e21aae10dad34c949dad7a87864aca5300000000000000000000
0000000000000000000035ACA46878A7DAD949C43DAD01EAA12E53A087D119EE
EE911D780A35E21AAE10DAD34C949DAD7A87864ACA5300000000000000000000
0196915915258150002171020000010000224111021011791800201969159152
2519519691020081971101201114220000100000201712000518525195196910
0000000000000000000005435a7649ebe3f1a66e5130ca85b47021fc6f145d32
23d541f6cf12074b58ac0315e66a1f3ebe9467a5345000000000000000000000
0000000000000000000005435A7649EBE3F1A66E5130CA85B47021FC6F145D32
23D541F6CF12074B58AC0315E66A1F3EBE9467A5345000000000000000000000
0000000000200811119711201114220000100000201712000518525195196910
0196915915258150002171020000010000224111021179111180020000000000
2008111197112011142200001000002017120005185251951969100000000000
0000000000019691591525815000217102000001000022411102117911118002
2008111197112011142200001000002017120005185251951969102008111197
7911118002019691591525815000217102000001000022411102117911118002
0000000000000000000218b88b3575fd8aacb20f58c22a60459d1ba087d119ee
ee911d780ab1d95406a22c85f02bcaa8df5753b88b8120000000000000000000
0000000000000000000218B88B3575FD8AACB20F58C22A60459D1BA087D119EE
EE911D780AB1D95406A22C85F02BCAA8DF5753B88B8120000000000000000000
0196915915258150002171020000010000224111021179111180020196915915
5195196910200811119711201114220000100000201712000518525195196910
0000000000000000000034a1889ee336e770804f2be7e9390c6153e03c18c0b2
2b0c81c30e3516c0939e7eb2f408077e633ee9881a4300000000000000000000
0000000000000000000034A1889EE336E770804F2BE7E9390C6153E03C18C0B2
2B0C81C30E3516C0939E7EB2F408077E633EE9881A4300000000000000000000
0000000000000200819711201114220000100000201712000518525195196910
0196915915258150002171020000010000224111021179180020000000000000
2008197112011142200001000002017120005185251951969100000000000000
0000000000000019691591525815000217102000001000022411102117918002
2008197112011142200001000002017120005185251951969102008197112011
1102117918002019691591525815000217102000001000022411102117918002
000000000000000000000089680b4b0eaebb76c77d9f6714e2e79ba087d119ee
ee911d780ab97e2e4176f9d77c67bbeae0b4b086980000000000000000000000
000000000000000000000089680B4B0EAEBB76C77D9F6714E2E79BA087D119EE
EE911D780AB97E2E4176F9D77C67BBEAE0B4B086980000000000000000000000
0196915915258150002171020000010000224111021179180020196915915258
8525195196910200819711201114220000100000201712000518525195196910
00000000000000000000000d793980bd3d28d1063921c495d12a14d1e3637532
2357363e1d41a21d594c1293601d82d3db089397d00000000000000000000000
00000000000000000000000D793980BD3D28D1063921C495D12A14D1E3637532
2357363E1D41A21D594C1293601D82D3DB089397D00000000000000000000000
0000000000000000000000000000000000000000000020081971201120171969
9691710211021791800200000000000000000000000000000000000000000000
2008197120112017196900000000000000000000000000000000000000000000
0000000000000000000000000000000000000000000096917102110217918002
2008197120112017196920081971201120171969200819712011201719692008
8002969171021102179180029691710211021791800296917102110217918002
00000000000000000000000000000000000000000000000116b17e68986477c1
1c77468986e71b61100000000000000000000000000000000000000000000000
00000000000000000000000000000000000000000000000116B17E68986477C1
1C77468986E71B61100000000000000000000000000000000000000000000000
9691710211021791800296917102110217918002969171021102179180029691
1969200819712011201719692008197120112017196920081971201120171969
00000000000000000000000000000000000000000000000540feb6e163ccd632
236dcc361e6bef04500000000000000000000000000000000000000000000000
00000000000000000000000000000000000000000000000540FEB6E163CCD632
236DCC361E6BEF04500000000000000000000000000000000000000000000000
0000000000000000000000000000000000000000000000000000000042515195
5915152400000000000000000000000000000000000000000000000000000000
4251519500000000000000000000000000000000000000000000000000000000
0000000000000000000000000000000000000000000000000000000059151524
4251519542515195425151954251519542515195425151954251519542515195
5915152459151524591515245915152459151524591515245915152459151524
000000000000000000000000000000000000000000000000000000000288bafb
bfab882000000000000000000000000000000000000000000000000000000000
000000000000000000000000000000000000000000000000000000000288BAFB
BFAB882000000000000000000000000000000000000000000000000000000000
00000000000000000000000000000000000000000000000000000000038694a4
4a49683000000000000000000000000000000000000000000000000000000000
00000000000000000000000000000000000000000000000000000000038694A4
4A49683000000000000000000000000000000000000000000000000000000000
0000000000000000000000000000000000000000000000000000000000011852
2581100000000000000000000000000000000000000000000000000000000000
1185200000000000000000000000000000000000000000000000000000000000
0000000000000000000000000000000000000000000000000000000000025811
1185211852118521185211852118521185211852118521185211852118521185
5811258112581125811258112581125811258112581125811258112581125811
0000000000000000000000000000000000000000000000000000000000002e4c
c4e2000000000000000000000000000000000000000000000000000000000000
0000000000000000000000000000000000000000000000000000000000002E4C
C4E2000000000000000000000000000000000000000000000000000000000000
2581125811258112581125811258112581125811258112581125811258112581
1852118521185211852118521185211852118521185211852118521185211852
00000000000000000000000000000000000000000000000000000000000064d3
3d46000000000000000000000000000000000000000000000000000000000000
00000000000000000000000000000000000000000000000000000000000064D3
3D46000000000000000000000000000000000000000000000000000000000000
2008111197110120111422000010000020171200051852519519691076841714
4171486701969159152581500021710200000100002241110210117911118002
7684171420081111971101201114220000100000201712000518525195196910
0196915915258150002171020000010000224111021011791111800241714867
200811119711012011142200001000002017120005185251951969107684171412
214171486701969159152581500021710200000100002241110210117911118002
122008111197110120111422000010000020171200051852519519691076841714
417148670196915915258150002171020000010000224111021011791111800221
200811119711012011142200001000002017120005185251951969101276841714
417148672101969159152581500021710200000100002241110210117911118002
CL2008111197110120111422000010000020171200051852519519691076841714A
A4171486701969159152581500021710200000100002241110210117911118002LC
2008111197110120111422000010000020171200051852519519691041714867
7684171401969159152581500021710200000100002241110210117911118002
4171486720081111971101201114220000100000201712000518525195196910
0196915915258150002171020000010000224111021011791111800276841714
200811119711012011142200001000002017120005185251951969104171486712
217684171401969159152581500021710200000100002241110210117911118002
122008111197110120111422000010000020171200051852519519691041714867
768417140196915915258150002171020000010000224111021011791111800221
200811119711012011142200001000002017120005185251951969101241714867
768417142101969159152581500021710200000100002241110210117911118002
CL2008111197110120111422000010000020171200051852519519691041714867A
A7684171401969159152581500021710200000100002241110210117911118002LC
019691591525815000217102000001000022411102101179111180027684171412
214171486720081111971101201114220000100000201712000518525195196910
120196915915258150002171020000010000224111021011791111800276841714
417148672008111197110120111422000010000020171200051852519519691021
019691591525815000217102000001000022411102101179111180021276841714
417148672120081111971101201114220000100000201712000518525195196910
CL0196915915258150002171020000010000224111021011791111800276841714A
A4171486720081111971101201114220000100000201712000518525195196910LC
019691591525815000217102000001000022411102101179111180024171486712
217684171420081111971101201114220000100000201712000518525195196910
120196915915258150002171020000010000224111021011791111800241714867
768417142008111197110120111422000010000020171200051852519519691021
019691591525815000217102000001000022411102101179111180021241714867
768417142120081111971101201114220000100000201712000518525195196910
CL0196915915258150002171020000010000224111021011791111800241714867A
A7684171420081111971101201114220000100000201712000518525195196910LC
2008197110120111422000010000020171200051852519519691076841714
4171486701969159152581500021710200000100002241110210117918002
7684171420081971101201114220000100000201712000518525195196910
0196915915258150002171020000010000224111021011791800241714867
200819711012011142200001000002017120005185251951969107684171412
214171486701969159152581500021710200000100002241110210117918002
122008197110120111422000010000020171200051852519519691076841714
417148670196915915258150002171020000010000224111021011791800221
200819711012011142200001000002017120005185251951969101276841714
417148672101969159152581500021710200000100002241110210117918002
CL2008197110120111422000010000020171200051852519519691076841714A
A4171486701969159152581500021710200000100002241110210117918002LC
0002008197110120111422000010000020171200051852519519691076841714
2008197110120111422000010000020171200051852519519691041714867
7684171401969159152581500021710200000100002241110210117918002
4171486720081971101201114220000100000201712000518525195196910
0196915915258150002171020000010000224111021011791800276841714
200819711012011142200001000002017120005185251951969104171486712
217684171401969159152581500021710200000100002241110210117918002
122008197110120111422000010000020171200051852519519691041714867
768417140196915915258150002171020000010000224111021011791800221
200819711012011142200001000002017120005185251951969101241714867
768417142101969159152581500021710200000100002241110210117918002
CL2008197110120111422000010000020171200051852519519691041714867A
A7684171401969159152581500021710200000100002241110210117918002LC
0002008197110120111422000010000020171200051852519519691041714867
20081111971120111422000010000020171200051852519519691076841714
41714867019691591525815000217102000001000022411102117911118002
76841714200811119711201114220000100000201712000518525195196910
01969159152581500021710200000100002241110211791111800241714867
2008111197112011142200001000002017120005185251951969107684171412
2141714867019691591525815000217102000001000022411102117911118002
1220081111971120111422000010000020171200051852519519691076841714
4171486701969159152581500021710200000100002241110211791111800221
2008111197112011142200001000002017120005185251951969101276841714
4171486721019691591525815000217102000001000022411102117911118002
CL20081111971120111422000010000020171200051852519519691076841714A
A41714867019691591525815000217102000001000022411102117911118002LC
0020081111971120111422000010000020171200051852519519691076841714
20081111971120111422000010000020171200051852519519691041714867
76841714019691591525815000217102000001000022411102117911118002
41714867200811119711201114220000100000201712000518525195196910
01969159152581500021710200000100002241110211791111800276841714
2008111197112011142200001000002017120005185251951969104171486712
2176841714019691591525815000217102000001000022411102117911118002
1220081111971120111422000010000020171200051852519519691041714867
7684171401969159152581500021710200000100002241110211791111800221
2008111197112011142200001000002017120005185251951969101241714867
7684171421019691591525815000217102000001000022411102117911118002
CL20081111971120111422000010000020171200051852519519691041714867A
A76841714019691591525815000217102000001000022411102117911118002LC
0020081111971120111422000010000020171200051852519519691041714867
73747576777879
97877767574737
73-74-75-76-77-78-79
97-87-77-67-57-47-37
73 74 75 76 77 78 79
97 87 77 67 57 47 37
73-79
97-37
7379
9737
IJKLMNO
ONMLKJI
ijklmno
onmlkji
3456789
9876543
7374757677787920081111971101201114220000100000201712000518525195196910
0196915915258150002171020000010000224111021011791111800297877767574737
2008111197110120111422000010000020171200051852519519691073747576777879
9787776757473701969159152581500021710200000100002241110210117911118002
9787776757473720081111971101201114220000100000201712000518525195196910
0196915915258150002171020000010000224111021011791111800273747576777879
2008111197110120111422000010000020171200051852519519691097877767574737
7374757677787901969159152581500021710200000100002241110210117911118002
IJKLMNO20081111971101201114220000100000201712000518525195196910
01969159152581500021710200000100002241110210117911118002ONMLKJI
20081111971101201114220000100000201712000518525195196910IJKLMNO
ONMLKJI01969159152581500021710200000100002241110210117911118002
7374757677787920081971101201114220000100000201712000518525195196910
0196915915258150002171020000010000224111021011791800297877767574737
2008197110120111422000010000020171200051852519519691073747576777879
9787776757473701969159152581500021710200000100002241110210117918002
9787776757473720081971101201114220000100000201712000518525195196910
0196915915258150002171020000010000224111021011791800273747576777879
2008197110120111422000010000020171200051852519519691097877767574737
7374757677787901969159152581500021710200000100002241110210117918002
IJKLMNO20081971101201114220000100000201712000518525195196910
01969159152581500021710200000100002241110210117918002ONMLKJI
20081971101201114220000100000201712000518525195196910IJKLMNO
ONMLKJI01969159152581500021710200000100002241110210117918002
7374757677787976841714
4171486797877767574737
737475767778792008111197110120111422000010000020171200051852519519691076841714
417148670196915915258150002171020000010000224111021011791111800297877767574737
000001118b82d9f0969cce5477d4508e91ef3a80963f3987a71453a087d119ee
211111121421215825911
119528512124121111112
811110111200701521590
095125107002111011118
211242121585911
119585121242112
201111910120142201020125185251951910
019159152581521020102241021019111102
081117110111142000017005185251956910
019659152581500710000241111011711180
20011119710120114220010020112051852519519610
01691591525815021102001002241102101791111002
00811197110101114200000001700051852519596910
01969591525815000710000000241110101179111800
222
200
002
211111121421215825911211111121421215825911211111121421215825911
20081971428551
15582417918002
1151210
0121511
d8010101b30a01db012a20a0e1e0335502335fb10a
a01bf5332055330e1e0a02a210bd10a03b1010108d
D8010101B30A01DB012A20A0E1E0335502335FB10A
A01BF5332055330E1E0A02A210BD10A03B1010108D
0ab15f33025533e0e1a0202a01db010ab3010101d8
8d1010103ba010bd10a2020a1e0e33552033f51ba0
0AB15F33025533E0E1A0202A01DB010AB3010101D8
8D1010103BA010BD10A2020A1E0E33552033F51BA0
d8b30a01db012a20a0e1e0335502335fb10a
a01bf5332055330e1e0a02a210bd10a03b8d
D8B30A01DB012A20A0E1E0335502335FB10A
A01BF5332055330E1E0A02A210BD10A03B8D
0ab15f33025533e0e1a0202a01db010ab3d8
8d3ba010bd10a2020a1e0e33552033f51ba0
0AB15F33025533E0E1A0202A01DB010AB3D8
8D3BA010BD10A2020A1E0E33552033F51BA0
*33_
_33*
2a33335f
f53333a2
2A33335F
F53333A2
5f33332a
a23333f5
5F33332A
A23333F5
01015502
20551010
02550101
10105520
Ø³Ûá±
±áÛ³Ø
d8b3dbe1b1
1b1ebd3b8d
D8B3DBE1B1
1B1EBD3B8D
b1e1dbb3d8
8d3bbd1e1b
B1E1DBB3D8
8D3BBD1E1B
GBBBVKBJBQGEPOZHCZRTK
KTRZCHZOPEGQBJBKVBBBG
gbbbvkbjbqgepozhczrtk
ktrzchzopegqbjbkvbbbg
FAAAUJAIAPFDONYGBYQSJ
JSQYBGYNODFPAIAJUAAAF
faaaujaiapfdonygbyqsj
jsqybgynodfpaiajuaaaf
GVKBJBQGEPOZHCZRTK
KTRZCHZOPEGQBJBKVG
gvkbjbqgepozhczrtk
ktrzchzopegqbjbkvg
FUJAIAPFDONYGBYQSJ
JSQYBGYNODFPAIAJUF
fujaiapfdonygbyqsj
jsqybgynodfpaiajuf
QZZR
RZZQ
qzzr
rzzq
PYYQ
QYYP
pyyq
qyyp
BBHC
CHBB
bbhc
chbb
AAGB
BGAA
aagb
bgaa
GVJPT
TPJVG
gvjpt
tpjvg
FUIOS
SOIUF
fuios
soiuf
494a4b4c4d4e4f
f4e4d4c4b4a494
494A4B4C4D4E4F
F4E4D4C4B4A494
UVWXYZA
AZYXWVU
-2007001970-1961-92010-2010411995880000-979839983-1194934-8349441874-1959
9591-4781449438-4394911-389938979-0000885991140102-01029-1691-0791007002-
-2007 0 0 1970 -1961 -9 2010 -2010 41 19958 80000 -97983 9983 -11949 34 -83 49 44 1874 -1959
9591- 4781 44 94 38- 43 94911- 3899 38979- 00008 85991 14 0102- 0102 9- 1691- 0791 0 0 7002-
20070019701961920102010411995880000979839983119493483494418741959
95914781449438439491138993897900008859911401020102916910791007002
-37406-48
84-60473-
-37 40 6 -48
84- 6 04 73-
23736
63732
19691971200820112017
71021102800217919691
1969 1971 2008 2011 2017
7102 1102 8002 1791 9691
20172011200819711969
96911791800211027102
1111971101201114220000100000201712000518525195196910
2008
111971101201114220000100000201712000518525195196910
20081
11971101201114220000100000201712000518525195196910
200811
1971101201114220000100000201712000518525195196910
101201114220000100000201712000518525195196910
20081111971
1201114220000100000201712000518525195196910
2008111197110
201114220000100000201712000518525195196910
20081111971101
14220000100000201712000518525195196910
200811119711012011
4220000100000201712000518525195196910
2008111197110120111
20000100000201712000518525195196910
200811119711012011142
100000201712000518525195196910
20081111971101201114220000
201712000518525195196910
20081111971101201114220000100000
12000518525195196910
200811119711012011142200001000002017
518525195196910
20081111971101201114220000100000201712000
8525195196910
2008111197110120111422000010000020171200051
25195196910
200811119711012011142200001000002017120005185
2008111197110120111422000010000020171200051852
95196910
200811119711012011142200001000002017120005185251
196910
20081111971101201114220000100000201712000518525195
10
200811119711012011142200001000002017120005185251951969
142327
239
9976
532
127
133840462489119883310647680000000000000000
00000000000000000000000000000189525f72a5db14313d54e3177fbdc00000
56
21
as the the the first the the shitcoins the central Toxic fully it The the stock bitter the The be the
eht eb ehT eht rettib kcots eht ehT ti ylluf cixoT lartnec eht snioctihs eht eht tsrif eht eht eht sa
as the the the first the the shitcoins the central toxic fully it the the stock bitter the the be the
atttfttstcTfiTtsbtTbt
atttfttstctfittsbttbt
heeeoteeeocgtelYrleyt
tyelrYletgcoeeetoeeeh
heeeoteeeocgtelyrleyt
ttttdatDtTtGwStwRtWda
I and and and the conquers and buying and souls Genesis sight He's since experience is peace experience each loan conquers
sreuqnoc naol hcae ecneirepxe ecaep si ecneirepxe ecnis s'eH thgis siseneG sluos dna gniyub dna sreuqnoc eht dna dna dna I
i and and and the conquers and buying and souls genesis sight he's since experience is peace experience each loan conquers
IaaatcabasGsHseipeelc
iaaatcabasgshseipeelc
avvvaevrveaonnctocpae
eapcotcnnoaevrveavvva
And Here's Here's Here's the to Here's starves Here's the Bitcoin to death lie are terrorists the are Dimon might to
ot thgim nomiD era eht stsirorret era eil htaed ot nioctiB eht s'ereH sevrats s'ereH ot eht s'ereH s'ereH s'ereH dnA
and here's here's here's the to here's starves here's the bitcoin to death lie are terrorists the are dimon might to
AHHHttHsHtBtdlattaDmt
ahhhtthshtbtdlattadmt
cHHHFiHsHtlearayeakei
iekaeyaraeltHsHiFHHHc
chhhfihshtlearayeakei
IHHHatHNHhoahBHItH(Bt
tweeted love love love IMF fear love the love back Block In taunting I in the and in other and fear
raef dna rehto ni dna eht ni I gnitnuat nI kcolB kcab evol eht evol raef FMI evol evol evol deteewt
tweeted love love love imf fear love the love back block in taunting i in the and in other and fear
tlllIfltlbBItIitaioaf
tlllifltlbbitiitaioaf
neeedaesernnddoavoyna
anyovaoddnnreseadeeen
as first the the shitcoins the central Toxic fully it The the stock bitter the The be the
eht eb ehT eht rettib kcots eht ehT ti ylluf cixoT lartnec eht snioctihs eht eht tsrif sa
as first the the shitcoins the central toxic fully it the the stock bitter the the be the
afttstcTfiTtsbtTbt
afttstctfittsbttbt
hoteeeocgtelYrleyt
tyelrYletgcoeeetoh
hoteeeocgtelyrleyt
tdatDtTtGwStwRtWda
I the conquers and buying and souls Genesis sight He's since experience is peace experience each loan conquers
sreuqnoc naol hcae ecneirepxe ecaep si ecneirepxe ecnis s'eH thgis siseneG sluos dna gniyub dna sreuqnoc eht I
i the conquers and buying and souls genesis sight he's since experience is peace experience each loan conquers
ItcabasGsHseipeelc
itcabasgshseipeelc
aaevrveaonnctocpae
eapcotcnnoaevrveaa
And the to Here's starves Here's the Bitcoin to death lie are terrorists the are Dimon might to
ot thgim nomiD era eht stsirorret era eil htaed ot nioctiB eht s'ereH sevrats s'ereH ot eht dnA
and the to here's starves here's the bitcoin to death lie are terrorists the are dimon might to
AttHsHtBtdlattaDmt
atthshtbtdlattadmt
cFiHsHtlearayeakei
iekaeyaraeltHsHiFc
cfihshtlearayeakei
IatHNHhoahBHItH(Bt
tweeted IMF fear love the love back Block In taunting I in the and in other and fear
raef dna rehto ni dna eht ni I gnitnuat nI kcolB kcab evol eht evol raef FMI deteewt
tweeted imf fear love the love back block in taunting i in the and in other and fear
tIfltlbBItIitaioaf
tifltlbbitiitaioaf
ndaesernnddoavoyna
anyovaoddnnreseadn
as first shitcoins it be
eb ti snioctihs tsrif sa
afsib
hoety
yteoh
to cash in by riding Bitcoins coattails that give it a bad name. drops to near zero because our natural tendency toward Don't fall for shitcoinery. weren't true. Anything worth hearing is hard to listen drops by 95% or more. That's right, Bitcoin will take
tdDwd
I the buying He's loan
naol s'eH gniyub eht I
i the buying he's loan
ItbHl
itbhl
aarna
anraa
or gold - the overall energy consumption, even while Look, toxicity is Layer 1 of the protocol. economy to a peace and love economy, the efficiencies Bitcoin fills the gap with love; our most natural tendency if given a chance. that's ever been invented or discovered.
And the starves death might
thgim htaed sevrats eht dnA
and the starves death might
Atsdm
atsdm
cFsae
easFc
cfsae
It's only the language of the shameless opportunists trying all the energy. In so doing, our energy consumption Now he's slinging proof of stake at the mEthereum lab. hands in the muck of Bitcoin's rabbit hole if this Bitcoin makes its 51% attack on global energy supply,
IaNhB
tweeted IMF the taunting and
dna gnitnuat eht FMI deteewt
tweeted imf the taunting and
tItta
titta
ndsdn
Bitcoin makes its 51% attack on global energy supply, Fact:        It's Layer 1 for every great thing of love - because bitcoin is infinitely more efficient The warmongers will start mining bitcoin for sure. It's only the language of the shameless opportunists trying
central the the The
ehT eht eht lartnec
central the the the
cttT
cttt
olle
ello
The collective unconscious, controlled now by psychotic trolling the International Monetary Fund (IMF) on Twitter? trolling the International Monetary Fund (IMF) on Twitter? We've never had an economy and a money
TttW
souls experience experience each
hcae ecneirepxe ecneirepxe sluos
seee
eccp
pcce
love is infinitely more efficient than hate and war. And as bitcoin starves shitcoins, fiat and gold to death, And as bitcoin starves shitcoins, fiat and gold to death, puts an end to the paper chase Manhattan Bank money
the are are Dimon
nomiD era era eht
the are are dimon
taaD
taad
taak
kaat
have dulled shitcoiners' and nocoiners' minds. Have you seen the president of El Salvador Have you seen the president of El Salvador (Elvis Costello was right).
hHH(
back in in other
rehto ni ni kcab
biio
rooy
yoor
I listen to these eggheads - Michael Saylor, Nic Carter, it simultaneously demonetizes war, violence, hatred and it simultaneously demonetizes war, violence, hatred and laundering lobotomy. It's a stun gun to the genitals.
the the stock bitter
rettib kcots eht eht
ttsb
eeYr
rYee
eeyr
to the Global Financial Crisis of 2008. It caused it. to the Global Financial Crisis of 2008. It caused it. why, and this might be the first time you're hearing this, Really?          Yes.
ttwR
and and is peace
ecaep si dna dna
aaip
vvto
otvv
- the agony and ecstasy - as Bitcoin conquers fear - the agony and ecstasy - as Bitcoin conquers fear billions worth of future bitcoin earnings We've seen some shit. Happy to share it all with you
Here's Here's terrorists the
eht stsirorret s'ereH s'ereH
here's here's terrorists the
HHtt
hhtt
HHye
eyHH
hhye
Here's the bitter truth. Bitcoin was not a reaction Here's the bitter truth. Bitcoin was not a reaction It's a guaranteed, mathematical certainty. Let me explain to the Global Financial Crisis of 2008. It caused it.
HHIt
love love the and
dna eht evol evol
llta
eeav
vaee
and hate and replaces it with peace and love. and hate and replaces it with peace and love. collateralized "Volcano Bonds" to pay off the IMF - the agony and ecstasy - as Bitcoin conquers fear
120001119520000121200811969142421142100000220000
12,0001119520,000121200811969142421142100,000220,000
12,000 Layer 1 Layer 1 Layer 1 95% 20,000 Layer 1 $2 trillion Layer 1 2008 $1 billion 1969 Layer 1 42% 42% Layer 1 Layer 1 42% 100,000 $2 trillion 20,000
20172008200820085142200885200810201195200811200811200008542
2017200820082008514220088520081020119520081120081120,0008542
2017 2008 2008 2008 51% 42% 2008 $85 BILLION 2008 10 years 2011 95% 2008 $1 billion $1 billion 2008 Layer 1 $1 billion 20,000 $85 BILLION 42%
tmmmwGmTmIbhFAILLI($G
$TTTtLTiTFGFLwbKmbTAL
The numbers don't lie.
.eil t'nod srebmun ehT
The numbers don't lie. 20081111971101201114220000100000201712000518525195196910
20081111971101201114220000100000201712000518525195196910 The numbers don't lie.
The numbers don't lie.20081111971101201114220000100000201712000518525195196910
The numbers don't lie
eil t'nod srebmun ehT
The numbers don't lie 20081111971101201114220000100000201712000518525195196910
20081111971101201114220000100000201712000518525195196910 The numbers don't lie
The numbers don't lie20081111971101201114220000100000201712000518525195196910
the numbers don't lie
eil t'nod srebmun eht
the numbers don't lie 20081111971101201114220000100000201712000518525195196910
20081111971101201114220000100000201712000518525195196910 the numbers don't lie
the numbers don't lie20081111971101201114220000100000201712000518525195196910
THE NUMBERS DON'T LIE
EIL T'NOD SREBMUN EHT
THE NUMBERS DON'T LIE 20081111971101201114220000100000201712000518525195196910
20081111971101201114220000100000201712000518525195196910 THE NUMBERS DON'T LIE
THE NUMBERS DON'T LIE20081111971101201114220000100000201712000518525195196910
A private key is a number.
.rebmun a si yek etavirp A
A private key is a number. 20081111971101201114220000100000201712000518525195196910
20081111971101201114220000100000201712000518525195196910 A private key is a number.
A private key is a number.20081111971101201114220000100000201712000518525195196910
The numerals in the column
nmuloc eht ni slaremun ehT
The numerals in the column 20081111971101201114220000100000201712000518525195196910
20081111971101201114220000100000201712000518525195196910 The numerals in the column
The numerals in the column20081111971101201114220000100000201712000518525195196910
Layer 1
1 reyaL
Layer 1 20081111971101201114220000100000201712000518525195196910
20081111971101201114220000100000201712000518525195196910 Layer 1
Layer 120081111971101201114220000100000201712000518525195196910
Layer 1 Layer 1 Layer 1
1 reyaL 1 reyaL 1 reyaL
Layer 1 Layer 1 Layer 1 20081111971101201114220000100000201712000518525195196910
20081111971101201114220000100000201712000518525195196910 Layer 1 Layer 1 Layer 1
Layer 1 Layer 1 Layer 120081111971101201114220000100000201712000518525195196910
layer1layer1layer1
1reyal1reyal1reyal
layer1layer1layer1 20081111971101201114220000100000201712000518525195196910
20081111971101201114220000100000201712000518525195196910 layer1layer1layer1
layer1layer1layer120081111971101201114220000100000201712000518525195196910
They discount stuff in advance.
.ecnavda ni ffuts tnuocsid yehT
They discount stuff in advance. 20081111971101201114220000100000201712000518525195196910
20081111971101201114220000100000201712000518525195196910 They discount stuff in advance.
They discount stuff in advance.20081111971101201114220000100000201712000518525195196910
protocol.
.locotorp
protocol. 20081111971101201114220000100000201712000518525195196910
20081111971101201114220000100000201712000518525195196910 protocol.
protocol.20081111971101201114220000100000201712000518525195196910
It's a guaranteed, mathematical certainty.
.ytniatrec lacitamehtam ,deetnaraug a s'tI
It's a guaranteed, mathematical certainty. 20081111971101201114220000100000201712000518525195196910
20081111971101201114220000100000201712000518525195196910 It's a guaranteed, mathematical certainty.
It's a guaranteed, mathematical certainty.20081111971101201114220000100000201712000518525195196910
20081111971101201114220000100000201712000518525195196910The numbers don't lie.
The numbers don't lie.01969159152581500021710200000100002241110210117911118002
01969159152581500021710200000100002241110210117911118002The numbers don't lie.
The numbers don't lie. 01969159152581500021710200000100002241110210117911118002
The numbers don't lie.73747576777879
73747576777879The numbers don't lie.
The numbers don't lie. 73747576777879
The numbers don't lie.7374757677787920081111971101201114220000100000201712000518525195196910
7374757677787920081111971101201114220000100000201712000518525195196910The numbers don't lie.
The numbers don't lie. 7374757677787920081111971101201114220000100000201712000518525195196910
20081111971101201114220000100000201712000518525195196910Layer 1
Layer 101969159152581500021710200000100002241110210117911118002
01969159152581500021710200000100002241110210117911118002Layer 1
Layer 1 01969159152581500021710200000100002241110210117911118002
Layer 173747576777879
73747576777879Layer 1
Layer 1 73747576777879
Layer 17374757677787920081111971101201114220000100000201712000518525195196910
7374757677787920081111971101201114220000100000201712000518525195196910Layer 1
Layer 1 7374757677787920081111971101201114220000100000201712000518525195196910
OVERDOSE20081111971101201114220000100000201712000518525195196910
20081111971101201114220000100000201712000518525195196910OVERDOSE
OVERDOSE 20081111971101201114220000100000201712000518525195196910
OVERDOSE01969159152581500021710200000100002241110210117911118002
01969159152581500021710200000100002241110210117911118002OVERDOSE
OVERDOSE 01969159152581500021710200000100002241110210117911118002
OVERDOSE73747576777879
73747576777879OVERDOSE
OVERDOSE 73747576777879
OVERDOSE7374757677787920081111971101201114220000100000201712000518525195196910
7374757677787920081111971101201114220000100000201712000518525195196910OVERDOSE
OVERDOSE 7374757677787920081111971101201114220000100000201712000518525195196910
Max Keiser20081111971101201114220000100000201712000518525195196910
20081111971101201114220000100000201712000518525195196910Max Keiser
Max Keiser 20081111971101201114220000100000201712000518525195196910
Max Keiser01969159152581500021710200000100002241110210117911118002
01969159152581500021710200000100002241110210117911118002Max Keiser
Max Keiser 01969159152581500021710200000100002241110210117911118002
Max Keiser73747576777879
73747576777879Max Keiser
Max Keiser 73747576777879
Max Keiser7374757677787920081111971101201114220000100000201712000518525195196910
7374757677787920081111971101201114220000100000201712000518525195196910Max Keiser
Max Keiser 7374757677787920081111971101201114220000100000201712000518525195196910
MAX KEISER20081111971101201114220000100000201712000518525195196910
20081111971101201114220000100000201712000518525195196910MAX KEISER
MAX KEISER 20081111971101201114220000100000201712000518525195196910
MAX KEISER01969159152581500021710200000100002241110210117911118002
01969159152581500021710200000100002241110210117911118002MAX KEISER
MAX KEISER 01969159152581500021710200000100002241110210117911118002
MAX KEISER73747576777879
73747576777879MAX KEISER
MAX KEISER 73747576777879
MAX KEISER7374757677787920081111971101201114220000100000201712000518525195196910
7374757677787920081111971101201114220000100000201712000518525195196910MAX KEISER
MAX KEISER 7374757677787920081111971101201114220000100000201712000518525195196910
Overdose20081111971101201114220000100000201712000518525195196910
20081111971101201114220000100000201712000518525195196910Overdose
Overdose 20081111971101201114220000100000201712000518525195196910
Overdose01969159152581500021710200000100002241110210117911118002
01969159152581500021710200000100002241110210117911118002Overdose
Overdose 01969159152581500021710200000100002241110210117911118002
Overdose73747576777879
73747576777879Overdose
Overdose 73747576777879
Overdose7374757677787920081111971101201114220000100000201712000518525195196910
7374757677787920081111971101201114220000100000201712000518525195196910Overdose
Overdose 7374757677787920081111971101201114220000100000201712000518525195196910
bitcoin20081111971101201114220000100000201712000518525195196910
20081111971101201114220000100000201712000518525195196910bitcoin
bitcoin 20081111971101201114220000100000201712000518525195196910
bitcoin01969159152581500021710200000100002241110210117911118002
01969159152581500021710200000100002241110210117911118002bitcoin
bitcoin 01969159152581500021710200000100002241110210117911118002
bitcoin73747576777879
73747576777879bitcoin
bitcoin 73747576777879
bitcoin7374757677787920081111971101201114220000100000201712000518525195196910
7374757677787920081111971101201114220000100000201712000518525195196910bitcoin
bitcoin 7374757677787920081111971101201114220000100000201712000518525195196910
Bitcoin20081111971101201114220000100000201712000518525195196910
20081111971101201114220000100000201712000518525195196910Bitcoin
Bitcoin 20081111971101201114220000100000201712000518525195196910
Bitcoin01969159152581500021710200000100002241110210117911118002
01969159152581500021710200000100002241110210117911118002Bitcoin
Bitcoin 01969159152581500021710200000100002241110210117911118002
Bitcoin73747576777879
73747576777879Bitcoin
Bitcoin 73747576777879
Bitcoin7374757677787920081111971101201114220000100000201712000518525195196910
7374757677787920081111971101201114220000100000201712000518525195196910Bitcoin
Bitcoin 7374757677787920081111971101201114220000100000201712000518525195196910
20119102112001002110015591610811711014200000072058215990
09951285027000000241011711801619551001120010021120191102
0000000020119102112001002110015591610811711014200000072058215990
0995128502700000024101171180161955100112001002112019110200000000
000000000000000000d20da049a4849cc842b97d903921d8a6736e8f92ed1e36
63e1de29f8e6376a8d129309d79b248cc9484a940ad02d000000000000000000
28119100142000002710085199600011711211200100012051255191
19155215021000100211211711000699158001720000024100191182
0000000028119100142000002710085199600011711211200100012051255191
1915521502100010021121171100069915800172000002410019118200000000
0000000000000000012593bd10e5c56c2b60cecd9ddc7c6248bd38464aa9cf97
79fc9aa46483db8426c7cdd9dcec06b2c65c5e01db3952100000000000000000
08117110142000000720582159902011910211200100211001559161
16195510011200100211201911020995128502700000024101171180
0000000008117110142000000720582159902011910211200100211001559161
1619551001120010021120191102099512850270000002410117118000000000
00000000000000000054bf202317ae120b45bef5e925ffb26f7ab08e5b668879
978866b5e80ba7f62bff529e5feb54b021ea713202fb45000000000000000000
00117112112001000120512551912811910014200000271008519960
06991580017200000241001911821915521502100010021121171100
0000000000117112112001000120512551912811910014200000271008519960
0699158001720000024100191182191552150210001002112117110000000000
0000000000000000000139035bd66d42a827a9a5db82a528cd30e6d7a3a9d718
817d9a3a7d6e03dc825a28bd5a9a728a24d66db5309310000000000000000000
21901200210596017112000252590112101010151181104000708190
09180700040118115101010121109525200021171069501200210912
0000000021901200210596017112000252590112101010151181104000708190
0918070004011811510101012110952520002117106950120021091200000000
000000000000000000e4a8c149bf505af9d3c293a14b148f819b98eb3fbeae5e
e5eaebf3be89b918f841b41a392c3d9fa505fb941c8a4e000000000000000000
21901000200190017210000055510111121012121981104200718596
69581700240118912121012111101555000001271009100200010912
0000000021901000200190017210000055510111121012121981104200718596
6958170024011891212101211110155500000127100910020001091200000000
000000000000000000e4a8386f768562955f6ab46e9991287905f36fd2819904
4099182df63f5097821999e64ba6f559265867f6838a4e000000000000000000
81104000708190011210101015110171120002525921901200210596
69501200210912952520002117101151010101211009180700040118
0000000081104000708190011210101015110171120002525921901200210596
6950120021091295252000211710115101010121100918070004011800000000
0000000000000000034ec3e9335f8988d4d3c826e98de201ded11888696afaa4
4aafa69688811ded102ed89e628c3d4d8898f5339e3ce4300000000000000000
81104200718596011112101212190172100000555121901000200190
09100200010912155500000127109121210121111069581700240118
0000000081104200718596011112101212190172100000555121901000200190
0910020001091215550000012710912121012111106958170024011800000000
0000000000000000034ec4720da85481394820061c3f6568e766be03d6a80ffe
eff08a6d30eb667e8656f3c16002849318458ad0274ce4300000000000000000
21220715090001810710025981100026111020591041001111201590
09510211110014019502011162000118952001701810009051702212
0000000021220715090001810710025981100026111020591041001111201590
0951021111001401950201116200011895200170181000905170221200000000
000000000000000000dd8dfa796fceed452b5d83d9b5ca5c1f2ce56b8c1ca736
637ac1c8b65ec2f1c5ac5b9d38d5b254deecf697afd8dd000000000000000000
21200510000100810110005981100026171022591940011111221795
59712211111004919522017162000118950001101800100001500212
0000000021200510000100810110005981100026171022591940011111221795
5971221111100491952201716200011895000110180010000150021200000000
000000000000000000dd57f997416a06a03eed99890c636103c840901c180a23
32a081c109048c301636c09899dee30a60a614799f75dd000000000000000000
11201590104100111110205981100026071002590900018121220715
51702212181000909520017062000118950201111100140109510211
0000000011201590104100111110205981100026071002590900018121220715
5170221218100090952001706200011895020111110014010951021100000000
00000000000000000074f336f85be3c42419bd3110c47ca4729357add50b226b
b622b05dda7539274ac74c0113db91424c3eb58f633f47000000000000000000
11221795194001111710225981100026011000590001008121200510
01500212180010009500011062000118952201711110049159712211
0000000011221795194001111710225981100026011000590001008121200510
0150021218001000950001106200011895220171111004915971221100000000
000000000000000000752937da8a48aac9062d1b616de39f8df7fc89450fbf7e
e7fbf05498cf7fd8f93ed616b1d2609caa84a8ad739257000000000000000000
29102090710055011111181407891020156112022912000511000010
01000011500021922021165102019870418111111055001709020192
0000000029102090710055011111181407891020156112022912000511000010
0100001150002192202116510201987041811111105500170902019200000000
0000000000000000012fd70a819488167e19c24c201ef1fa5a7f98fe84cd3dca
acd3dc48ef89f7a5af1fe102c42c91e761884918a07df2100000000000000000
20102190210055011012180407591120186112121917000511900000
00000911500071912121168102119570408121011055001209120102
0000000020102190210055011012180407591120186112121917000511900000
0000091150007191212116810211957040812101105500120912010200000000
000000000000000000d1e06cb1dd4b7050fd37b6c44c6822807719ed7f97c960
069c79f7de9177082286c44c6b73df0507b4dd1bc60e1d000000000000000000
10000101200051112022910201568140789011111107100552910209
90201925500170111111098704186510201922021115000210100001
0000000010000101200051112022910201568140789011111107100552910209
9020192550017011111109870418651020192202111500021010000100000000
0000000000000000006867eae6d72e267932e8405e315396a50c1ad01ce6d581
185d6ec10da1c05a693513e5048e239762e27d6eae7686000000000000000000
19000001700051112121911201868040759011012102100552010219
91201025500120121011095704086810211912121115000710000091
0000000019000001700051112121911201868040759011012102100552010219
9120102550012012101109570408681021191212111500071000009100000000
000000000000000000c65e88b68e6acca64f72d5ba03dd6e7f1499e1221c49eb
be94c1221e9941f7e6dd30ab5d27f46acca6e86b88e56c000000000000000000
22010008010581021125140112191275901170291006100901011050
05011010900160019207110957219121104152112018501080001022
0000000022010008010581021125140112191275901170291006100901011050
0501101090016001920711095721912110415211201850108000102200000000
000000000000000000e5cb929b2021a4f7d3042c0afb2c439560f13084351e6a
a6e15348031f065934c2bfa0c2403d7f4a1202b929bc5e000000000000000000
20000101000980061029100112151279941171251102110500081251
15218000501120115217114997215121100192016008900010100002
0000000020000101000980061029100112151279941171251102110500081251
1521800050112011521711499721512110019201600890001010000200000000
000000000000000000d0cf906c60779288b128cc144cd9787a6ef4f973a14e63
36e41a379f4fe6a7879dc441cc821b88297706c609fc0d000000000000000000
10500101100910067029901112751219140111258102010500082201
10228000501020185211104191215721110992076001900110100501
0000000010500101100910067029901112751219140111258102010500082201
1022800050102018521110419121572111099207600190011010050100000000
0000000000000000006da04cb77ebd380c73dca7be672be469f8d977e287ea19
91ae782e779d8f964eb276eb7acd37c083dbe77bc40ad6000000000000000000
12510008110511027125941112791215100110298006000901012000
00021010900060089201100151219721114952172011501180001521
0000000012510008110511027125941112791215100110298006000901012000
0002101090006008920110015121972111495217201150118000152100000000
000000000000000000829c4ee63e674a7b95b807b5157eaf84ead5aef31bba20
02abb13fea5dae48fae7515b708b59b7a476e36ee4c928000000000000000000
22100800580210511110910590170910612900111027011210104025
52040101211072011100921601907109501901111501208500800122
20000080121011179172101000152108151215412925010906091100
00119060901052921451215180125100010127197111012108000002
0000000009951285027000000241011711801619551001120010021120191102
2011910211200100211001559161081171101420000007205821599000000000
00000000000000000067e571854c98bfbf848512ebd6e7846367264c3b1f2a7e
e7a2f1b3c4627636487e6dbe215848fbfb89c458175e76000000000000000000
0000000006991580017200000241001911821915521502100010021121171100
0011711211200100012051255191281191001420000027100851996000000000
00000000000000000048fed92ca9ce5807f03ca934b9955aa1bd70f023a01e9c
c9e10a320f07db1aa5599b439ac30f7085ec9ac29def84000000000000000000
0000000016195510011200100211201911020995128502700000024101171180
0811711014200000072058215990201191021120010021100155916100000000
000000000000000000a916c9a174dc603675d19216b610cbdf0695885c68afec
cefa86c5885960fdbc016b61291d576306cd471a9c619a000000000000000000
0000000019155215021000100211211711000699158001720000024100191182
2811910014200000271008519960001171121120010001205125519100000000
000000000000000000c7fd61fa17a6c7ee0a19fbcdd362f5a0b04ae473e7bbce
ecbb7e374ea40b0a5f263ddcbf91a0ee7c6a71af16df7c000000000000000000
0000000009180700040118115101010121109525200021171069501200210912
2190120021059601711200025259011210101015118110400070819000000000
0000000000000000005fd9d9e0749e1d7a6c0440a4410ef91f61164ef0251be0
0eb1520fe46116f19fe0144a0440c6a7d1e9470e9d9df5000000000000000000
0000000009100200010912155500000127109121210121111069581700240118
8110420071859601111210121219017210000055512190100020019000000000
0000000000000000005f02b1858ae05ad05c0333fcb012e30c0588a2911c12f6
6f21c1192a8850c03e210bcf3330c50da50ea8581b20f5000000000000000000
0000000069501200210912952520002117101151010101211009180700040118
8110400070819001121010101511017112000252592190120021059600000000
000000000000000002d5a05af089164de0dcf3e7b1df400731cfb52bd7acdbb6
6bbdca7db25bfc137004fd1b7e3fcd0ed461980fa50a5d200000000000000000
0000000069581700240118912121012111101555000001271009100200010912
2190100020019001721000005551011112101212198110420071859600000000
000000000000000002d677834b72d4108aecf4f459703c1d452b42d836b5e4a0
0a4e5b638d24b254d1c307954f4fcea8014d27b438776d200000000000000000
0000000009510211110014019502011162000118952001701810009051702212
2122071509000181071002598110002611102059104100111120159000000000
000000000000000000634a8e7ffbc23a592932c2d443f4d509d9bd1661bb23c4
4c32bb1661db9d905d4f344d2c239295a32cbff7e8a436000000000000000000
0000000001500212180010009500011062000118952201711110049159712211
1122179519400111171022598110002601100059000100812120051000000000
0000000000000000000fa9b6d4004d1b1d34b1134a134f41c99125267ae40dd3
3dd04ea76252199c14f431a4311b43d1b1d4004d6b9af0000000000000000000
0000000051702212181000909520017062000118950201111100140109510211
1120159010410011111020598110002607100259090001812122071500000000
0000000000000000021bcbd9206dd66e3db6a8a81fb9889d8a8e81416afd3643
3463dfa61418e8a8d9889bf18a8a6bd3e66dd6029dbcb1200000000000000000
0000000059712211111004919522017162000118950001101800100001500212
2120051000010081011000598110002617102259194001111122179500000000
0000000000000000026f6cb0cc694b8d79ab2a57a9ea2e30cad7193151d44c34
43c44d1513917dac03e2ae9a75a2ba97d8b496cc0bc6f6200000000000000000
0000000001000011500021922021165102019870418111111055001709020192
2910209071005501111118140789102015611202291200051100001000000000
0000000000000000000a70cba2693647f0d72a35c04e303e607cb7187b018420
024810b7817bc706e303e40c53a27d0f7463962abc07a0000000000000000000
0000000000000911500071912121168102119570408121011055001209120102
2010219021005501101218040759112018611212191700051190000000000000
00000000000000000000026fac74d50304a4360e9dac3c546fc51699cb53a566
665a35bc99615cf645c3cad9e0634a40305d47caf62000000000000000000000
0000000090201925500170111111098704186510201922021115000210100001
1000010120005111202291020156814078901111110710055291020900000000
000000000000000003adc085f450f537756e398c3b9068ca4a94647b0ebc8f21
12f8cbe0b74649a4ac8609b3c893e657735f054f580cda300000000000000000
0000000091201025500120121011095704086810211912121115000710000091
1900000170005111212191120186804075901101210210055201021900000000
000000000000000003b82ee1ea45567c61a12db35e325cb43b4c04f9be6a6ddb
bdd6a6eb9f40c4b34bc523e53bd21a16c76554ae1ee28b300000000000000000
0000000005011010900160019207110957219121104152112018501080001022
2201000801058102112514011219127590117029100610090101105000000000
000000000000000000345140cae37e30d92ea3d1c10b145b1c8e28225a8529fe
ef9258a52282e8c1b541b01c1d3ae29d03e73eac041543000000000000000000
0000000000021010900060089201100151219721114952172011501180001521
1251000811051102712594111279121510011029800600090101200000000000
0000000000000000000038283dbfa0084ae7ce5ff52ef7de971f9240d13d9cf1
1fc9d31d0429f179ed7fe25ff5ec7ea4800afbd3828300000000000000000000
0000000010228000501020185211104191215721110992076001900110100501
1050010110091006702990111275121914011125810201050008220100000000
0000000000000000006ac909ee662d6cfcdc1abc7568496c96488d70a7913815
5183197a07d88469c6948657cba1cdcfc6d266ee909ca6000000000000000000
0000000015218000501120115217114997215121100192016008900010100002
2000010100098006102910011215127994117125110211050008125100000000
0000000000000000009ee2227b8a0b958b22f02e414465e91bb7235230d8c522
225c8d0325327bb19e564414e20f22b859b0a8b7222ee9000000000000000000
01110092160190710950190111150120850080012252040101211072
27011210104025221008005802105111109105901709106129001110
2011910211200100211001559161781108117110142000000720582159906474
4746099512850270000002410117118011871619551001120010021120191102
000000000004e403c9d091c39282c17d9e8a4da800821408addd67f54e6c36aa
aa63c6e45f76ddda804128008ad4a8e9d71c28293c190d9c304e400000000000
2811910014200000271008519960741400117112112001000120512551916871
1786191552150210001002112117110041470699158001720000024100191182
000000000006d5db1c1ed49affe279d0052eaa4b32ebf393ac7f0a22893d1547
7451d39822a0f7ca393fbe23b4aae2500d972effa94de1c1bd5d600000000000
0811711014200000072058215990647420119102112001002110015591617811
1187161955100112001002112019110247460995128502700000024101171180
000000000001f921066c4ae7c17b0262dc11f211a29dbbcc0d60574655331513
31513355647506d0ccbbd92a112f11cd2620b71c7ea4c660129f100000000000
0011711211200100012051255191687128119100142000002710085199607414
4147069915800172000002410019118217861915521502100010021121171100
0000000000000749b41e0810541b4a10756d956e7033dc410ebeb5191a623676
676326a1915bebe014cd3307e659d65701a4b1450180e14b9470000000000000
2190120021059671017112000252596701121010101511818110400070819044
4409180700040118181151010101211076952520002117101769501200210912
00000000000552ea3fbe32aa3f5ac3a6322186f38488044ab998c24a2f021ce4
4ec120f2a42c899ba44088483f6812236a3ca5f3aa23ebf3ae25500000000000
2190100020019074017210000055516101111210121219878110420071859641
1469581700240118789121210121111016155500000127104709100200010912
00000000000552e7100997313711a41582ce0b7af9c9d630edf30256a41fc5b9
9b5cf14a65203fde036d9c9fa7b0ec28514a1173137990017e25500000000000
8110400070819044011210101015118101711200025259672190120021059671
1769501200210912769525200021171018115101010121104409180700040118
000000000013b71d465efe629cbc2a4e1603221e143a611258cc5ab4c52de857
758ed25c4ba5cc852116a341e1223061e4a2cbc926efe564d17b310000000000
8110420071859641011112101212198701721000005551612190100020019074
4709100200010912161555000001271078912121012111101469581700240118
000000000013b720761399dba50549dec5569d969ef88f2c24721aa850103f82
28f301058aa12742c2f88fe969d9655ced94505abd993167027b310000000000
2910209707100556011111188140789410201561112022971200051110000104
4010000111500021792202111651020149870418811111106550017079020192
000000000007130727874a1c7718025063fb82ac2afe55cab765c19b45d8b5e8
8e5b8d54b91c567bac55efa2ca28bf3605208177c1a478727031700000000000
2010219402100551011012178040759111201864112121981700051619000007
7000009161500071891212114681021119570408712101101550012049120102
000000000004e2f66d49e4fc706c75abc3270afea1b29d7ad6b40903b0ffaec7
7ceaff0b30904b6da7d92b1aefa0723cba57c607cf4e94d66f2e400000000000
1000010412000511112022971020156181407894011111180710055629102097
7902019265500170811111104987041816510201792202111150002140100001
0000000000026e4ed98f27b9242d2ec53b9d0ceed471a6d67ead06610c591c11
11c195c01660dae76d6a174deec0d9b35ce2d2429b72f89de4e6200000000000
1900000717000516112121981120186480407591011012170210055120102194
4912010215500120712101101957040846810211891212116150007170000091
0000000000049e5f93cc8cd92ad8bb69dc71849c5dbd5f265f5ebef8a1322332
2332231a8febe5f562f5dbd5c94817cd96bb8da29dc8cc39f5e9400000000000
2129010501118479121612291001100090077056111810840051102720510014
4100150272011500480181116507700900011001922161219748111050109212
0000000000052ce2f0d8952c09c241da54217e9278533846d94220619c9cc83e
e38cc9c91602249d6483358729e71245ad142c90c2598d0f2ec2500000000000
2024000100178071101411281006100790007051121912860459112121550119
9110551212119540682191211507000970016001821141011708710010004202
000000000004eb89d19b1304641f58d29931b9dce106150beee5e83662a0c527
725c0a26638e5eeeb051601ecd9b13992d85f1464031b91d98be400000000000
0014205110270051108411187056900710001001122912168479011101052129
9212501011109748612192211001000170096507811148011500720115024100
00000000000008d7012f38c2c5374d173c4ba97a2952c98ad7cdfa150e498ce1
1ec894e051afdc7da89c2592a79ab4c371d4735c2c83f2107d80000000000000
0119215511210459128612197051900010071006112810148071001700012024
4202100071001708410182116001700100091507912168219540121155129110
0000000000004a30206cbaea6ada361ef73b6e2fc09fecc5c22a324048458ff8
8ff854840423a22c5ccef90cf2e6b37fe163ada6aeabc60203a4000000000000
2122071574090001816071002598811000264111020591104100117112015901
1095102117110014011950201114620001188952001706181000904751702212
2214008005802105111109105901709106129001110277016128104101407251
1527041014018216107720111009216019071095019011115012085008004122
2070060088041211071111749172101000152108151215412925010906091100
0011906090105292145121518012510001012719471111701121408800600702
2011910211200100211001559161474608117110142000000720582159901187
7811099512850270000002410117118064741619551001120010021120191102
000000000004e403c9d091c39282c17d9e4f460a1f6e93453a5de87c4e6c2203
3022c6e4c78ed5a35439e6f1a064f4e9d71c28293c190d9c304e400000000000
2811910014200000271008519960414700117112112001000120512551911786
6871191552150210001002112117110074140699158001720000024100191182
000000000006d5db1c1ed49affe279d004efbebd79a2e098be8a8edf893d016a
a610d398fde8a8eb890e2a97dbebfe400d972effa94de1c1bd5d600000000000
0811711014200000072058215990118720119102112001002110015591614746
6474161955100112001002112019110278110995128502700000024101171180
000000000001f921066c4ae7c17b0262dbac1f25773cf2a656da061f5533091a
a1903355f160ad656a2fc37752f1cabd2620b71c7ea4c660129f100000000000
0011711211200100012051255191178628119100142000002710085199604147
7414069915800172000002410019118268711915521502100010021121171100
0000000000000749b41e0810541b4a10750ba6721d08a552d2ad5fbc1a6229b3
3b9226a1cbf5da2d255a80d1276ab05701a4b1450180e14b9470000000000000
2190120021059644017112000252591801121010101511768110400070819017
7109180700040118671151010101211081952520002117104469501200210912
00000000000552ea3fbe3297c5f8e41db0ffc7baf4bbd22fb6f247dd003d1cc9
9cc1d300dd742f6bf22dbb4fab7cff0bd14e8f5c7923ebf3ae25500000000000
2190100020019047017210000055511601111210121219788110420071859614
4169581700240118879121210121111061155500000127107409100200010912
00000000000552e71009971ebdafc48d01ac5ffb1fb2a98401722a23b656c59e
e95c656b32a22710489a2bf1bff5ca10d84cfadbe17990017e25500000000000
8110400070819017011210101015117601711200025259182190120021059644
4469501200210912819525200021171067115101010121107109180700040118
000000000013b71d465efe50235a4ac594e23bd553356ab249c3d8c8613ce83c
c38ec3168c8d3c942ba653355db32e495ca4a53205efe564d17b310000000000
8110420071859614011112101212197801721000005551162190100020019047
7409100200010912611555000001271087912121012111104169581700240118
000000000013b720761399c92ba36a564435a395283e935dff43f681ab233f67
76f332ba186f34ffd539e382593a534465a63ab29c993167027b310000000000
2910209407100551011111178140789110201564112022981200051610000107
7010000161500021892202114651020119870418711111101550017049020192
00000000000713071b4b24af4f1a02aabf803e53fa63fc51e0b47fd3b6671aeb
bea1766b3df74b0e15cf36af35e308fbaa20a1f4fa42b4b17031700000000000
2010219702100556011012188040759411201861112121971700051119000004
4000009111500071791212111681021149570408812101106550012079120102
000000000004e2f679860a69986a755167a24f56d24cf6f3ad654acb407149c4
4c941704bca456da3f6fc42d65f42a761557a68996a068976f2e400000000000
1000010712000516112022981020156481407891011111170710055129102094
4902019215500170711111101987041846510201892202116150002170100001
0000000000026e4ee5cb4d264c2b2e6ae0185147050c004f555e48289bcab70e
e07bacb98284e555f400c0507415810ea6e2b2c462d4bc5ee4e6200000000000
1900000417000511112121971120186180407594011012180210055620102197
7912010265500120812101104957040816810211791212111150007140000091
0000000000049e5f8790676c02dabbc437f640442d2305ad88ad7d3111c08835
53880c1113d7da88da5032d244046f734cbbad20c6760978f5e9400000000000
2129010501118479121612291001100090047051111710810054102820560017
7100650282014500180171111507400900011001922161219748111050109212
0000000000052ce2f0d8952c09c241da54217e92175faa5c27972850192f9c91
19c9f29105827972c5aaf57129e71245ad142c90c2598d0f2ec2500000000000
2027000600188074101111271001100490007051121912860459112121550119
9110551212119540682191211507000940011001721111014708810060007202
000000000004ed67d374de626b57032b45e6a0563c5fe81b4deb6d6362a0c527
725c0a2636d6bed4b18ef5c3650a6e54b23075b626ed473d76de400000000000
0017205610280054108111177051900410001001122912168479011101052129
9212501011109748612192211001000140091507711118014500820165027100
0000000000000ab503090420cc6ef76fe9008ff384ac9c9a36d37f420e498ce1
1ec894e024f73d63a9c9ca483ff8009ef67fe6cc024090305ba0000000000000
0119215511210459128612197051900010041001112710118074001800062027
7202600081004708110172111001400100091507912168219540121155129110
0000000000004a30206cbaea6ada361ef73b6e2f5fac5edb107f3a2ec4d8644b
b4468d4ce2a3f701bde5caf5f2e6b37fe163ada6aeabc60203a4000000000000
2122071547090001811071002597811000261111020594104100118112015906
6095102118110014014950201111620001187952001701181000907451702212
2217008005802105111109105901709106129001110274011127101104408256
6528044011017211104720111009216019071095019011115012085008007122
2040010078011241081161779172101000152108151215412925010906091100
0011906090105292145121518012510001012719771611801421108700100402
000000000012fcdbf1f1e48ae3ae4957e3974bb50e96d2acb0f63f6c1b1f2a7e
e7a2f1b1c6f36f0bca2d69e05bb4793e7594ea3ea84e1f1fbdcf210000000000
00000000001205c97b2c32ea8586d209cfea0b1ec520f2ec3b490017b3a01e9c
c9e10a3b710094b3ce2f025ce1b0aefc902d6858ae23c2b79c50210000000000
00000000000fbce181137512cb858ee03527d9544457edd8233a302bac68afec
cefa86cab203a3328dde7544459d72530ee858bc215731181ecbf00000000000
000000000010b3f3f7d926b329ad062e48d519ea8dcdcd9898e76f8013e7bbce
ecbb7e3108f67e8989dcdcd8ae915d84e260da923b629d7f3f3b010000000000
000000000011480dd3a93fc2a17d51489de2999c8c5d342e41cc75f67ada9be0
0eb9ada76f57cc14e243d5c8c9992ed98415d71a2cf39a3dd084110000000000
00000000001202b1c27e5e32145ea9affa9d6ab833183f44fa3a2d681e80d2f6
6f2d08e186d2a3af44f381338ba6d9affa9ae54123e5e72c1b20210000000000
00000000000add609ef25670de4c3294ffeae4d16dfa60d05d744949c9531bb6
6bb1359c949447d50d06afd61d4eaeff4923c4ed07652fe906dda00000000000
00000000000a22bcb01d38016b6ada2da33013b5c73f55b9a50691d825ace4a0
0a4eca528d19605a9b55f37c5b31033ad2ada6b61083d10bcb22a00000000000
0000000000110a55749735d9c5a48f673cbab5b7eae7d801f56429ffc9e04720
02740e9cff92465f108d7eae7b5babc376f84a5c9d53794755a0110000000000
0000000000133ba7f49a1be803abd68cf5823a938a746b3feb5e911ef68ca15b
b51ac86fe119e5bef3b647a839a3285fc86dba308eb1a94f7ab3310000000000
00000000000bea88b74e96afa48d117126a3ffe17ace444d5ffe1cd8a76a7921
1297a67a8dc1eff5d444eca71eff3a621711d84afa69e47b88aeb00000000000
000000000009b936374bb0a16685ca4b6ddc7b05db41b10f6a03b5b97abe1ee6
6ee1eba79b5b30a6f01b14bd50b7cdd6b4ac58661a0bb473639b900000000000
00000000001142beda517a8d864eb1d12b22958555d339cd076ec242ce58711c
c11785ec242ce670dc933d55585922b21d1be468d8a715adeb24110000000000
0000000000118230648fa892d41cc89c655a58cb00383059df9d9d57fe05cf16
61fc50ef75d9d9fd95038300bc85a556c98cc14d298af8460328110000000000
00000000001664f4158ec6ce77800d74e8ff5e642259cd03090052b7145b651c
c156b5417b25009030dc952246e5ff8e47d00877ec6ce8514f46610000000000
00000000001625828b5098c929b1f6a9aec79b1e77f4d67630d177a1e4ae0722
2270ea4e1a771d03676d4f77e1b97cea9a6f1b929c8905b82852610000000000
7451702212609510211811001401495020111162000118795200170118100090
0900018110710025978110002611110205941041001181120159062122071547
7122652804401101721110472011100921601907109501901111501208500800
0080058021051111091059017091061290011102740111271011044082562217
7716118014211087001004020011906090105292145121518012510001012719
9172101000152108151215412925010906091100204001007801124108116177
21100026011020590041001181201590122071590001817100259
95200171810009517022109510218110014009502011062000112
21407890020156012022982000511000010910209710055111111
11111155001790201901000011500028922021065102009870412
20200501180910590170910612900111027011210104025210805
50801252040101211072011100921601907109501908110500202
20020081179172101000152108151215412925010906091100000
00000119060901052921451215180125100010127197118002002
7777777201191021120010021100155916134567890811711014200000072058215990
0995128502700000024101171180987654316195510011200100211201911027777777
000001207e690b14c82e9d074523b42c6d77862531540f7c57d27fbd52ed1e36
63e1de25dbf72d75c7f04513526877d6c24b325470d9e28c41b096e702100000
7476787001171121120010001205125519137577792811910014200000271008519960
0699158001720000024100191182977757319155215021000100211211711007876747
00000115545665c29909b953983a6784cd6147f22902313759210edf63a9d718
817d9a36fde01295731320922f7416dc4876a389359b90992c56654551100000
3456789081171101420000007205821599077777772011910211200100211001559161
1619551001120010021120191102777777709951285027000000241011711809876543
00000080382cc6727763ca1df594b35dc271284867c46b854ed6c0550b668879
978866b0550c6de458b64c768482172cd53b495fd1ac3677276cc28308000000
3757779281191001420000027100851996074767870011711211200100012051255191
1915521502100010021121171100787674706991580017200000241001911829777573
0000008b623f6bc4a688add1a27e00056287667b701649ca4d883132faa9cf97
79fc9aaf231388d4ac946107b76678265000e72a1dda886a4cb6f326b8000000
7570111210155937801010022116767891100008994791724001055177211020070210
0120700201127715501004271974998000011987676112200101087395510121110757
00000118ca80fb97409d75dee1e8c538a40d27951348ee9c49f825d219704d42
24d407912d528f94c9ee84315972d04a835c8e1eed57d90479bf08ac81100000
7771101017125037811210012511767891100008994790704002015675201122000519
9150002211025765102004070974998000011987671152100121187305217101011777
000001203f04238981cc4eb70960c3b5a82dc67984d91d51ca6cb1445770de87
78ed0775441bc6ac15d19d48976cd28a5b3c06907be4cc18983240f302100000
7721102007021047917240010551767891100008993780101002211675701112101559
9551012111075761122001010873998000011987671550100427197401207002011277
0000011e643f4729609e80df558ea6872cfc850fc448d8da6b28941654465ab7
7ba56445614982b6ad8d844cf058cfc2786ae855fd08e9069274f346e1100000
7520112200051947907040020156767891100008993781121001251177711010171250
0521710101177711521001211873998000011987676510200407097491500022110257
00000116efbc1f371f6fa8072e16a80a28dbe62b52b8aa24eab408a41645c972
279c54614a804bae42aa8b25b26ebd82a08a61e2708af6f173f1cbfe61100000
7621220715370900018177071002594781100026781110205957104100117911201590
0951021197110014017595020111876200011874952001707718100090735170221267
0000011aafd14ec53f0869c15b0d65ed539c0363f6713bfed2be1dfaf2206736
6376022fafd1eb2defb3176f3630c935de56d0b51c9680f35ce41dfaa1100000
7921200510370001008178011000594781100026771710225957194001117611221795
5971221167111004917595220171776200011874950001108718001000730150021297
00000125d04bcb80dec0a095bd3aff7149a08b20529ee9964fea187c3eb2e323
323e2be3c781aef4699ee92502b80a9417ffa3db590a0ced08bcb40d52100000
7911201590571041001178111020594781100026770710025937090001817621220715
5170221267181000907395200170776200011874950201118711001401750951021197
000001257159c46fb10c664d7b28dd4cdc54f2d8b45b6c4794be64d06117cd6b
b6dc71160d46eb4974c6b54b8d2f45cdc4dd82b7d466c01bf64c951752100000
7611221795571940011177171022594781100026780110005937000100817921200510
0150021297180010007395000110876200011874952201717711100491755971221167
0000011a50df47b411542f7918fb43c8e6506b1c582dbeb017926a4f1485517e
e7155841f4a629710bebd285c1b6056e8c34bf8197f245114b74fd05a1100000
7711115381102177910094974005721200150120597000216681008971201517100720
0270017151021798001866120007950210510021275004794900197712011835111177
0000011e056b22984aaac744b22bb158d092e0dd9c7056d819af84d1c7a69eb0
0be96a7c1d48fa918d6507c9dd0e290d851bb22b447caaa48922b650e1100000
7110125311005178900894070015701205152120097904206671100978211217701710
0171077121128790011766024097900212515021075100704980098715001135210117
00000107baad33ca0bd43ebc0c5310c867fa56734d0dc91a0ff79f853d8b7b4e
e4b7b8d358f97ff0a19cd0d43765af768c0135c0cbe34db0ac33daab70100000
7100720712015168100897000216501205972120014974005779100938110217711115
5111177120118390019775004794100212795021056120007980018615102170270017
00000107615fe37834013ae727bd0ebdca2aa9da26c495c11e68dfbe203f6e0b
b0e6f302ebfd86e11c594c62ad9aa2acdbe0db727ea31043873ef51670100000
7701710782112167110097904206521200970120514070015789008931100517110125
5210117150011398009875100704150210790021256024097900117612112870171077
0000011dac1dd24672d7c36fcd95af4e32c334447627237f2820c50aaa5a916d
d619a5aaa05c0282f732726744433c23e4fa59dcf63c7d27642dd1cad1100000
7220130008701054810271125514017121961275790117702971006810097010191050
0501910107900186001792077110975721691217104155211720184501078000310227
0000010bcf3bcf3aa21df40a0e4d705324630f8188d2239d44153e8eed39aaca
acaa93dee8e35144d9322d8818f036423507d4e0a04fd12aa3fcb3fcb0100000
7125130008711054110277125594117127961215710017102978006800097010192000
0002910107900086008792017100175121697217114955217720114501178000315217
0000010849279a1877cbc9d66c64fd4408b128986a304456e7cbce3c07830e80
08e03870c3ecbc7e654403a689821b8044df46c66d9cbc7781a9729480100000
9105070101810097100677029790116127571219514017112548102701053000872201
1022780003501072018452117104159121757216110979207760017900181010705019
00000151b9cf5af4c28b898ddc68154c60028758b23f0aeedae07ce83f3cf109
901fc3f38ec70eadeea0f32b85782006c45186cdd898b82c4fa5fc9b15100000
9200070101800097800671029710016121571279594117712541102711053000871251
1521780003501172011452177114959721751216100179201760087900081010700029
000001553fe39016ecddb3c17e50885b7bb46e41d0e0ea353729ed3b24f38d53
35d83f42b3de927353ae0e0d14e64bb7b58805e71c3bddce61093ef355100000
7701111113781407897710201564811202297712000515910000107291020960710055
5500170690201927010000195150002177922021184651020177987041873111111077
7105390177094106712950017110627701712710810740925221008005802105111109
9011115012085008001225290470180172171077260117100592176014907710935017
7213087154127155417296257017097068097119002000008012101117917210100015
5100010127197111012108000002009117908607907107526927145517214517803127
000000000001000000000000000000020010000000200010020000220000010000090000000000000090000071010400105805961811110111200701521590
095125107002111011118169508501004010170000090000000000000090000010000022000020010002000000010020000000000000000000100000000000
50bec613518e8dc5780d47bf68e263b8354aa52af8c058088722e28829071eb6
6be17092882e227880850c8fa25aa4538b362e86fb74d0875cd8e815316ceb05
811110111200701521590000071010400105805961000090000000000000090200010020000220000010000000000020010000000000000000001000000000
000000000100000000000000000010020000000000010000022000020010002090000000000000090000169508501004010170000095125107002111011118
550943c7ba80ab16ad0fe60ad49fc26b848e574d9d33926152a680ae4b9aca00
00aca9b4ea086a25162933d9d475e848b62cf94da06ef0da61ba08ab7c349055
000000000001000000000
000000000020010000000
200010020000220000010
000090000000000000090
000071010400105805961
211111121421215825911000090000200021501590000070010000100000060800010010000700000090000000000000000000000000000000000000000000
000000000000000000000000000000000000000000090000007000010010008060000001000010070000095105120002000090000119528512124121111112
82c822cca9aaecde736ee9aa018eba224c29c3f6d39511122ad6280000000000
0000000000826da22111593d6f3c92c422abe810aa9ee637edceaa9acc228c28
000000000000000000000000000000000000000000800010010000700000090000070010000100000060000090000200021501590211111121421215825911
119528512124121111112095105120002000090000060000001000010070000090000007000010010008000000000000000000000000000000000000000000
4ac8f49b57d7376fbe570b4b3ccfde90ad92c52e655ad6581346a91f2fad7ff7
7ff7daf2f19a6431856da556e25c29da09edfcc3b4b075ebf6737d75b94f8ca4
000090000200021501590
000070010000100000060
800010010000700000090
000000000000000000000
0000000000210100000000000000000000200000002000100200,02,000001000009000000,000000090000071010400105805961811110111200701521590
095125107002111011118169508501004010170000090000000,000000900000100000,20,0020010002000000020000000000000000000010120000000000
81111011120070152159000007101040010580596100009000000,0000000902000100200,02,0000010000000000000020000000000000000021010000000
0000000101200000000000000000200000000000000100000,20,0020010002090000000,00000090000169508501004010170000095125107002111011118
000000000021010000000
000000000000020000000
2000100200,02,0000010
00009000000,000000090
2111111214212158259110000900002000215015900000700100,01,000006080001001000,700000090000000000000000000000000000000000000000000
000000000000000000000000000000000000000000090000007,000100100080600000,10,0010070000095105120002000090000119528512124121111112
00000000000000000000000000000000000000000080001001000,7000000900000700100,01,0000060000090000200021501590211111121421215825911
1195285121241211111120951051200020000900000600000,10,0010070000090000007,00010010008000000000000000000000000000000000000000000
0000700100,01,0000060
80001001000,700000090
12012120022109000009071140010585961811110111200701521590
09512510700211101111816958501004117090000090122002121021
0000000000000000007d69920b88890c1541daea8dae30d880896550b5071eb6
6be1705b055698088d03ead8aead1451c09888b02996d7000000000000000000
81111011120070152159007114001058596109000009212002212011
11021220021290000090169585010041170095125107002111011118
0000000000000000034ed6a5eb4c661cac5a220250b3be9f3fd240234a3298ab
ba8923a432042df3f9eb3b052022a5cac166c4be5a6de4300000000000000000
1
20 1
2   1  2  0022     1
0   9  0  0000     9
0   71 1 4001058 5961
21111112142121582591109002000215159007100106811007090000
00009070011860100170095151200020090119528512124121111112
000000000000000000dc6909181e3506db54147aee9b95777327af04cdc8bd50
05db8cdc40fa72377759b9eea74145bd6053e1819096cd000000000000000000
00008110070907100106090020002151590211111121421215825911
11952851212412111111209515120002009060100170907001180000
0000000000000000000015ad22bd0bc0e6230a4851dddc88f2ce8786d9ad7ff7
7ff7da9d6878ec2f88cddd1584a0326e0cb0db22da5100000000000000000000
0   90 0 2000215 1590
0   7  1  0010     6
8   1  1  0070     9
00 0
0
211002212,02,10900,009071140010585961811110111200701521590
095125107002111011118169585010041170900,00901,20,212200112
8111101112007015215900711400105859610900,009212,02,1002211
1122001,20,212900,0090169585010041170095125107002111011118
21 1
00 2
2   1  2  ,02,     1
0   9  0  0,00     9
211111121421215825911090020002151590071,01,68110,709000000
000000907,01186,10,170095151200020090119528512124121111112
0000008110,709071,01,6090020002151590211111121421215825911
1195285121241211111120951512000200906,10,170907,0118000000
0   7  1  ,01,     6
8   1  1  0,70     9
000000000000000000000000000000001000000000000000000020010000000200010020000220000010000090000000000000090000071010400105805961811110111200701521590
095125107002111011118169508501004010170000090000000000000090000010000022000020010002000000010020000000000000000000100000000000000000000000000000000
811110111200701521590000071010400105805961000090000000000000090200010020000220000010000000000020010000000000000000001000000000000000000000000000000
000000000000000000000000000000100000000000000000010020000000000010000022000020010002090000000000000090000169508501004010170000095125107002111011118
912ed2943a2a52d09f5da9f8b90be5f53515e50e12bddf39f51eedea40000000
00000004aedee15f93fddb21e05e51535f5eb09b8f9ad5f90d25a2a3492de219
211111121421215825911000090000200021501590000070010000100000060800010010000700000090000000000000000000000000000000000000000000000000000000000000000
000000000000000000000000000000000000000000000000000000000000000090000007000010010008060000001000010070000095105120002000090000119528512124121111112
af9ac1bfb84d0fa96dbaf0e88119025f474d5453845544890000000000000000
0000000000000000984455483545d474f52091188e0fabd69af0d48bfb1ca9fa
000000000000000000000000000000000000000000000000000000000000000800010010000700000090000070010000100000060000090000200021501590211111121421215825911
119528512124121111112095105120002000090000060000001000010070000090000007000010010008000000000000000000000000000000000000000000000000000000000000000
0000000000010000000000000000000200100000000000000000000200000002000100200,,2,0000010000090000000000000090000071010400105805961811110111200701521590
0951251070021110111181695085010040101700000900000000000000900000100000,2,,0020010002000000020000000000000000000010020000000000000000000100000000000
8111101112007015215900000710104001058059610000900000000000000902000100200,,2,0000010000000000000020000000000000000020010000000000000000001000000000
0000000001000000000000000000100200000000000000000200000000000000100000,2,,0020010002090000000000000090000169508501004010170000095125107002111011118
2000100200,,2,0000010
2111111214212158259110000900002000215015900000700100,01,000006080001001000,700000090000000000000000000000000000000000000000000000000000000000000000
000000000000000000000000000000000000000000000000000000000000000090000007,000100100080600000,10,0010070000095105120002000090000119528512124121111112
00000000000000000000000000000000000000000000000000000000000000080001001000,7000000900000700100,01,0000060000090000200021501590211111121421215825911
1195285121241211111120951051200020000900000600000,10,0010070000090000007,00010010008000000000000000000000000000000000000000000000000000000000000000
1201002212,,2,109000009071140010585961811110111200701521590
095125107002111011118169585010041170900000901,2,,2122001021
81111011120070152159007114001058596109000009212,,2,10022011
11022001,2,,21290000090169585010041170095125107002111011118
2   1  2  ,,2,     1
211111121421215825911090020002151590071,01,68110,7090000000
0000000907,01186,10,170095151200020090119528512124121111112
00000008110,709071,01,6090020002151590211111121421215825911
1195285121241211111120951512000200906,10,170907,01180000000
200010020021210000010000090000000020000090000071010400105805961811110111200701521590
095125107002111011118169508501004010170000090000020000000090000010000012120020010002
3ee05c8846a91e646c0b83ee27c45a46f90c4bf67c4fa22e7836e28829071eb6
6be17092882e6387e22af4c76fb4c09f64a54c72ee38b0c646e19a6488c50ee3
811110111200701521590000071010400105805961000090000000020000090200010020021210000010
010000012120020010002090000020000000090000169508501004010170000095125107002111011118
a31710040c55e9f37ab308a71e0413fde19dbe80e846cc6f06f46175273d2a8a
a8a2d37257164f60f6cc648e08ebd91edf3140e17a803ba73f9e55c04001713a
200010020021210000010
000090000000020000090
211111121421215825911000090000200021501590000070010000100000060800010010000700000090
090000007000010010008060000001000010070000095105120002000090000119528512124121111112
3a7b9bffd0d668f57891f3e70d1fbabe109bd3248aca40bd21d3f864cdecc75a
a57ccedc468f3d12db04aca8423db901ebabf1d07e3f19875f866d0dffb9b7a3
800010010000700000090000070010000100000060000090000200021501590211111121421215825911
119528512124121111112095105120002000090000060000001000010070000090000007000010010008
2000100200212100000100000900000000200000900000710104,01,580596181111011120,701521590
095125107,021110111181695085,10,4010170000090000020000000090000010000012120020010002
81111011120,7015215900000710104,01,5805961000090000000020000090200010020021210000010
0100000121200200100020900000200000000900001695085,10,4010170000095125107,02111011118
0000710104,01,5805961
81111011120,701521590
2111111214212158259110000900002000215015900000700100,01,000006080001001000,700000090
090000007,000100100080600000,10,0010070000095105120002000090000119528512124121111112
80001001000,7000000900000700100,01,0000060000090000200021501590211111121421215825911
1195285121241211111120951051200020000900000600000,10,0010070000090000007,00010010008
MMVIIIIIIMCMLXXIXIMMXIIXLIIVXXVMMXVIIIIILILXXXVIILIXCVMCMLXIXX
XXIXLMCMVCXILIIVXXXLILIIIIIVXMMVXXVIILXIIXMMIXIXXLMCMIIIIIIVMM
MMVIII I I I MCMLXXI X I MMXI I XLII V XXV MMXVII III LI LXXXV II LI XCV MCMLXIX X
X XIXLMCM VCX IL II VXXXL IL III IIVXMM VXX V IILX I IXMM I X IXXLMCM I I I IIIVMM
mmviiiiiimcmlxxiximmxiixliivxxvmmxviiiiililxxxviilixcvmcmlxixx
xxixlmcmvcxiliivxxxliliiiiivxmmvxxviilxiixmmixixxlmcmiiiiiivmm
MIIIMXIMIXVXMILLILXMX
XMXLILLIMXVXIMIXMIIIM
MMVIIIMCMLXXIXIMMXIIXLIIVXXVMMXVIIIIILILXXXVIILIXCVMCMLXIXX
XXIXLMCMVCXILIIVXXXLILIIIIIVXMMVXXVIILXIIXMMIXIXXLMCMIIIVMM
MMVIII MCMLXXI X I MMXI I XLII V XXV MMXVII III LI LXXXV II LI XCV MCMLXIX X
X XIXLMCM VCX IL II VXXXL IL III IIVXMM VXX V IILX I IXMM I X IXXLMCM IIIVMM
mmviiimcmlxxiximmxiixliivxxvmmxviiiiililxxxviilixcvmcmlxixx
xxixlmcmvcxiliivxxxliliiiiivxmmvxxviilxiixmmixixxlmcmiiivmm
MMXIMIXVXMILLILXMX
XMXLILLIMXVXIMIXMM
MMVIIIMCMLXXIMMXIMMXVIIMCMLXIX
XIXLMCMIIVXMMIXMMIXXLMCMIIIVMM
MMVIII MCMLXXI MMXI MMXVII MCMLXIX
XIXLMCM IIVXMM IXMM IXXLMCM IIIVMM
mmviiimcmlxximmximmxviimcmlxix
xixlmcmiivxmmixmmixxlmcmiiivmm
MMMMM
XLIILILIXCV
VCXILILIILX
XLII LI LI XCV
VCX IL IL IILX
xliililixcv
vcxililiilx
XLLX
IILXXXVII
IIVXXXLII
I I LXXXV II
II VXXXL I I
iilxxxvii
iivxxxlii
IILI
ILII
MMVIIIMCMLXXIXMMXIXLIIVXXVMMXVIIIIILILXXXVIILIXCVMCMLXIXX
XXIXLMCMVCXILIIVXXXLILIIIIIVXMMVXXVIILXIXMMXIXXLMCMIIIVMM
MMVIII MCMLXXI X MMXI XLII V XXV MMXVII III LI LXXXV II LI XCV MCMLXIX X
X XIXLMCM VCX IL II VXXXL IL III IIVXMM VXX V IILX IXMM X IXXLMCM IIIVMM
mmviiimcmlxxixmmxixliivxxvmmxviiiiililxxxviilixcvmcmlxixx
xxixlmcmvcxiliivxxxliliiiiivxmmvxxviilxixmmxixxlmcmiiivmm
MMXMXVXMILLILXMX
XMXLILLIMXVXMXMM
LXXIIILXXIVLXXVLXXVILXXVIILXXVIIILXXIX
XIXXLIIIVXXLIIVXXLIVXXLVXXLVIXXLIIIXXL
LXXIII LXXIV LXXV LXXVI LXXVII LXXVIII LXXIX
XIXXL IIIVXXL IIVXXL IVXXL VXXL VIXXL IIIXXL
two thousand eight one one one one thousand nine hundred seventy-one ten one two thousand eleven one forty-two twenty thousand one hundred thousand two thousand seventeen twelve thousand fifty-one eighty-five two fifty-one ninety-five one thousand nine hundred sixty-nine ten
net enin-ytxis derdnuh enin dnasuoht eno evif-ytenin eno-ytfif owt evif-ythgie eno-ytfif dnasuoht evlewt neetneves dnasuoht owt dnasuoht derdnuh eno dnasuoht ytnewt owt-ytrof eno nevele dnasuoht owt eno net eno-ytneves derdnuh enin dnasuoht eno eno eno eno thgie dnasuoht owt
twothousandeightoneoneoneonethousandninehundredseventy-onetenonetwothousandelevenoneforty-twotwentythousandonehundredthousandtwothousandseventeentwelvethousandfifty-oneeighty-fivetwofifty-oneninety-fiveonethousandninehundredsixty-nineten
netenin-ytxisderdnuhenindnasuohtenoevif-ytenineno-ytfifowtevif-ythgieeno-ytfifdnasuohtevlewtneetnevesdnasuohtowtdnasuohtderdnuhenodnasuohtytnewtowt-ytrofenonevelednasuohtowtenoneteno-ytnevesderdnuhenindnasuohtenoenoenoenothgiednasuohtowt
TWO THOUSAND EIGHT ONE ONE ONE ONE THOUSAND NINE HUNDRED SEVENTY-ONE TEN ONE TWO THOUSAND ELEVEN ONE FORTY-TWO TWENTY THOUSAND ONE HUNDRED THOUSAND TWO THOUSAND SEVENTEEN TWELVE THOUSAND FIFTY-ONE EIGHTY-FIVE TWO FIFTY-ONE NINETY-FIVE ONE THOUSAND NINE HUNDRED SIXTY-NINE TEN
toooototoftottfetfnot
TOOOOTOTOFTOTTFETFNOT
two thousand eight one thousand nine hundred seventy-one ten one two thousand eleven one forty-two twenty thousand one hundred thousand two thousand seventeen twelve thousand fifty-one eighty-five two fifty-one ninety-five one thousand nine hundred sixty-nine ten
net enin-ytxis derdnuh enin dnasuoht eno evif-ytenin eno-ytfif owt evif-ythgie eno-ytfif dnasuoht evlewt neetneves dnasuoht owt dnasuoht derdnuh eno dnasuoht ytnewt owt-ytrof eno nevele dnasuoht owt eno net eno-ytneves derdnuh enin dnasuoht eno thgie dnasuoht owt
twothousandeightonethousandninehundredseventy-onetenonetwothousandelevenoneforty-twotwentythousandonehundredthousandtwothousandseventeentwelvethousandfifty-oneeighty-fivetwofifty-oneninety-fiveonethousandninehundredsixty-nineten
netenin-ytxisderdnuhenindnasuohtenoevif-ytenineno-ytfifowtevif-ythgieeno-ytfifdnasuohtevlewtneetnevesdnasuohtowtdnasuohtderdnuhenodnasuohtytnewtowt-ytrofenonevelednasuohtowtenoneteno-ytnevesderdnuhenindnasuohtenothgiednasuohtowt
TWO THOUSAND EIGHT ONE THOUSAND NINE HUNDRED SEVENTY-ONE TEN ONE TWO THOUSAND ELEVEN ONE FORTY-TWO TWENTY THOUSAND ONE HUNDRED THOUSAND TWO THOUSAND SEVENTEEN TWELVE THOUSAND FIFTY-ONE EIGHTY-FIVE TWO FIFTY-ONE NINETY-FIVE ONE THOUSAND NINE HUNDRED SIXTY-NINE TEN
tototoftottfetfnot
TOTOTOFTOTTFETFNOT
two thousand eight one thousand nine hundred seventy-one two thousand eleven two thousand seventeen one thousand nine hundred sixty-nine
enin-ytxis derdnuh enin dnasuoht eno neetneves dnasuoht owt nevele dnasuoht owt eno-ytneves derdnuh enin dnasuoht eno thgie dnasuoht owt
twothousandeightonethousandninehundredseventy-onetwothousandeleventwothousandseventeenonethousandninehundredsixty-nine
enin-ytxisderdnuhenindnasuohtenoneetnevesdnasuohtowtnevelednasuohtowteno-ytnevesderdnuhenindnasuohtenothgiednasuohtowt
TWO THOUSAND EIGHT ONE THOUSAND NINE HUNDRED SEVENTY-ONE TWO THOUSAND ELEVEN TWO THOUSAND SEVENTEEN ONE THOUSAND NINE HUNDRED SIXTY-NINE
totto
TOTTO
forty-two fifty-one fifty-one ninety-five
evif-ytenin eno-ytfif eno-ytfif owt-ytrof
forty-twofifty-onefifty-oneninety-five
evif-ytenineno-ytfifeno-ytfifowt-ytrof
FORTY-TWO FIFTY-ONE FIFTY-ONE NINETY-FIVE
fffn
FFFN
seventy-three seventy-four seventy-five seventy-six seventy-seven seventy-eight seventy-nine
enin-ytneves thgie-ytneves neves-ytneves xis-ytneves evif-ytneves ruof-ytneves eerht-ytneves
sssssss
UILLTLBULOWAAKAAURMAFSAZRTRK
KRTRZASFAMRUAAKAAWOLUBLTLLIU
uilltlbulowaakaaurmafsazrtrk
krtrzasfamruaakaawolubltlliu
THKKSKATKNVZZJZZTQLZERZYQSQJ
JQSQYZREZLQTZZJZZVNKTAKSKKHT
thkkskatknvzzjzztqlzerzyqsqj
jqsqyzrezlqtzzjzzvnktakskkht
14080b0b610b01140b0e1600000a000014110c00051234335f13450a
a05431f53343215000c011410000a0000061e0b04110b016b0b08041
BSNHPZDYAVTCAABAAWPLCKLBLLCC
CCLLBLKCLPWAABAACTVAYDZPHNSB
bsnhpzdyavtcaabaawplcklbllcc
ccllblkclpwaabaactvaydzphnsb
ARMGOYCXZUSBZZAZZVOKBJKAKKBB
BBKKAKJBKOVZZAZZBSUZXCYOGMRA
armgoycxzusbzzazzvokbjkakkbb
bbkkakjbkovzzazzbsuzxcyogmra
01605b3b0f19513200154702000001000016290b020a0b4f0b0b5002
2005b0b0f4b0a020b09261000010000020745100231591f0b3b50610
UILLTLBULOWAAKAAURMAFSAZRTRKPTWP
PWTPKRTRZASFAMRUAAKAAWOLUBLTLLIU
uilltlbulowaakaaurmafsazrtrkptwp
pwtpkrtrzasfamruaakaawolubltlliu
THKKSKATKNVZZJZZTQLZERZYQSQJOSVO
OVSOJQSQYZREZLQTZZJZZVNKTAKSKKHT
thkkskatknvzzjzztqlzerzyqsqjosvo
ovsojqsqyzrezlqtzzjzzvnktakskkht
14080b0b610b01140b0e1600000a000014110c00051234335f13450a29473043
34037492a05431f53343215000c011410000a0000061e0b04110b016b0b08041
UILLQLBULOWAAKAAURMAFSZYOTPK
KPTOYZSFAMRUAAKAAWOLUBLQLLIU
uillqlbulowaakaaurmafszyotpk
kptoyzsfamruaakaawolublqlliu
THKKPKATKNV__J__TQL_ERYXNSOJ
JOSNXYRE_LQT__J__VNKTAKPKKHT
thkkpkatknv__j__tql_eryxnsoj
josnxyre_lqt__j__vnktakpkkht
BPKFPZAXAVRCAABAAWOLCKLZLL_C
C_LLZLKCLOWAABAACRVAXAZPFKPB
bpkfpzaxavrcaabaawolcklzll_c
c_llzlkclowaabaacrvaxazpfkpb
AOJEOY_W_UQB__A__VNKBJKYKKZB
BZKKYKJBKNV__A__BQU_W_YOEJOA
aojeoy_w_uqb__a__vnkbjkykkzb
bzkkykjbknv__a__bqu_w_yoejoa
UILLQLBULOWAAKAAURMAFSZYOTPKORVN
NVROKPTOYZSFAMRUAAKAAWOLUBLQLLIU
uillqlbulowaakaaurmafszyotpkorvn
nvrokptoyzsfamruaakaawolublqlliu
THKKPKATKNV__J__TQL_ERYXNSOJNQUM
MUQNJOSNXYRE_LQT__J__VNKTAKPKKHT
thkkpkatknv__j__tql_eryxnsojnqum
muqnjosnxyre_lqt__j__vnktakpkkht
SFPJMLMSBACRQFDRPHK
KHPRDFQRCABSMLMJPFS
sfpjmlmsbacrqfdrphk
khprdfqrcabsmlmjpfs
REOILKLRAZBQPECQOGJ
JGOQCEPQBZARLKLIOER
reoilklrazbqpecqogj
jgoqcepqbzarlklioer
c82b77c70c0b8ec8010002117805b9fbb7c90a
a09c7bbf9b5087112000108ce8b0c07c77b28c
TPTFJAJYABAWVYXXHYC
CYHXXYVWABAYJAJFTPT
tptfjajyabawvyxxhyc
cyhxxyvwabayjajftpt
SOSEIZIXZAZVUXWWGXB
BXGWWXUVZAZXIZIESOS
soseizixzazvuxwwgxb
bxgwwxuvzazxiziesos
13b34f0d2f00d966000100169b6665b36fb402
204bf63b5666b961001000669d00f2d0f43b31
SFPJMLMSBACRQFDRPHAPSH
HSPAHPRDFQRCABSMLMJPFS
sfpjmlmsbacrqfdrphapsh
hspahprdfqrcabsmlmjpfs
REOILKLRAZBQPECQOGZORG
GROZGOQCEPQBZARLKLIOER
reoilklrazbqpecqogzorg
grozgoqcepqbzarlklioer
c82b77c70c0b8ec8010002117805b9fbb7c968abe607
706eba869c7bbf9b5087112000108ce8b0c07c77b28c
CAAIBBBBJHBBABCABBBECCAAAABAAAAACABHBCAAAFBIFCFBJFBJGJBA
ABJGJBFJBFCFIBFAAACBHBACAAAAABAAAACCEBBBACBABBHJBBBBIAAC
caaibbbbjhbbabcabbbeccaaaabaaaaacabhbcaaafbifcfbjfbjgjba
abjgjbfjbfcfibfaaacbhbacaaaaabaaaaccebbbacbabbhjbbbbiaac
BZZHAAAAIGAAZABZAAADBBZZZZAZZZZZBZAGABZZZEAHEBEAIEAIFIAZ
ZAIFIAEIAEBEHAEZZZBAGAZBZZZZZAZZZZBBDAAAZBAZAAGIAAAAHZZB
bzzhaaaaigaazabzaaadbbzzzzazzzzzbzagabzzzeahebeaieaifiaz
zaifiaeiaebehaezzzbagazbzzzzzazzzzbbdaaazbazaagiaaaahzzb
0200000801010101090701010001020001010104020200000000010000000000020001070102000000050108050205010905010906090100
0010906090105090105020508010500000002010701000200000000000100000000020204010101000201000101070901010101080000020
0001090609010509010502050801050000000201070100020000000000010000000002020401010100020100010107090101010108000002
2000008010101010907010100010200010101040202000000000100000000000200010701020000000501080502050109050109060901000
CAAIBBBBJHBBABCABBBECCAAAABAAAAACABHBCAAAFBIFCFBJFBJGJBAEBHBEIGH
HGIEBHBEABJGJBFJBFCFIBFAAACBHBACAAAAABAAAACCEBBBACBABBHJBBBBIAAC
caaibbbbjhbbabcabbbeccaaaabaaaaacabhbcaaafbifcfbjfbjgjbaebhbeigh
hgiebhbeabjgjbfjbfcfibfaaacbhbacaaaaabaaaaccebbbacbabbhjbbbbiaac
BZZHAAAAIGAAZABZAAADBBZZZZAZZZZZBZAGABZZZEAHEBEAIEAIFIAZDAGADHFG
GFHDAGADZAIFIAEIAEBEHAEZZZBAGAZBZZZZZAZZZZBBDAAAZBAZAAGIAAAAHZZB
bzzhaaaaigaazabzaaadbbzzzzazzzzzbzagabzzzeahebeaieaifiazdagadhfg
gfhdagadzaifiaeiaebehaezzzbagazbzzzzzazzzzbbdaaazbazaagiaaaahzzb
02000008010101010907010100010200010101040202000000000100000000000200010701020000000501080502050109050109060901000401070104080607
70608040107010400010906090105090105020508010500000002010701000200000000000100000000020204010101000201000101070901010101080000020
The reaction Global Global rabbit Global the The Global of sensed Here's Here's the Here's Here's The it Financial Here's was Really sum the The Yes of the
the reaction global global rabbit global the the global of sensed here's here's the here's here's the it financial here's was really sum the the yes of the
TrGGrGtTGosHHtHHTiFHwRstTYot
Yes a the the Bitcoin the Here's Yes the Crisis markets love love to love love Yes caused Global love Bitcoin it the are Dimon Really years to
yes a the the bitcoin the here's yes the crisis markets love love to love love yes caused global love bitcoin it the are dimon really years to
YattBtHYtCmlltllYcGlBitaDRyt
up We've the GOLD Financial Global Bitcoiners up the Here's bitter it chaos was cash weren't poppy fills the
up we've the gold financial global bitcoiners up the here's bitter it chaos was cash weren't poppy fills the
uWtGFGButHbicwcwpft
came right all AND Global the some came Here's love the caused the Bitcoin to this ridden Bitcoin to
came right all and global the some came here's love the caused the bitcoin to this ridden bitcoin to
craAGtscHltctBttrBt
1111101100011111110110011101011111101101111010101001110001000001100001101010000011111100001101110111000001100111010101101100111011111111101100011010
0101100011011111111101110011011010101110011000001110111011000011111100000101011000011000001000111001010101111011011111101011100110111111100011011111
fb1fd9d7edea9c4186a0fc37706756ceffb1a0
0a1bffec65760773cf0a6814c9aede7d9df1bf
1111101100000000001000000010000000111110110011000010100000000111111011011000000010010101010011100010000011000011010100000111111000011011101110000000110011010101010000001000110011010111111111011000100001010
0101000010001101111111110101100110001000000101010101100110000000111011101100001111110000010101100001100000100011100101010100100000001101101111110000000010100001100110111110000000100000001000000000011011111
fb0020203ecc2807ed80954e20c3507e1bb80cd5408cd7fd88
88df7dc8045dc08bb1e7053c02e45908de7082cce3020200bf
0000011111011000000000000000000100000000000000010000000000000001000001111011001100000000000010100000000000000001000001111101101100000000000000010000000000101010010011100010000011000011010100000000001111110000100101110111000000000000000110011000000000101010100000000000000100000000000110011000000000101111100000111101100010000000000001010
0101000000000000100011011110000011111010000000001100110000000000010000000000000010101010000000001100110000000000000001110111010010000111111000000000010101100001100000100011100100101010000000000100000000000000011011011111000001000000000000000010100000000000011001101111000001000000000000000100000000000000010000000000000000001101111100000
07d800010001000107b3000a000107db0001002a4e20c35003f097700019802a80010019802f83d88005
50088d38f20891001008a208910007790f30053c02e4a2001000bd701000a0003b701000100010008d70
1010111101100011011111110011101010101110011101110111000001111110000111000011010100000100111000100000101010111111011011110101111011001111111111011000
0001101111111111001101111010111101101111110101010000010001110010000010101100001110000111111000001110111011100111010101011100111111101100011011110101
af637f3aae77707e1c3504e20abf6f5ecffd80
08dffce5f6fba02e4053c1e70777eaa3f736fa
0000101011110110001010111110011001100000010010101010011001110111011100000111111000011100001101010000010011100010000000101010000000011111101101100000001000010101111011001100000001000000010000000111111011000
0001101111110000000100000001000000011001101111010100001000000011011011111100000000101010000000100011100100000101011000011100001111110000011101110111001100101010100100000011001100111110101000110111101010000
0af62be6604aa677707e1c3504e202a01fb60215ecc040407e
e704040cce51206bf10a202e4053c1e707776aa4066eb26fa0
0000000000001010000001111011000100000000010111110000000000110011000000000000001000000000010101010000000000110011001011101110000000000111111000011100001101010000001001110001000000000000000101010000000000000000100000111110110110000000000000001000000000000101000000111101100110000000000000001000000000000000100000000000000010000011111011000
0001101111100000100000000000000010000000000000001000000000000000110011011110000001010000000000001000000000000000110110111110000010000000000000000101010000000000000001000111001000000101011000011100001111110000000000111011101001100110000000000101010100000000001000000000000001100110000000000111110100000000010001101111000000101000000000000
000a07b1005f00330002005500332ee007e1c35027100015000083ed8000800503d980008000800083ec
ce380008000800089d3050080008de38000051000172053c1e700ee23300550020003300f5001b70a000
200811119711012011142200
002241110210117911118002
019691591525815000217102
00000100002241110210117911118002
00100000201712000518525195196910
01969159152581500021710200000100
20081111971101201114220000100
00100002241110210117911118002
00000201712000518525195196910
01969159152581500021710200000
200811119711012011142200001
100002241110210117911118002
000201712000518525195196910
019691591525815000217102000
20081111971101201114220000100000201712000518525195196
69159152581500021710200000100002241110210117911118002
81111971101201114220000100000201712000518525195196910
01969159152581500021710200000100002241110210117911118
910
019
2011910211200100211001559161
1619551001120010021120191102
0811711014200000072058215990
0995128502700000024101171180
2817001200001012991
1992101000021007182
0111114000012085560
0655802100004111110
21220715
51702212
09000181
18100090
2910209
9020192
0710055
5500170
200051852519519691041714867
768417140196915915258150002
2008111197110120111422000010000020171
1710200000100002241110210117911118002
0000020171200051852519519691041714867
7684171401969159152581500021710200000
200811119711012011142200001000002
200000100002241110210117911118002
020171200051852519519691041714867
768417140196915915258150002171020
2008111197110120111422000010000
0000100002241110210117911118002
0171200051852519519691041714867
7684171401969159152581500021710
2008111197110120111422000010000020171200051852519519691041714
4171401969159152581500021710200000100002241110210117911118002
8111197110120111422000010000020171200051852519519691041714867
7684171401969159152581500021710200000100002241110210117911118
867
768
20119102112001002110015591614746
64741619551001120010021120191102
08117110142000000720582159901187
78110995128502700000024101171180
2817001200001012991147
7411992101000021007182
011111400001208556078
870655802100004111110
2122071547
7451702212
090001811
118100090
29102094
49020192
07100551
15500170
09510211
11201590
11001401
10410011
0100001
1000010
1500021
1200051
2008111719711016201114282000010400002011712000571852519151969104
4019691519152581750002171102000040100002824111026101179171118002
7260804811711141971101201114220000100000201712000518525195196910
0196915915258150002171020000010000224111021011791411171184080627
2706088411171114977618140117210417161844212701040706180401070104270618741127010407561884512751149756189461971104
4011791649816579411572154881657040107211478160724010701040816070401072124481617140127110418167794111711148806072
56820605419516346790351476941714569305147392454543937404
40473934545429374150396541714967415309764361591450602865
96822825639518348798391476941714969129147192696561937624
42673916569629174192196941714967419389784381593652822869
2008111419711011201114272000010100002014712000581852519651969107
7019691569152581850002174102000010100002724111021101179141118002
4210701841816171971101201114220000100000201712000518525195196910
0196915915258150002171020000010000224111021011791716181481070124
2401078114181617947117110418260714111741242806070401170104080607240117711428060704511781542856179451179164981607
7061894619711549716582451871154070608241177110427060804010711040706082421471114170628140117117497161814118701042
61795976366049475065606741614867616650674469103634682177
77128643630196447605661676841614760656057494066367959716
61795978388249875285606741814867618850674689901836800777
77700863810998647605881676841814760658257894288387959716
20081111971101201114220000100000201712000518525195196910CL76841714A
CL76841714A20081111971101201114220000100000201712000518525195196910
20081111971101201114220000100000201712000518525195196910 CL76841714A
01969159152581500021710200000100002241110210117911118002CL76841714A
CL76841714A01969159152581500021710200000100002241110210117911118002
01969159152581500021710200000100002241110210117911118002 CL76841714A
7374757677787920081111971101201114220000100000201712000518525195196910CL76841714A
CL76841714A7374757677787920081111971101201114220000100000201712000518525195196910
7374757677787920081111971101201114220000100000201712000518525195196910 CL76841714A
20081111971101201114220000100000201712000518525195196910L12
L1220081111971101201114220000100000201712000518525195196910
20081111971101201114220000100000201712000518525195196910 L12
01969159152581500021710200000100002241110210117911118002L12
L1201969159152581500021710200000100002241110210117911118002
01969159152581500021710200000100002241110210117911118002 L12
7374757677787920081111971101201114220000100000201712000518525195196910L12
L127374757677787920081111971101201114220000100000201712000518525195196910
7374757677787920081111971101201114220000100000201712000518525195196910 L12
20081111971101201114220000100000201712000518525195196910CL76841714AL12
CL76841714AL1220081111971101201114220000100000201712000518525195196910
20081111971101201114220000100000201712000518525195196910 CL76841714AL12
01969159152581500021710200000100002241110210117911118002CL76841714AL12
CL76841714AL1201969159152581500021710200000100002241110210117911118002
01969159152581500021710200000100002241110210117911118002 CL76841714AL12
7374757677787920081111971101201114220000100000201712000518525195196910CL76841714AL12
CL76841714AL127374757677787920081111971101201114220000100000201712000518525195196910
7374757677787920081111971101201114220000100000201712000518525195196910 CL76841714AL12
20081111971101201114220000100000201712000518525195196910A41714867LC
A41714867LC20081111971101201114220000100000201712000518525195196910
20081111971101201114220000100000201712000518525195196910 A41714867LC
01969159152581500021710200000100002241110210117911118002A41714867LC
A41714867LC01969159152581500021710200000100002241110210117911118002
01969159152581500021710200000100002241110210117911118002 A41714867LC
7374757677787920081111971101201114220000100000201712000518525195196910A41714867LC
A41714867LC7374757677787920081111971101201114220000100000201712000518525195196910
7374757677787920081111971101201114220000100000201712000518525195196910 A41714867LC
0871111769
9671111780
81179
97118
1969-1971-2008-2011-2017
7102-1102-8002-1791-9691
6971081117
7111801796
91817
71819
0000000000000000000000000000000000000000000000011147ef79801aea91
19aea10897fe7411100000000000000000000000000000000000000000000000
2017 2011 2008 1971 1969
9691 1791 8002 1102 7102
2017-2011-2008-1971-1969
9691-1791-8002-1102-7102
1711087169
9617801171
00000000000000000000000000000000000000000000000117f1614fae0f4fe1
1ef4f0eaf4161f71100000000000000000000000000000000000000000000000
1969 2017 2011 1971 2008
8002 1791 1102 7102 9691
1969-2017-2011-1971-2008
8002-1791-1102-7102-9691
6917117108
8017117196
0000000000000000000000000000000000000000000000011148194fc79f5308
8035f97cf4918411100000000000000000000000000000000000000000000000
00110906090125294115121508211500101072911711101280000020
02000008210111711927010100511280512151149252109060901100
10 1969 95 51 2 85 51 12000 2017 100000 20000 42 1 2011 1 10 1971 1 1 1 2008
2 37 3 6
42519551
4251955142
15595124
18521
MMVIIIIIIMCMLXXIXIMMXIIXLIIMMMMMMMMMMMMMMMMMMMMMMMMMMMMMMMMMMMMMMMMMMMMMMMMMMMMMMMMMMMMMMMMMMMMMMMMMMMMMMMMMMMMMMMMMMMMMMMMMMMMMMMMMMMMMMMMMMMMMMMMMMXVIIMMMMMMMMMMMMLILXXXVIILIXCVMCMLXIXX
MMVIII I I I MCMLXXI X I MMXI I XLII MMMMMMMMMMMMMMMMMMMM MMMMMMMMMMMMMMMMMMMMMMMMMMMMMMMMMMMMMMMMMMMMMMMMMMMMMMMMMMMMMMMMMMMMMMMMMMMMMMMMMMMMMMMMMMMMMMMMMMMM MMXVII MMMMMMMMMMMM LI LXXXV II LI XCV MCMLXIX X
MCMLXIXMCMLXXIMMVIIIMMXIMMXVII
cactus dog dutch comfort avoid mosquito dust lounge abandon above abandon abuse
abandon length abandon dizzy illness abandon behave apart face potato fog camp
2008111197110120111422000010000020171200
cactus dog dutch comfort avoid mosquito dust lounge abandon above abandon able accident math adult
1114220000100000201712000518525195196910
baby patient length ability abandon abandon leopard time abandon churn behind permit face region drink
cactus dog dutch comfort avoid mosquito dust lounge abandon above abandon able accident math abandon perfect false month
971101201114220000100000201712000518525195196910
novel marine elite captain drama abandon able abandon ability absent setup abandon face circle edge permit harbor lottery
cactus dog dutch comfort avoid mosquito dust lounge abandon above abandon able accident math abandon perfect false million edge split achieve
cactus dog dutch comfort avoid mosquito dust lounge abandon above abandon able accident math abandon perfect false million edge split abandon abandon abandon autumn
abandon abandon abandon divorce library match fox cage cactus master ancient abandon absurd abandon above actual bamboo ability ecology pigeon bone million picture arrow
d1a81660e13df5c51471d5d7414b5d301453a087
spider doll oblige second tent tip fade deny struggle apart struggle gasp early space business
0000000000d1a81660e13df5c51471d5d7414b5d301453a087d119ee
abandon abandon abandon accuse box arctic logic chicken volume chunk broccoli produce inject pizza inquiry action father aerobic violin critic train
d1a81660e13df5c51471d5d7414b5d301453a087d119ee0000000000
spider doll oblige second tent tip fade deny struggle apart struggle gasp early space butter case unlock abandon abandon abandon armed
b8ffb87e705717dbc32e86bba6429d6357432b71a480d76b387126532b49ce4f
account region film clean fix pool above comfort acoustic abandon able abuse
abandon abandon divorce able catch mass analyst acquire jungle mass gas alarm
0196915915258150002171020000010000224111
account region film clean fix pool above comfort acoustic abandon able abandon acquire calm either
0021710200000100002241110210117911118002
ability argue dog abandon abandon length above else baby awesome affair vendor baby scale angry
019691591525815000217102000001000022411102101179
account region film clean fix pool above comfort acoustic abandon able abandon acquire calm dune dragon badge slender
152581500021710200000100002241110210117911118002
benefit clown favorite able blade library abandon ability abandon absurd motion capital canal anger tone captain length bench
account region film clean fix pool above comfort acoustic abandon able abandon acquire calm dune dragon badge silk dutch abandon chunk
account region film clean fix pool above comfort acoustic abandon able abandon acquire calm dune dragon badge silk dutch abandon cactus abandon abandon cable
abandon abandon abandon add harbor prosper fee rabbit exotic absurd fox advice abandon above abandon affair donate marine lottery carry much match abandon economy
148f195e10c17267f21eed26971a48d604c211e7
behind juice fiscal canoe blame crop silent tank charge rhythm mutual project equip angry ostrich
0000000000148f195e10c17267f21eed26971a48d604c211e72300b2
abandon abandon abandon ability employ million joke blouse include display marble surge harvest minor cash scene search monkey silver accident canoe
148f195e10c17267f21eed26971a48d604c211e72300b20000000000
behind juice fiscal canoe blame crop silent tank charge rhythm mutual project equip angry orient gas rare abandon abandon abandon antenna
2b1dec3735360e555e2c91d6b2738993d3bb51327c22ef2b6c8a4f790c619e90
20171200051852519519691041714867
cactus review length any lunch churn federal coffee aware argue faith soda
0010000020171200051852519519691041714867
abandon length abandon dizzy illness abandon behave apart face potato fog calm blade picnic oyster
111422000010000020171200051852519519691041714867
baby patient length ability abandon abandon leopard time abandon churn behind permit face region donate comfort embody decade
97110120111422000010000020171200051852519519691041714867
novel marine elite captain drama abandon able abandon ability absent setup abandon face circle edge permit harbor link fox move lecture
cactus dog dutch comfort avoid mosquito dust lounge abandon above abandon able accident math abandon perfect false million edge split advice reward canoe venture
04e1a6920ac8ec1084050116e83a26555c505808
agent artwork pig better mom analyst avoid parent black dove maze primary shallow clown car
0004e1a6920ac8ec1084050116e83a26555c505808c927fe410cb2b3
abandon check have catch prosper invite dragon level absurd resemble attend erosion fiction choice gasp bomb child velvet drip grace dawn
04e1a6920ac8ec1084050116e83a26555c505808c927fe410cb2b300
agent artwork pig better mom analyst avoid parent black dove maze primary shallow clown case ceiling wrestle anchor coach gravity apology
000000000004e1a6920ac8ec1084050116e83a26555c505808c927fe410cb2b3
4dfa71ba11dfd21e031d749c5c44d43e04386a45f517b0da4d55df017e7c1c64
20171200051852519519691076841714
cactus review length any lunch churn federal coffee away reflect alarm citizen
0010000020171200051852519519691076841714
abandon length abandon dizzy illness abandon behave apart face potato fog can hair argue eye
111422000010000020171200051852519519691076841714
baby patient length ability abandon abandon leopard time abandon churn behind permit face region dove spatial blade piece
97110120111422000010000020171200051852519519691076841714
novel marine elite captain drama abandon able abandon ability absent setup abandon face circle edge permit harbor lonely patient comfort enlist
cactus dog dutch comfort avoid mosquito dust lounge abandon above abandon able accident math abandon perfect false million edge split alter dragon fox market
0004e1a6920ac8ec1084050116e83a26555c505808c927fe4324b0f2
abandon check have catch prosper invite dragon level absurd resemble attend erosion fiction choice gasp bomb child velvet since giggle cloud
04e1a6920ac8ec1084050116e83a26555c505808c927fe4324b0f200
agent artwork pig better mom analyst avoid parent black dove maze primary shallow clown case ceiling wrestle bomb club tomato add
000000000004e1a6920ac8ec1084050116e83a26555c505808c927fe4324b0f2
94efa5c7210edddf037cf2116fe0adb2b6028e172c4761a78aed157997efd99c
76841714019691591525815000217102
isolate camera shallow add harbor prosper fee rabbit exotic absurd fox advice
7684171401969159152581500021710200000100
isolate camera shallow add harbor prosper fee rabbit exotic absurd fox advice abandon above action
768417140196915915258150002171020000010000224111
isolate camera shallow add harbor prosper fee rabbit exotic absurd fox advice abandon above abandon affair donate maximum
76841714019691591525815000217102000001000022411102101179
isolate camera shallow add harbor prosper fee rabbit exotic absurd fox advice abandon above abandon affair donate marine lottery carry near
isolate camera shallow add harbor prosper fee rabbit exotic absurd fox advice abandon above abandon affair donate marine lottery carry much match abandon flush
12addf21636ad719e4b863e3c2509ae277e77408
bargain humble sign short pulp mind napkin arrest toilet barely chase shaft lazy ring call
0012addf21636ad719e4b863e3c2509ae277e7740804c211e72300b2
abandon nice jelly drift cute high guide novel glue bulk neither cupboard cherry victory south above search monkey silver accident card
12addf21636ad719e4b863e3c2509ae277e7740804c211e72300b200
bargain humble sign short pulp mind napkin arrest toilet barely chase shaft lazy ring cactus obscure ball decorate scan goat ability
000000000012addf21636ad719e4b863e3c2509ae277e7740804c211e72300b2
ffea1cbee1facb78b03b77c95cc09bd952f617eab6d5f63447c0c8b5f227a5ea
73747576777879200811119711012011
inflict photo frown upon maple mosquito cake captain novel marine elite castle
7374757677787920081111971101201114220000
inflict photo frown upon maple mosquito cake captain novel marine elite captain drama abandon add
737475767778792008111197110120111422000010000020
inflict photo frown upon maple mosquito cake captain novel marine elite captain drama abandon able abandon ability alarm
73747576777879200811119711012011142200001000002017120005
inflict photo frown upon maple mosquito cake captain novel marine elite captain drama abandon able abandon ability absent setup abandon expand
7374757677787920081111971101201114220000100000201712000518525195
inflict photo frown upon maple mosquito cake captain novel marine elite captain drama abandon able abandon ability absent setup abandon face circle edge project
7677787920081111971101201114220000100000201712000518525195196910
island rookie bundle divorce library match fox cage cactus master ancient abandon absurd abandon above actual bamboo ability ecology pigeon bone million picture audit
01118b82d9f0969cce5477d4508e91ef3a80963f
absurd middle thing recycle annual example deer moment stairs love piece taxi pool enrich zero
01118b82d9f0969cce5477d4508e91ef3a80963f3987a71453a087d1
absurd middle thing recycle annual example deer moment stairs love piece taxi pool enrich woman couch poem penalty trial autumn blind
bcaeb19dbcbf511becfaf286062790e36640a7c04b78571e0df445bb1f96b737
