address	scripthash_hex	balance_sats	balance_btc
12HuyMepBmkbmMbvpysnZpe8vijiR2UoPx	002224771a16efa649c58d054839cbc1a5b9469cd4226fb51466507401feb1b6	2000001094	20.00001094
3NRymbz8TgLeCNWqe7G4fbHDBkFzqM5Gww	00223728841221f07c9e83759ea9fedf4046713d860252843a23d2e475cb2916	2005001094	20.05001094
1LM5bN1LPC4FZ6xvNs71WUPjgdXdaiLCQi	0041c0ed12db366431bf1925a308eb33e27573607fcd089cac4e5a45aab91378	1999958090	19.99958090
bc1qfkpgtvmajxwg2drl06lsf2d7fl8thkmn9qag99	00481de5b5d28eed0fb7b376a1957221bd97b4dd1972a90cac8ed1ba50012c6c	2000000000	20.00000000
1AYTLyxXmCAJ8RGYt3mX6v4h1GprNYnjAW	00585f15bd0f431847bd4b96df34267147664b9963493d286afa485231944ae2	2013071233	20.13071233
bc1q89ppr5ypn0vnz3mv6urqlt0hqh3zqqc2fy57sh	0080515338393f3b36baa7f7f18272e6b73ba53270f054dd9704f50945271e07	2000000547	20.00000547
3KWWCGj9zieRtmL4wxtxgFu6w1J3uz4f1Y	009384b7b85cbb08d28317ccee73957fa8e87c1947b0bd3ab6568f190e2ecd71	2000000000	20.00000000
1DzHnpmGLCtbKqJWHKTU4khbokqRnSKXoz	00cf7eb109361c414df50053bdcc3af15c4060e6ada6931f4af467dd8899169f	2000002894	20.00002894
1JP218PMo9GVrVnVXpkBxmA5b2aijeN8Zz	015b9dc1c84e19c6ba447f13bf0cecf7bcae6d3c3ef22b71c6fb7bd4674a559f	2000001094	20.00001094
1kKsv9spXfXGruF5iqSTt6B4XoymoQJgE	018a06b0bfd459d532140eeed42bee0bbc4c15df2c62e7a3b08bf8fdc6036bc3	2000000547	20.00000547
1Jikuq5tUvTDvMZ6E1qHro7nLQxj7EhgF2	01bcf921abaaf689805d1cda908a1ba006dcf4919788511357855c9c46c3eaef	1999811094	19.99811094
3JpRgJuVksaGBqcn4dvuTTcGPJ1dAdrWLF	01c9c82b217dbed6948be2a15fb528d918b121a61bd09202743a6286dc6e4883	1996578520	19.96578520
1BcgeMbEFJmFbsVm5y9iBRpRAozWirLAqg	01d334ca614578b2fe36f7b35cfa2224d13da6c668910667c00a4613b92a698c	2041131009	20.41131009
36U9iGwfRg3X19CeqeAV8aAZeUAjofieNa	01de7a68abda0d235c55335978727dc6d19cf405be0939bbe8170eb7726971b0	2003596900	20.03596900
1KQ7zbuHW7TAstAMzBM6F7hZYgNuquXMJh	024876a9d5a9763c2b0f7711e48db319ee01189ab89a474545be5326fe3e5a7a	2000000547	20.00000547
1LkSRCjcQgTe9jy7TeLZVKDUJuLe6cv5Ci	0270c77b2829d529653bad927a1d63cc3f949dc4dbf10473d325e043724d896c	2000000000	20.00000000
15A4xZiAWshPSzVPJEfzzmo1opWrfWJhK4	02875b9e390bbe5b5967c81fc6fc9c041cc6fb7f5e2aa834aecde1b675d4f187	2000002188	20.00002188
18VwRm9CXbzJQuRC8QsZCcSaq2oqdr2mTf	0296a52fa0a2ab3c706ad7bbe66fdaad50367e46c73c18ee2d67b58d8e81ee07	2000000547	20.00000547
13qkuHCaGSvjGjT6G95ztu8tZFdBBiJ4fv	02f0a468e915712fa74d61b897b2ac21ab8c1f609cd113b9cda28659fa634b6e	2000001094	20.00001094
1K9WvDXn2cmcJv81bgv9vGxL5V4xLyjfhS	03282a2e858dc7f0d0fca101eb82958750f639c8b1a114e82767430fef49edb4	2000000547	20.00000547
1HQSpeGCAawwgXJ7xk3MqjHLwtkDuDuKRS	0340a8e5566d70198c43c45dc1e01f8c6cddcc28e8d28db0465c6381cc56beef	2000002188	20.00002188
16hJP59LkoqwekyXSQid6uSHzCg1mBH6vN	0361b6ad912bb9caaec2231acc814f7689ffc472249025b3b68f666ce1e3e1c2	2000001641	20.00001641
1C4zuSBLUXqeFg3tp9A5XDWNna2KAfyfiF	03697f331df89f9046a7737900a9fc4fc39391e110f890b016b27f20dc4085ac	1999871000	19.99871000
12QGWLVJrALUwZa3bnYt5unMqquuFbCcbv	0370e1eac604ceb868724ce58dafd1886d70c403827aafad6c5847891ddf3c5f	2025850798	20.25850798
136FzhJXKHME3cfjNYP2LgEaeHNqA9uxKo	037d1d6dcffe124d58b08736a70bc783d219c7f973688d3d0fc74a6a1e7dbe88	1999958386	19.99958386
1DsozzAHZ2Fkaii2iNcg47tusiqYPf1uTv	03835e2b9e6220475b299905353a92bca8df861823b3ffef0e643497008bf8d7	1970477847	19.70477847
1FSobGM5jEPQcxSMZsvX1NpJcywM4bsxDX	038c08eb55b0cb23401531ce4e16ea2e81840154f17fee260c10d9f5b3477344	2000000547	20.00000547
33YqRZ4FZCf4PYvu6wUXJhCr7MY1NCXgUk	03bccd2dde0b58e1297aba54360b150fb5a0654d07e18150c04064b13181ef18	2000000547	20.00000547
3NcJXXKaz93C3EAMUpRZf99V9EkaEJYxJp	03ddc59b329641523a384490e884d0041da9ae244ba2e9e2c5a180a3367a3022	2000001094	20.00001094
1LRAsuPGqd87BfGT4cAbCPWZDdT3o2neCj	03df495005d3c38db25ca782b6326961e57ac1a0bec4e09809b114651b29a37b	2000000000	20.00000000
3G4WgX5WMribgX9x86U6Kd7Mifn671Kyce	03ef7a1f8f8f80faf1b565ba7aaae4003bdd6474edb5b33b4adcf5e16cee7a0e	2000001094	20.00001094
12W7ZohjmG1KHyp3dGrCR3L7ChWkYwNLed	042e4c55202e8864c47419db69c1dc7481e477ead2c51fea17cf0ab6f6e305ba	1995064388	19.95064388
1JcjSkw36Zp2FhLZLfWR273PXtp7MPEm8h	044578a5c2a127af7d13432a364257f1a3d1be802578a0ec9923729e3f59f47d	2000000547	20.00000547
3A88PvVTgF6uKjbyajLamHzXoyN3jZ3osJ	0477fd46063fd87988871f6bca14d15e2f5a3857fa40d73ac4256ede84c7b836	2000501094	20.00501094
19htT1RQQAEiZhtsW1HogEV34XoRjd48Wm	049d6448a4df1f729e8e18772b5273744419d7e62280d7b485b4def99ae92295	1999000001	19.99000001
18r81P7Qz9akGvZUcSCMG6uC2BTKwMHxXS	04bf61c093a30924ff47499658937442ebf811f4bf8c2ada9d0e2b5b8d4c3fa8	2000000547	20.00000547
13LdySjoDUwDia61ggAxAfbq3xdAwYngBZ	04ca2cfd718a484f14414625b27d6a50a9fc3220de30a7d34f94446f187637fc	1987554283	19.87554283
18deZmx7FszzqwH2XJvcCd93Wg5wMJWN7w	04cdb80d8d5b90d288fb7b11285dd36b8fdc9eedff13b474a1b61f0533c8182b	2000001094	20.00001094
bc1q9kyj7xt8mkaf35n56a5j47wys6z8t0yvhvwkv6	051d3451c5157992782cb5d991d193d9b2872a726edc000a69f89cdb3d87dad8	2000100330	20.00100330
15DhUqbhpiKbqgHMpEhJM4Ugh5Rz9SDSKL	053e2965c5863bd74d3a764fa05ae3d93911f17572847b577ab2559d6e99e768	1967140000	19.67140000
3N7a9V2QnMsYg9c5EscH2bM9QUsSgGNGpm	054897b0c3e75cfc1ce498edfbede2dd302b93053b60f52bfd81931361c891b4	2000000652	20.00000652
bc1qvqrwpjvr5hzj490xmp33cyacmf2tu6u80wrm68	055a75afa0fd13ef0f1e1c9a5582248a08a888d2e98aadd1b8a9db69e480b12f	2008172565	20.08172565
1Htwda6nXJJxtbaVNcZcNfjqVMjpjLJMZD	05748aeff4e2d7c3c88967f776079cd5245f8e4e6a5c9f58b9709523787f8275	2000000547	20.00000547
1GRNXD9b6kDdzLxhFKBMU1YY1zHLgv5RFk	058a9d836c70f107bddbbc508ff1f95af9a6a2e08b93fad82ec2afee52823098	1984439763	19.84439763
1QHFmH4f1Zjzgj8FFfnK1UsJxtyssnhhzs	05b063f6cbc49833760a8b99cdd4b96abd94c0e4fefc58aae72ad0852953b69b	2000000000	20.00000000
12h54KzMsz7d4mWSrJct1XRCozLHnjFcoe	05d305252c377d9216c41e2213c60fa48048f2d360301808c9fd96d8544233b6	2000002190	20.00002190
19SMW5PKd4v1B4RjZiS5MnVfpkwfoszUmp	05dc543e73d133c9985ab4bd320a2d176aa52520dddb0204bb52cd496922af67	1993199000	19.93199000
19YYjghqqcnn6SfVmp7nssJAHzScKsCjyL	05e27b09fc08cd087e7f3a7d57c7fb10f06bb1241f4189dc8246ca1cef43de3a	2000001094	20.00001094
1Ev2vWWhpcqpQgYwxC2RFVpt7Yuy45ro5B	05e92919df5e0839328463aa4edbbf43a74204295dc572556faa32634f83db1c	2034753937	20.34753937
1C5ToDw9gXgRtNaGYSNiLwcFuKU4ncWrBF	0629805bd7df32018671acdd757a1c1857f9e92d74572e7205d66079812cc52a	2000001094	20.00001094
1JeujsPzf3RqdzRXQTjGo182FGTgQwjFMJ	067fb0bc5dfc6f18ef6d030c3f9728c0ee78c39e26f4f97c9904d4776a431090	2000000845	20.00000845
18Xn4yvXLyyA43ePcBTj2cYtvUE2dhwZ5o	0686779ca81bc8089ccb13b77f23dac5150540dada0a5d99ae5e030c2bac513f	2000000547	20.00000547
1AYKV7SBTZge9RckQuCLzMcvYQgFYFmGYZ	06d81f94f0c2c038903316ca65349aef5c7e75975a20eeb5b6cccddf69662021	2000372286	20.00372286
3PtMDVa8oPTdu5P8b5PTUbDUJBeZibqLhp	06f0ef2aa0fb3bf83edbba8d6562f110887fc4c42408ebaf1576f8f086a4e13e	1963713174	19.63713174
3GjXazZmy8w36gaAyVbKLHeG6QJaWLzjCe	071bdecc0127268dee3b4ef4f08d9d3462ed114327e6e885c1da41fb4b382619	1995313582	19.95313582
12TCe3qkG7GwcEPPZfL6jeQHaEjskRRzo3	072ff92b2bcd56f6a3c0f8a278073fe3b6ef204a1d3c566751d58eba487cb1cc	2000099325	20.00099325
3MLdiPKreugDVf6AugsRW4hY4BbMCDxNYh	07483993e725e2a8ea2e42bff31a4a8354257312b745144646dbe5538776ffdb	2000001094	20.00001094
3Ew9u8rqfjxms5WpxqD58aRJK9edtzZyuT	0748bdad0bb9959eca51d0f48144176cfaabb04ef7572fab73ae83be0f3a1e3e	2011931044	20.11931044
bc1qel8ss6znqlq5w8ve8q44ztc2x6cu2gn3zn80xh	0788245f518c5f27af1ae6db1d449557bc65cf3a0a7e96c87a5bb861c82ad498	2000000547	20.00000547
bc1qmtssqtzc76j5xa574xcqtranmq4l2tcnuu5akm	078f688a8ee78e05de8bf4c1715f8aeee16b067bc6b40add7cc58e9aebc1bb9f	2000960000	20.00960000
1FJgUio2QUs1hkuHXmmD36oe2U4XnUzCje	079572da8620aef8f4cd9922ce9cadc1cd92b165de70f52fd945d6f822f85bdc	2040290541	20.40290541
16sRBjQCMLK98w5PSZ97jRYK3ey7w4B7Xa	07b12e37e8633dedb897c67f97f84f0c6d28eddf155cab8ddc9f37846bc11328	2000001641	20.00001641
16U57VUc4qg3LG8fRdSzCmKa2GdtjQ5t42	07bbc3dc413d4b9e38dfac601fb2e35dbaf0923908370fdd097cb3d938acb3f0	2000001641	20.00001641
1FaMfEVJZ81pbQKkRTTVViBTHxkuDZNX7Z	07cf29ba0bd80f21243bb7d5e2cfdea12e12db653386abe0c136f71bd2b5ec66	1990893086	19.90893086
3PuUMTZ6fcXC6wve4ASu2qwC26zkeqNx2A	07d0a259152c5506bc4534f06a319aeded4bb4a9c7902a83f261d0c8d4be8de1	2000000000	20.00000000
1FT4RdSBWvqLX75VD5hDm1X8CbWaRRegQx	07d5dbfafdd4c97b63760ab849d63a41dfd4da3e7da770a5a78e620c72fd3428	2000000547	20.00000547
3JCb7udxxBX9FozvMUSFmKEKUbncnKWeEK	0808e0216556cd58564ea2208744796cc224ad7d3f51a27a38614f66ade22e51	2000001094	20.00001094
3QhCmXXcoc1LZ8Lp9jaX3TuZ5MuYe61kaN	080b730dedcc38b57a8408e2499de8e2b35beae9509d7d19013e3ebbf5b9cbd9	2000010547	20.00010547
1AcTwCW1tpqj66zTnxNYiRseHvV9QMWeCD	081b6d75e7b0a3401dda490b6aa0e774425b4b17046191e425b6dfd5c49d96df	2004811747	20.04811747
1EJS5c2xcwkxkSiGDfHckPYHzswvqPin4L	0822d98cf20d6e91e4db20cca3b2daaad6cd5c3296b2bce91cf20af996519cae	1999980000	19.99980000
33rSKNtGgefUaYPp8rgzsVrsWqmK9tcghz	082e666e10d83b97c0d296108b0b605822b92c22ee2c5d21e69117014511a77a	1999900000	19.99900000
3JiM5vcQ3chU6VjeM7rZFtNyCcaE7xd1os	087f9340497e71d8cdac022b06a283b49fa7d10ab581d9c77afc176fe43c92c8	1999900000	19.99900000
1BJX2RisSQ2kwvBSUzJeS7EKjfCaKZQs3e	08ad354f92fd0d2c647fd535ea38a01fccf411b23dc52d0f3229cc94b9c15070	2001430332	20.01430332
14MezfMzFp7eenLQx53wmoRTMNquRqfT7W	08b0b264ca2d58ad5375c826bcee3125aa7d7c49db7916fa6e82a01f79848f80	2000001641	20.00001641
39d6rXKMZAu2n17NEoFmE7VRDUBWUbuEm3	08fd60852fe70f430ff308041c0e079d71b932ad56d1e0b84bb8fed9616080d5	2000000744	20.00000744
3HhaeHx8SSBrMnomLKJMGWYL9uCCrBC8en	093eb25f64e3f514ff50b8e2ae09bb7b9aae725979b1359617ee7daeb01db0d4	1982300547	19.82300547
1LLFJ5CW4gEFvAAMQBGZKGS485V8Gazc2y	09626a93e0f34a6c1169e4396029a45c6d28655a7775fafd59734ba77f01ecbd	2000000608	20.00000608
3LhH1h95kJATAJFVH2CGovNzCCHmZU3N1K	099f27e67db64bd5ebf6b3b60a971affbe6807e111509f70bbbc349a25ec8709	1956840000	19.56840000
12fb4ALHQzhaRJr7EtFxqYd9789zqdXvSt	09bdadf4a3410999707174cfe7c85c58ef5185c24ad192c79070ba626c6cf7d3	2010000548	20.10000548
1K698fd5icFMUc6AHDd1eVHFd19GMKW72j	09f6051e49184bfdca505a19718fcfccca4f116e2ededf9f6f34ec43b816fabf	2000000958	20.00000958
19X3sR5gzRYJoEmZmz8bwg89qygqFVRSst	0a2913bedddae24fbd3b6e196d58533cecd1b9d4e76db7c710288d2721843823	2000001094	20.00001094
1EFEKFnfRqe5XRU2ib8dsWg6mYaXw84Pz1	0a7e38faa52715ce5cb1a2a39f4e63c236829bde8098cd19be9813c136759440	2000000547	20.00000547
13xotYjy6LPv5u6WLZtiCfWPhPGWQpnARQ	0abd34bc1c608cfafdc4d943dc942f1831f6382472f70a25e664b78aba6298d1	1960000000	19.60000000
1K7xyr5rbAVSiHwdxPh7Cw4ZHY6W4fxrio	0ac434a97ffe7a41d38a2105ed44251ef72896aa5a4de947ed5d5b8b55f90e68	2000000547	20.00000547
1EgyfVTz5W2k6rVdCgaTBAR8BgS8LBXZMz	0ade5890dbfd543c04aecbd84a42d54bee6cf27a93bd4c75d26cfff66adfbcb2	2037362749	20.37362749
3PTzAAncgaWh9ooyzHrEMZ1MDjXmKFxTSy	0af13c8f63388a0cb045f8f781a46258fd67f262681a0144a9dda76674745645	2000001094	20.00001094
36GSkpTsSMitifWW3wycicay8hrguvZiHL	0afc20c0bc59c0934ac45f1865d8ea52368d0e14b6dc1e33c1143444a216763e	2000000000	20.00000000
1MUbCqeafPBtscchY9bTHMZq5bNmTxXQpD	0b061eb3a416f5b6dc6a8d14beccedba1806cefc3e27ac4636ee99aedb4d6639	2000002735	20.00002735
1ENtw4A3c8qMEkV1LrfVHQ7vEpbyyYaEu2	0b19f9fa43a744a054aae93971088bbe7f9caaaeecd982e353e795033c75e08e	2000001094	20.00001094
1Fwgrvv7GGukay8A1xJPAQLpB9DWiTKj9Q	0b2cf2d02ed6976309b2ae0cf8d3f9be4667884ea28171853a41e920ecd0fb18	2000000547	20.00000547
15ut77F1auMRpY4eY9bpqV1jFnh5FfpEBo	0b3542f13d4a79d41d8c899fa328726a85e00281eed639f3d4c884cdcb5416f6	2000002188	20.00002188
3EqEFYPmcRH1xZe1k7B2Wh2W4bHfQGdzom	0b4acc02ada435014bcf1bbe4809d632fc61d8dc5d89de5da628550bf3d70392	2000000000	20.00000000
18oqQx8Hv6ZA3NgyNA6tL1msaAwAozJ2DN	0b6449be707309f1861987fa33dfc441544338333151007356539a1ab0d7028a	2000023547	20.00023547
14mdZJuEJDTHhTUiPj5QDeqbacSGWTfuXw	0b6a5085b52ca6008f4cfad0a3cade51eb8aa38db81c5c084634af30664da4f1	1999374206	19.99374206
18WHUrNXDWoCX9SrTfhE2pe9zS1X1o1fNT	0b9064b2e600c1a4a5adb069b9adc0d5fdaa70882f9f0797fdbfc91be402e75f	2000000547	20.00000547
3Ns63Zz5jMnDYKAn9wa3Hd4cS4C4S7TWcj	0b94b993c45a924006ed5fd4975117a87a4df9f56e82016d76901c8a5121ffb5	2019348711	20.19348711
bc1q3hcd8pl5k69tyzwp037w40skmzh48x6wuu3t33	0bddaa839bfa29667fb01bb925cd3cd225c00b257ca734c5c49399c471462ee8	2000000000	20.00000000
1Dc9whTHVdYm1jYjFpw5yxnTDqFY26iuas	0bf97543dabebf08f9d5f7fa60a5b061d586da3d0060a2c947cfb3d54deb3391	2000000547	20.00000547
362dtZvhRAcLbftU5LtuLmvH6BrWyVoL69	0c0d8ea48a4e46cc737a983641596f3c72653353faddc85f9303b918d9a6a5a9	1999900000	19.99900000
3NYovoD2ztwXA1Z6sWcrwfgfpzz1AqCdXT	0c18a1cc3098a7d4df8f579b7f1f07ed06aacd2ffcd18323603daf8ad9d4773c	2000000000	20.00000000
1CXREwpAxpb5L6LZT6dfMUbaNURiP28VXk	0c20b44e472a3c74fec5c0b216487ac0eacb0a6415d5ff09e88d6ee9b57a2952	1970184500	19.70184500
1BUqS9LkAwaqmn4ihAdgfu8D9ZcGzADt2T	0c2726fe0aea0b8ce13f0b79a6f25150fe336794e9b603acc81f367dc5e366b4	1976126588	19.76126588
1NnppXK1FMAZ7iyQvLrkas4TsAF3N8uKZ5	0c3e4662ad71a4d5d6137c93e91001497c07b2c30c6dfd289f10a83fdfac40f0	2000002188	20.00002188
18F8Fm8BqqZyHt6EZG8QX5Hx5VkKixSggd	0c4e28a77733fbaf11e28114c9a4b08702cb03d6672e28638fb1dca062c634c0	2000001094	20.00001094
bc1qc0k2njuukkw2nel948gmncv0ccz8t0px2ku5ja	0caa1e16b682b2b9e3a269bbe05bd5a29cd956d759aa83e9252a50ef76a9aaa2	2000000547	20.00000547
3JURVUvjGY7cgwAc9bVUSqUAivSq4nTyBU	0cbb4aa8acaaa7b662a8272e414fea5bbdfbfd11bd693c551c934cccefe58002	2000001094	20.00001094
15jtfscTNmXQ5YD5zPNGTC173yGjzTxYK8	0cce2d9531521324c11ac787f3bd1becfd15d7d16b54d17175a5d27d17e36fa5	2000012174	20.00012174
1LSCgWi9a4qZJnNMnY9mYYYzFEj9fCjnrs	0d088b37ae87bc3e682f0939de9ac67f8f38852fe1754dd1c5ed29548a56298e	1983978681	19.83978681
19N6PqW7oqncXrNUHfJnFywV2MNK8ajA4C	0d09e685c72f0d3ef33a4d2c1f9b1bcaaa32f449dc19614f5063ea0166656260	2000002189	20.00002189
3AoUXCsRi4RaZZzro7PD1HzEFKeHTi4FQd	0d212896c0deabb4d9a3104cd97d4b8e1efc4a82e06fe3f4c21cbf64f89a87d9	2000000000	20.00000000
3LUkbFnVn7nrX8Gziy1wiwFbH6ZsuzWcQV	0d2fc78424af2937304fa9945f7758b58c425c8bcc1dbd834b13a11f2b669c4c	2000001094	20.00001094
1BdFsCmcvRBC9x3QNvHLkPuLxAFfdx7yuA	0d5097d5d74ea0887dab3da50ab681cecbde2f422cef6cd1f0aca03d78cf4b63	2000000547	20.00000547
1Dko5URRU1mKKPYkztqTS5L5YJ2LkowRnD	0d7461d79292f6b4801c593efd9f217d0cb6c41a0f225971a72d5a9369e1c77a	2000001094	20.00001094
1AV4SYze2VwjpWuKveTKHF6rMePuhC7HDx	0d7f158478eb3e834731e8da7052a9926f6dc0d5be38a8031335e7ca6ff5f990	2000001094	20.00001094
1CDSyXAQxro4FPUoqAQb81642ruqDsUiNp	0d86ae39c18681cdc3287bc3d7558299897c82baa795896f4729d16097c14462	2000002294	20.00002294
17oBjspGXbdCFU9j2TFp11S9ecP3wwpeEq	0d88c91a9570155ef9354b7007e5e185d12c4b6eee698bcc9e905a3188e666cb	2001901641	20.01901641
148CscmTGtz7tXAaM8dAjJQouSaqgoPfgA	0dd03b702951970fbc18882862d4161692806df79f8d82edcba649ab6a0c192b	2000001094	20.00001094
1HezL2c2v1s18FWiztccPSnxSaQgtfJzcC	0dd11f54f9b24f2e383ae48d3e362fa2d31d3a40604d54819cf016895061c5e2	1996467235	19.96467235
12NxH73iX4v5Ev2aAEMAdQBtAzU5QaXyw6	0de78310ab7b2533e486bedd2a1c763fff627b1fa34d5e1fc4c773b5531db9db	2000000600	20.00000600
32B5bw2ohLfvgBva2B4X3aao9iDa7Eakp5	0df40e4dda032250cfc4246aea6fdce200df4f99c3ba0fee92c8b350767b9ac4	2030733524	20.30733524
1KByGUXoQpTMoXC3kWAwb8JVhMKhoxngdr	0dfdeb18cdc8a13442329343a0055ab497ec0cce25a558eb215ead72ad84c223	2000385019	20.00385019
3Hvro2dSNpSZZikUTKWhFqV3vgAQERpGjR	0e13c0446118ec56cc458d4545afde8c7c591791070ee899045acf28467d070e	2000001094	20.00001094
1BcmzRP4xCuafGHhWtcpawv35GwoqyH3Kc	0e30de932a811aeaf1374a80ede36720f330c3ee7f4fe720c5b84e2e48b98412	2000000600	20.00000600
18kXk7M6VoWzTH6Rv2hikWjoYJXftgXWBe	0e53a4a215da6ffd67fcec8925201950c4f2347497a14825a5b471dac1449b62	2049610094	20.49610094
14SNMwLB4mbyfgbpMXJujVFSt1Kekfgrf3	0e62404e0bed29d9f71ed6c0ca987c545e1802367728d8cb5ce01f4fa2fa4550	2000001641	20.00001641
19VPkJMzswxyeskkuwD1KBvugeJms5WMxf	0e726ac175fedb006e76a79b0fa9e8f01bbe4766ffc50b2cef5fbc56fdbc47ca	2000001094	20.00001094
1PzsmV8Xx1tK6tEoVnYCe657drnJ3P4ud2	0e7ed9b40aec321dee6288b335ef7283838e7644494ccbdacc1737537df8cd47	2001944155	20.01944155
1LWzjekygjEAd9qQfbnaGae5dCTYLYDCw5	0e8e59654b8068f7fb7b00cc2fd97c19284340dd73768e58fa2eb34aeba42390	2005001094	20.05001094
38CWouhZpCpshAjZQj1NSW8tdAfheu3a6Y	0eabd3ce1caf7dc03f58bf58f55e6b87e54bec0bcc7956ff5b28c994cc9aea2e	2000000000	20.00000000
bc1qjepyuj7jw8r8m98t933p5urmy9cpp8te4yw0ds	0eb147a458932d2cd59653f9008914e9a64ce6dd41ead3e5ade6176e11a5d7b1	2000000547	20.00000547
18DxrXU7sKNCi5DzdBVKTKinMzCvUXQGwA	0ee9c01f0cf758500f93821e2221081924923edf93d2250e285e66056db9cced	1994779689	19.94779689
17szHFiaf8zx1sCTv8DSRSJ68QTKcVG4Y3	0eea06fb50166cad85e96ea3053ed41794acd652e64096892b54bb194da59e5d	2000001094	20.00001094
1NwkK19XLCRcF67axh7VaGucDjwVU7LGt6	0f3f75c94749a7fa7f8f0a51530b5aa3439080800ef7bf5274f2e4c140ca6825	1998587760	19.98587760
1DEdFAfE6AmRdtrettWgcA1SKouyQota2D	0f4b6a70652df481391983027295c810d20ca35b85e5fc26c1cddf9f9bc7a5c8	2000000547	20.00000547
38ZchUb6UUE7eSWQgb3TKcxMYaRJiQvJoF	0f5ed2c32ba0d0d4995e85a6d0af5cf0163e75300b402f575e336a78eb6fc648	2000001094	20.00001094
1GAEiYdWhLuLApeLfLv6kX7EzPU1QVej1V	0f7e2b499ce89accbdea9a8575db1413c67a023176f64f1554b84d72ced31674	2000001200	20.00001200
15d3ATySRc65S1owpo7GTP2mcaXB5wWnQu	0f8a0bfe9e92d8f0488acbc7672ac2e9d47b14f55bc73920f04747802a09a701	2030528935	20.30528935
1NyxzdcogWGeeo9WHx889d22w9TWg4jAQ5	0fb36b7c77fc9786042f1f8acfd665b62e78c4c7f4191b35ff9b1a1bcb066b62	1955004041	19.55004041
3DeMGrcwjCEqmWsDkiwg5eba4E7RfxAcM8	0fd81e67154ff95c042e958491491317c1aa8472aedabf90eb402f350125209e	1999965022	19.99965022
1ATjA7tEudY3v55jDBuLCCSsep1kXmyuEX	1004c5b81c0c090628db7257ed105d1a1b0ba29ab44ea9089d9259493922c8c1	2000001094	20.00001094
3Ldugye9ANGXs6dRfbShjaser64byBjBdF	106fa75d7ad357fb8d6cb612791513dc957f758f473cd4bbba9b7053c6f63d1f	2000001094	20.00001094
3ERKbzYNZUBfszhqb5P7vbqK7nquNmwKsJ	108d82d5ee4d7c3638b00b9f635855fcdaf552580c15d44b17f3c91fb86f0955	1964660900	19.64660900
1Lamv5fu25zp2GL7CB99tx3GunZJ5hgfW	108f7b5df1553e39b1c6ed0c991a8455ba8c9674e369648b1bee813f03559525	1999965472	19.99965472
1GKuaZT7p4tvgUCKpuh3Dc9sSWev1Qz4L	10bd9a64c8f7156b5f5febf0a688b089b72e40941666bc7dac5803b6a4fcfbf3	1968325586	19.68325586
1KWdomBQDo6tuzKWUbSZMrKgYSTdQy11F6	10e9806ad465221694c69639866ec6bb426057a419b3eb0325454175466cda53	2042500547	20.42500547
34aFx6oMoeBd4EHfFg4z6ysV7pnzP9PkqZ	10ff5b4c9bd78c34c9bc0b8241fc65acee12551910a2c1373df6b414587dac98	2000001641	20.00001641
1BcErcoAv8bB7UAcoyQYZf8MqwWUWe4u9M	110702733a0cc89e3a37f8abfe6669d3a01ff123c9ab06a4a5705fa482ad58c5	2000000547	20.00000547
1PzuEidq6P3VttHMHYzqBFTWAirD8im8Au	1111e46ea55d807ff3a6efb1a9689747e0b663998ea9d5281c224710524d3fa6	2029900000	20.29900000
3JJme5L5sANLiYRnCUreyiagRyVNLyL37s	11186be31aaa04a9c733b5295f6b846b846e6cdf9227dec2b7b8efd0065432f1	2013687749	20.13687749
1KFWBXY7LtDYf3nfNhZTLn5nMopqmH9Mab	111eca7724c1f612bd18affbc21cefe51a8702fe94922c5f7f2d21737687d1af	2044736035	20.44736035
31yxsZWYCmfHvPLuM9cAFCYqSQsYDg8rVd	1130adfc8326102fb97b47cd5e6a4083a8e6ab3ceda7b2fc894508b483b4f463	1998989416	19.98989416
bc1qh5c2hxmq5g2nxh8r5qr5srk4vrjq3llu4vk8yp	115834aac535c5b89eb5c228d78fe0d08d375e0a23ce82a5a7ab6ec1fe6944fa	2006286881	20.06286881
34vMMPHtsqzDWfKPiHfkYScyhkohNUrKJV	11872dd59b7545a7c37eaa00b525d9e8225a8ef8af189bb8de88abde0ce0b6b1	2000000547	20.00000547
1G4jMFn1WDGcBzP6Lb1Ug6Zupe6U4bkS2	118bc4efa7545efb1c70a543ebf70541c3a53d5ee92e14d2331c8b749cd23ba7	1999200000	19.99200000
1A9ZUC1ZsAxSaJVu32ZCvfKCEXmj8heyGo	11ca8fb533d75a70e3b92e0798c1db524ebe23688e38d4791ac1a8aa813e9e32	2032986647	20.32986647
1Ph8iLG1qdWiPRu9bGjWaRcCwkWfSWwKyJ	11dead35b697a10dc5b9c8047992270a1feec104cb39c54f8c5c31c709dc9349	1999990000	19.99990000
1Bbr2LMSXaYwHtbw9VMa7E6x1Nyc15p9Zs	11f33bc65726ba45c1dc30a461d15c1d0865173040b6727be5d4688c5ccd5c3f	2000000547	20.00000547
1JCw3PNVQuD4HayQY7XHHHk1AnHMsC5qd2	11feea39e0926ae03247366b1d292e611f4fc95db71246b5200e45eb96304d7e	2000000547	20.00000547
1DE1YGqrvUq5q7TgAqC3GfdroKTmKWDwvW	120666445d5603389f44bcfe41c35589d9d0f1bccfa4f6a9fe5e4c456bb785c7	1999916352	19.99916352
38KUuj8u1NSk7JB1KUEKY9ST5dE7LwmzFM	12200798161103ede1ad83ce79302af6232c8805424335c581e41807b7563309	2000001094	20.00001094
1D9NxbecaibbTXjyo1FFEwzp7Mw4T6xWWk	1255b9e84f133b0ccb667062f86c7d21b998a3172d2a4e33783f22611abbb607	2000011094	20.00011094
1BRStaon2AcbR4eVUMtidKptv4CWHWx3MS	125a4e01ba64e7d47f2cdb53c8f8705d30979dadda0aa8a1aa4119824be80e6f	2000001094	20.00001094
13ez1PJAo6SLYFUT86ik5W1Cp7KfK5wua5	12632b79be5d61dcdda72835197cbd8aaaa4f027422e3a77d97d82a0644607af	2000001094	20.00001094
1LMNMKdYdXY4rHwgGwAAAW93j1bApTFn7P	1266c62815bab1a59786f25c2235515ffbacb360d00145775a98aecd7c85988c	1999982982	19.99982982
1LqTcbAXXVCaqnx28h6AY8ffb2K5P5rkJL	126d782bf64e16a0f2f7d4955b7bb8ca758119bd1837dfe1d679d52b4c59b3a1	2000000000	20.00000000
1BZLpttWVtqif2zBXthN1ehMMdszn2paXq	12aa42be29dab684671aecce3c6a1389ff3f3bb4953e01de707fb8ea967c23ca	2000001094	20.00001094
3Anx6J5djRwQJWHQFyGL3YpEbHpc39dzQF	12af021abcfe389555b261ca1b18be0dd4713d20f42d65dc6ace6d7644e3b1ad	2000000000	20.00000000
bc1q5u4qprqg79l99jc4j9khd82dmxyh3gsvvknpsp	12c0fc8d3e742393b413993d916afbdf2a1e504a56de823d0da9d2a796ab02bd	2000000000	20.00000000
157VoyaPsJUNzvPRAF1nYKTXuJqkhpRs9A	131c264ef4eabd8edad93191b75bf400f02a36c1a0d7f68ad7691e3204fa7d0b	1999372624	19.99372624
1No9MLErTRybvMBocAC6QAfidsXPmRHyYB	134d6841079143e08da5ba8ceee59c43d1deaa0350250c70bf128781cae0d26c	1960416901	19.60416901
1Gjx1wGqN3c5CEyd7hcf8YY21SJsDgSfRf	135e948e1d19a234eb307e1aa3a05785bcf40e48e3e81e64003f434259f39354	2000000547	20.00000547
3EPGcASZszKEqK12yStHWfqAp6v5at9u4i	136499ad042d786c63e7663a31fac140130c44ec7418d349020fc51136daa541	2000000000	20.00000000
1PHsKiJPVQ8HdVeVxUCkNGWHRzZqDCFxYe	136d7baf879fe4fd1946f4e167720390ba8b6b0ef224816c1cd411a9fafb7379	2000001094	20.00001094
1Ms2WEkvoFygPkFSzw7HSZuweQ3gPVtSqU	13b56f55d4dd7cc4b924c361ee78c2f54e920b975cc7b582c4bbb5fe468583fe	2011797261	20.11797261
1N9Mic3jJLMfMvbcJG3grvSxghQXUioH6D	13db0d32d2f9480e78b5c7f35849548faa24f26e1fbcce85f92f8ca7111b3816	2000002735	20.00002735
1LJ2wvHFHQDZggbLyMZcvhPTq8t4E11YPW	13dfa431d06f52a3200e39440df2dfa1d03d461cf9541087b04a4ef4cb4e508a	2000000000	20.00000000
1KAqKeLdM2dFEAXaA1mf1U2AgAeTS8Vf29	13fc5e598a7e455515557d1f0efdefcebc236172fc14887ddfced3a74d41471e	1999888500	19.99888500
3Nbeeu4NWSvrAUpyoc75ReFSgmWmxZLgEZ	14163b65069564174b9f61a6e43d348d6e2eff5fafb14323ecf9100bb0850e12	1999900000	19.99900000
1BrsZCpQCExddgm2hCRDMag4NzdhA3KSY4	141d7db71b01e46b2c239f1b9e72982bfe34870b64f97a32af641806b1b08116	2044001747	20.44001747
bc1qsd42qq6uv42pufxha2jsdu4hfqj9vlfcajvwca	1448d0cfedbbc420767be014e2b12d7ab372a72b380b23ee649763dbc9177faa	2003050187	20.03050187
12XAp75MD2iLGxknsMSB2KvvFqxudHCkjm	14555902f1ac121ffdf15194d88c3d74b607481e67a5eb8ab0715d82c802e05c	1974146888	19.74146888
39DWwozkYF4ZBXRaRhqPiP5Cnkcvs48few	146a1842c710d33c517896a47d6a62244c5e208d66d7a36e254314860e2e9f86	2000001094	20.00001094
3JTuRKKgoWL38zcdJiUmTXa9sWNbT4ukrs	146e07d6e496319e2ae5e4062f08ffb3f06ada8ddbbc685da1f78424cfee4ead	1964781120	19.64781120
bc1qwttz3z8zqdly033u8wke3k7uv0hq9hhxuv63h2	14717049edb8c248dcb68eb4368057fa807e448a7dfc6fb0f42a5ce9e32d7c53	2000000547	20.00000547
37kSA4wrK3hGypvNetL7gjhJqcqAnrRRsW	147f131c1528e4841d74ab9f98969d56b6aeff34282ba7bb957ebcb8b91c23be	2000000000	20.00000000
1B8RRZTNc5RQEhRpznmGrUxpxxdR4bBDXv	1486e165dd9bac2b65f1919cde25ea66202e0306155c097e1578e8fac66e59a7	2017630179	20.17630179
19x8hm4kGkdKKqWTR8WS3MYftFK93yK26w	14983db595819f6726833c333218b745054e4a204ee886cce1ea09e4547d5dda	2000001094	20.00001094
1AaMvAQ3yfdSzG9rKwDKJETGxBMPQTA6XX	14ab6903e121ba6a278b19f5f6228658fb96c6a9cd77d0015825e0d5b7aa24d1	2004892760	20.04892760
12wJ5qbBdWYKr6E1iEcx21BUPGLqF9gLYo	14fb9abfd7e2e94373e5603c39a1970de1b17200c0ec14f37c81efc4b46382b3	2000000000	20.00000000
172aHvLbdvktdaWCnD82Qjj3F2qa79c52r	15091a61cdc57f75e7275d7e81ab1eb039a9e3f0f875c831b3e0e0abfe2c8cd8	1999000000	19.99000000
163PVYQUydfcfjDExvnAv3xfLiL4MC9JKw	150d3d1b1c8de05a136377be9a1c58d60a710bcbc26b4e8832fbdce0794b3a82	2000001641	20.00001641
1JVTcTbeTwXgb8ECLqwPPuHUC5tsm5EEnm	151eb5dc41fd27ced7d769299d6a41a53d6f260fa2bd22badbd48eb081bd1ce6	2005001094	20.05001094
16g5hMoREWqMcaQGvnCHCWPheotD99bVQt	1525fba7d1b6d3dc4f60fb36186f6bea4ea5fb4489d1a82a31fa058dd5180ef0	2000001641	20.00001641
1CA8G82JMWLmR622qev63qLiyij98LAXXP	152d73156723598b22a62a19a751af8252e7dc365846ea12975a7cee4ff2dfed	2000072347	20.00072347
1CcJp9hawNEVjA88guUCEa58HR42ppoRjN	1562e9b427da5d833955c2adfb59f6fd95b4ea776faa6c6bcd798a7646c48278	1999995028	19.99995028
1JaH5DajaMHq3z3TgDDDUpyhxarqfoD511	15774bafcbaa796477fa1424cd3ef9de4c09a08b89df0fad5a70a977c48d1479	1950000000	19.50000000
151XvxjnBXGpjDWZXST9Kr9gRRC8DXswE8	15890da30881961aa703137938b1e9aba1bd8249571007b0d1e514d6aeae46c0	2000002188	20.00002188
3JYbJfPFhs38LtQMuLxdoufSoiL8Lnzx84	1590a1c7b588224b97c1c306d58d3df488aae458cbbbf7edb69be89e7dda9b40	2000001094	20.00001094
3JwkW5vKFxk1JNMUbVXFGuK9h7J97STEz7	15f0a1ef338224e5ddd0715383646fbbbee6e081b9219b1add82ec456988d7ce	1999900000	19.99900000
1Gz5grjvR45ruVFrfbfmk5LLZLUz3CveYy	15fb83d74c4461a7be9ccecef93653c6d742c55416d35a3c5202dee85f35f0bb	2000000547	20.00000547
1KGYTnxkqJzHG7Rf4ynjrbuskNkZz7ZzkR	160bae33fbedf8706233751a372930ddf5569082c694058c01e73ad9543e5d28	1999971255	19.99971255
bc1q8tf8djnz2fstfzmxx6rqr8xgvtfau6l8rtdspumw7saw47r7f5ds99zdt5	161f7121b51088ade0fa7126b2d7bf277c6bc6749d7ca27cfde53eeed0f0cfa1	1999997500	19.99997500
bc1qp5mszlmrxeul2kjxlxqv82p02lvscsc590yddg	163df6bb9424dea4bf2df502095ba73868c36ed21487726fd79da57a055c0827	1999980000	19.99980000
bc1q4m2anz6r8tpj6g2wapjq5gemzrmrkmelhqtvnr	1669ae53224b184c100e851f019f440e6c50ef790ebc4e7fb33875a9e8ba66aa	2000000753	20.00000753
1MHZaecArq9mDM7FdyoEtvLny8HcTYzmFp	166cf13a56c37b29fd1aca077cfce707fe3165a1c5c7da0e7c1068fa4d5e1f74	1999980000	19.99980000
1KHFnzdiEo4Arf2sF5RCSo5KRkwWf8cL32	168720bc47fefae337ba18fa973163562d6aa7a39f58d3dddd10e0fac665d952	2000050000	20.00050000
15tQJPrA4p4kekayiJwuEUqM7U2kVuDk68	16b3fa5cbca4df5d729d93afc163cc7fe0aab54ae21ed3b36b96838938da092f	2000002188	20.00002188
3DxaYD7Boam9kF5dY6drYRduf8DLUZidBd	16b9b3bf4f2c09309f49bb90a7c49d8e17b31ecae9e0dc8470af4a30ff712ded	2000000000	20.00000000
12pfSBMAwMxWxVXRs2EHuyMQ3dwiwQY3BT	16c76c9f4dc30382047f079e9a683e681c20a01340b15474ba72c55567758ed9	2000002190	20.00002190
3NnWq713HBTv9DSv3ZSAhzhGbay6Vgay8N	16ca2945a003040fc059c53983ee34b1ff3c23c3fccbc630e57294bbc16b4e0d	1971215642	19.71215642
3KJ9CG6VQYVEiarR3GNi7nUTyQjisVbDbG	16d4dc6255e28d637de00985e77dc0e84a5d26409d2f305189f0c2daac7ba9a5	2000000000	20.00000000
39qe6Z6zJpLoBG1kCC237VJvWHsfhKggXb	1716a23a24418c4f2dcbc5b0d19c3a5c1bc2130dec872c247822a0720518730f	2000001094	20.00001094
12AkFdtsMsRBiNLWp7LXx5WpWvEdnE3vpN	1743186ebf97fc1449ae25e2db9515b8a05d86dff01d1b81be2061a4d059a6e9	1952016928	19.52016928
1NVKvctqXYf9cuwMSS58uAyYjkRTNzt1dq	1770c553b084ca73047616f011c3fe4fb453ec966de6615d304a75f5a4fc1741	2000002188	20.00002188
135MTkLVdY9fYi22Q9PtuwXfCschntbiVp	1772dcc7a0cc722a57b0a52192892366962a52657c08b93eaed00000683a8a07	2000000960	20.00000960
1kyGs5fJKMk97FLNTdbkthmR6xTgQkMY9	1799980a02865e6f6479dc31e589981dd80df0418642e2a0c57cde9b784fd416	1999850000	19.99850000
1LrrFVeevYwwjZUc98tARJEZmDoztNHAME	179c402ad7102c6f5f1a6f4c03d78a2c6b689a3622894740557564bcaad9ad00	2000501094	20.00501094
bc1qc4sf8d4ka2fhge6ctqmne6w4tarljadt4273msasws260v0n459qzjgxgm	1825abeaaadd2ccb7cb71f08c9959561ab8fa849637833f42b94db03a5088a2c	1999950820	19.99950820
1KxxxEiKVg1z1W3s4k7jhM7jn23VTTULwg	184cb4c764a048f667072f7bc0de9d1d6b3362b6c3fcc3098aa4436f5bf91b16	2000000547	20.00000547
1DQKHZZV52baVop71a4PrpfXTgpBGFyd2k	1855b7b0ffed560197ae40e0ef63d3d9576982cf3ef963de600148a2e4195949	2000001094	20.00001094
3CD1jpXPZkEtTuUN1QHJ2aF9xFkTy4v9H5	186374bcc8d348b80af3676a66579d10e91aed69f41976e839c3b60290ac129d	1987999000	19.87999000
3Bf1XkNocC5FtTm1gARWv8XoPQcqsr1zkw	188662de91d3449076c81a4cc7939953378a9fec1254adda268fe25e665ad480	1979974407	19.79974407
1APAYzyxDFNh5YRTwbiGgDB8dUEMLFCnnw	1895a32834b77abc37f2dec8b1916af998c43830d5aa406e759f976b30c38e43	1999878900	19.99878900
15BsCzyX3NJ8Z3FAdX7XaLiqWSWEfcuN3x	18c004e268d0176ce93c20bb0da8ab538b284cd7b4218641b2cabd726da339ea	2000001641	20.00001641
14pPTv3QJicZ2v8KZ9iWj7uDB8UiwQruFZ	18ce689253c6b88c4c296a3227c902be504cadd9eb4ce3336a8c47e06a99694b	2000001641	20.00001641
1EQAgsFDfyts9g7jh3PAjhJToktCaXEPMa	18d77c959b01fbcc00bffff4287cc044bc7862973e92bdc7a75f0005b3f8f1ca	2028349773	20.28349773
17SwYcujbxiwmL6GvGD2xamzCppodhuFBS	18edee66a8ef05b8c0f990e3cc390675e60e9bbdfcd2c02abf4c4afa16207dfe	2000001641	20.00001641
1HrTcwjP8fA79brYZWNfQqH38w7Gijdw64	191789360f0f5c208ce9b547315f334fcb8eb801c459b4971abe05d86862e360	2000002188	20.00002188
1GWoQPStVn5p34cZPLeraRmjK2bU5xHcq3	197698b8ea540b5359bca3f6dc02457d63a99aa5df0f92107a55bf630f18f181	2000000547	20.00000547
bc1qdfcc7f93usv5e8mhhkvn8csyu9f0ychcm7q8al	19b0fd288db6f7d86797cf9483e515fd410214e9c9d4553fb022fc9da238e2b7	1981900171	19.81900171
1AJvoQz47csmbUZGepV8g7BzniDKsuW2Xq	19b862fd941f0ef144e470f63bb492860fe1d19e5259712ef38214279861e738	2000002189	20.00002189
13fnDFiD2kPX3ypdGP3HRZz8dHAm3syTr1	1a33943ec3cf7710a43f0a8bc757c22dc61ad8c3e62eb07336966e7905ebac51	1999882448	19.99882448
1BL7pqBtQmbdwBjWy3nWJTiPNacLLHMiW9	1a68548b6901e9735bf45b38c04cc1e1ce502a4b6b3148a0c488d5b04784a52a	2000001094	20.00001094
1722gARGHYEn3PVLKgsDwfPcDpdBazz5wN	1a692f664d361b5932a509c98c10e4a1fba2c67d04eacac50c28e1e1c3fd1dd5	2000000547	20.00000547
3Po7RxUwVCDjEcYA2KM51C2rVWnBNHysCg	1abe1d4db75d91bbebf33d108c6d1144abbceda28c0f05e154a6cb77fb6cc0e2	2000001094	20.00001094
1Kj9dcJkDahaUvvCLho2qgKuCiUvsd3GuJ	1ad082318339036f3b7fdfe4dcccb995bb9d100ae8592a74e65925b9c7906fa2	2040598627	20.40598627
1DyLYjJtsK4aYoh1xkzvVbY5pEVLtjea5D	1adcdabdc6cabccf2cb059f08c0769bbb969937391e87f3acfc77c02eb26e9c5	2000001094	20.00001094
1A9rCdcFaDZZgJ4uRHqPQkZSsgEDUd5xY7	1ae8d8c91ba92e93c2a1173801339ed414364f7f03e66dce32a16d91c32af2a0	2000001094	20.00001094
1K5oc8vasPUqaawDTGM2jXDJ9TFH8TdDBP	1b1570a1c43b3aa37fb29fd6bf3f6fc161635012a8d865a6f1eae5efd122e637	2000000547	20.00000547
116FX7jNbLsZABickUF2Vuoe1NJkJHeATa	1b5ac2026b9217c66917df1184373dd0fdddcef979b5c4e5c04bba0652ac7f1c	2008001095	20.08001095
1NDRoq15Hg4YBQjddC5xjvX4tEB1ZMHhmG	1b86d3d5411215d46daf0a1f4a94df09b15ba0916b15d8caf264abfd07e8ed5e	2000002735	20.00002735
1PykV7Tp8NZxdNdfNs2565Pa1zVmsRpmc1	1c0caeffcbecbe8821d8609cde735890a0e98bf87515f795f7bedc587ca85148	2000001094	20.00001094
1DCXd473psJLqgCYVWbY6iS8Ewu17FQXPd	1c1d023a2b150a19e29541c9c211959431dc1e6f643ee923dfcd72fd500385f2	1988000000	19.88000000
1BH9Fe2iGGKWcKyyzG2JWUq5hnjoC9Y2Un	1c6fa6b8d1722ce13a9792f7633f2aafdca1ab8696c890313f34837cd19c2ff6	1962800000	19.62800000
3H14Kc696gKmQn5DkfVznUcWHjacscGAin	1c816c132fe49622bd389154b657abb1f809832f441ad6ce2d1a8aa8716e2edb	2000001094	20.00001094
1846hqQdRAGP8BYR9y4yekRDzRr4FyvsCN	1c9e47a31fccad50cea847b1d1830f1d0307485fa22e1622599a308c9b6f138b	2000001094	20.00001094
bc1qkjtmvvgr2v9wlmfkgjywadzd7qk4v6g7duax44	1d4892af38fb431a7fe90dc61522355ef2503c665bcac6dbd48194615f6c9bf0	2000000547	20.00000547
1Ce4hdhwxNmMWpbVaHVstXkqGY731uS8gJ	1d60dab01a80f4968c784e3dafd2e7c80bb0d9079520296572b4f8d3035ddaaa	2034754241	20.34754241
19PyV59VKgz3vePVX4i7fxrwWN73e4wfNh	1d74145d64f73418b1db541b4b0cba8619b04357d9e432b5943e4005c1dbb23e	2000002189	20.00002189
17wg7HwPZGGvzDxEQJMETdN4V3GcJw4EwY	1d7bf4fb1969d3e6c2567d818f2e0d87af30f521a0cb33f5a7793ab632ddf9ac	2000001094	20.00001094
121YivQwUkxHqDy1ha4K9yg9ACNdRnn9Rh	1db1954a0c8534e2bb829284c2cdc5217d6529c51730d754c7912d5089a38ffa	2000001094	20.00001094
14YuXpTYGRgB1m5uJjx3UD38APfQdAMcbf	1db29cb9ac9417ad1a1839bab59df27f35e91340f3c3a2cf73c36cdd1eee4bc5	2000002188	20.00002188
11jQ7Q1xcwjXaJAXTKvUy8tV7nhQywZHY	1db8f6e00aef68dd442fc26a796c3b8efda67d0d9d992d3c909d334397563294	2000001094	20.00001094
1LwWKHGfALpp71og2MoxtCVB73QnQAfQ1a	1db94d7088561cd28f0d9654ee5cb7567d935500beef983a395e44cd27ca1886	1982170981	19.82170981
13obTUtDubaL3TkCdsMhqDsK8YoxyPvoYZ	1de4ad241b7b6195b743b61038d3ed9041dd70b46f26767ba2a515b0fac6db98	1950000000	19.50000000
1Eqc6VoPqZov5yUutFGtYfEqwUHe2Aoq4f	1dee7f476802840b613b1adfe9d392859d80e6f75ac3dba290aa0551e82a3b3c	2000001094	20.00001094
1B86mt2wRTkNd892AALUzduZanxa9GGSBx	1df37c868ba1ecda7bcf987690c12bd06218ae0a8d6f22a56860b71fe2cd36a1	2000000547	20.00000547
32TYA4jQozqyjeAFASXVboomzf3LNbJPa5	1e16045131195e943e70063e7055b94db4644a1db31fc5af1c17320104a13767	2000867550	20.00867550
12qVdpMTM9zu5Ro57nHs3PgAL8YMwXSopU	1e3084759c69f7e0b68ebaaadfd4978d9c1ab3306a85feb89e21f89f75676ba3	2000001094	20.00001094
18xPPkDprGRW5PU9jvj2cS6nJXao98FWmX	1e9105c9590c3ab13174c2cfc565624ce19e7fad9b11fbfb53145603b2491faa	2001674940	20.01674940
1CJou7VsT6YFbgtzawrCUSaqrRtJWzTv4f	1e955555ec0d94daa1b0a9b8f9b3f710a871c286a1297aeb689183ed0667c059	2010000547	20.10000547
1L8sLCqxMMTghkMhW8jVrPWWGHJzbEYDeR	1eb681a3df9bfb6a5369a2238c5dc4c19341b1ee0e73a050d4fa08bc31e7e79a	2000002400	20.00002400
3M5t5F8AkEU9H6SnNpdNRnPvBRgugcz9aR	1ec132af2abcc8a59bf851af564efc07e52ab887f0d0c357a35829b00fcba138	2000001094	20.00001094
1MdZQjZYE2q9tVMy6zKJMponbkYaVWCYj3	1ec417c0891fe3e0c16147214aae1cb8e3e6f3288c40f6e9c2f14b376190ee7b	1950000000	19.50000000
182SHQcc8icA412k2zuFtnsgczWjoPixfN	1f12e7ec7c44af4ebe8e9d317c1c63ef29c1ac3d5d5a5650e89c521c787d81f5	2000001094	20.00001094
1PaNDkztQuXVKodxLXAZSrAHqtbbgtQYHw	1f2a0e1ddd895fc8f08b1c145571946e20b0cd90f8cab7f8882b82d4a71250e3	2014880547	20.14880547
16UPwpoudSM7r4Xz7p9kTMfq4MrTqnknwZ	1f3150214a18d37e5ce0c8280424027d3ed4adf46eadd36df7939d48189a688c	2012001747	20.12001747
1ECippFtFmHuR9wk8MUoqxF2LUSWQiZUxY	1f33c755f0c791a2b5581309c9847df1aca49f338f9c3a191cb3813e22acdb30	2000001094	20.00001094
1HUcvnx6XkzbCFHYk3e1XgYeUZyPcySA3e	1f8d290873e2257f5cfaf44dcc25ae48dd7f06486f260808c0deed556918b416	2000000547	20.00000547
bc1q4d77xdczxpzmh2sl60939l2mymfpz8djsvkfh3	1fae8caa9db756d45c9e0cf673bccf7f3aeaebe1ddfb6a257ba8053995db3254	2048692447	20.48692447
1LQzj47iTDFQE2z29t4woSBDzzdch92Gtt	1fca58c7335e6d2ce26010d92c66093dcaf602ddc167d02f496d778b57fdc183	2000000000	20.00000000
18ySLfYZMLFpFXqJJttUemVihqzHxNkLVA	202d27d68b80e5eb5b7f9bf3d70987f6dffe0c9dc71bd46ddc72505f5995109b	2033781094	20.33781094
1F4MfGqnP57kAB8zFHeRhMQZn96XLmDU5R	2079d30e9bb75705a93c0081b6e8478caf303955f0227d0cd46e423b02a4c794	2000001094	20.00001094
1LJwjT45ainJXRJ3skoPFAJTWXERpsMZDd	208a9397da579f514d6c9c51b068c70a3e8cb712484d1d0d84211c4286711b9d	2042650097	20.42650097
12P8JnXNrVrUZ2P8TyHiYGY3m2E1EYRLRx	20cd76cf113d574f3b6d14ab4df34fb723533dbaeed45ab9509a801e12f188a0	1963440619	19.63440619
1DFa2gAdXn2LWFQVrJhbJ1Mkemo1YhSTah	20d4e5979517976dbd17968fb305e64181992a24f953f89a93eb8bf2143c366e	2000001094	20.00001094
32v7iaLK9QJUh4vXw9mmk6Jf4qjaATjB8h	20e19b644318ad98f30fcd30ea06a092f08d348b14ecadf71672b13e8cda8938	2001711094	20.01711094
1L8AZRcnEUyKP5KaJAQVxn8iGJ54mBLqoe	20e1beab4ec16d010dc30b1e8a4e9d3bca3a5cb3a3d27824d496027bf76b50ac	2000000000	20.00000000
196BpoJwsgSt2vW4QdvakRAneLptBnyFeu	20e6d4bd0f4595203f4ad5deb09d58bcb1ad9f3664cd2f725175365055ddfee7	2000000547	20.00000547
19n7XYYy5RWAiGjRPEZco8qHDvTNDsGmYT	20fd4fa94f5a075d334cb7b2b2bd8bf88fc776a2ed5d610abf779cee62897f4a	1952022401	19.52022401
13TdECEdMN9fNj6Ws8MLqLLZGZy4Wi1yrk	210508f290614d713c8a2dc48c48278192f44037be0c9d1caa0870b2fd6acafd	2000000547	20.00000547
1M8Lfn4QewUR5Wfdi2K73dYkDbCx373KTF	2115e2047332d925fe9d18a0cdbcbc34d3d19cc342050b925ef8ea83b3994588	1999428010	19.99428010
3L5imZXvCd2wpiEumjZQAz1qiFwvguyR9M	2124334eb8c2fc5749c6cd2324efb64267be5ebff7eb984fe33b43c629518794	2000001094	20.00001094
126cdwZSfKhJW9dsgqDoTuGjn1jTqPzTFf	2151eeab9579b43ae25671e2df2caf04cdcb2f96c8b0f385dcd498d4c6f1fd6d	2000001094	20.00001094
1LZJymK5NcsovC68k3F4qHk5jG97zcQTCF	21553c24d7f979ec81e084a056ddba67195c65d91fd8adee8d89dfd32540cce8	1999989000	19.99989000
1P3o6drND4Gxq9zvgAC6cZ2FWR92L9VJSC	216ee88cbe61060cd471b1f73f062c05af6d8f1761561cafae35b82572a7665f	2000002188	20.00002188
1JWqmbU3C3GnhNPLmSGjLo6WoYdxe5NvKi	2191c2ca381d6d1a5d65c5612e64f555e8f43587732eea576141be32de418430	2000001094	20.00001094
1Rgaau3V9RFxhVmaysaqewA9KSdaUAqTo	21b69a22f7c966b021ee1c5b87134583e0c7631680f8952267582495621e5f3f	2005723311	20.05723311
1NDZLaptnraeeMKC2qy2NCrcdXgLm6dkx8	21cbf0f536bc7a0d69777c8cb8f8ad4605715b78ca78af76df75024559569720	2000005135	20.00005135
1D11HYnssmuq9vAQV3XRC8CCYFGi2i3JRn	21ce382690c8ed0c85886b9a2da56ed226f770e06b5a076470b2ec6082b59fef	2000001094	20.00001094
18cS12MQBQ7vPyD9fuHUQBqM9SuVWgqS7F	22016c75659f2f07af656e3fdec343785af5341725f4613a4a8f98b71bd47145	2044463419	20.44463419
32dwPUQcYtQPUXSuYiH4kEjKaKLfjY1xbg	220fe4c580ed89b12485a166c649116f97f97fb1135720247020874e9df39164	2000000000	20.00000000
388nsaNqtR45pS8zWVPXES2hFTa2z9tfgW	222193f6ef890addf71104aaf18f32948ec8377bf3bc73fe5e82d31d94cce0f2	1973301991	19.73301991
14w9WJUWWZGzcGvEgbvqdPJkaFuhGoHnxV	222d48dbd7d4d70e98be0d747f917280f817678e28926809c245b868ea981b5b	2002845547	20.02845547
14h7PF1CpYYJnYZJLRJWTP56sBKUcqcxL2	225540a314877085012695a9d4db54f2d1f6b7caeafc4b47859424b553306971	2012271032	20.12271032
1DRsPj547dsKQQzJyU6pV9giWqFd3B7jnc	226aa993cc9172abe51c46253af7d28f1afc8d6d6f5eb0ca529151863721e157	2000001094	20.00001094
3LT8nGx9AVx8eYNRXQLiRhztgUoVYqczGp	22912923f72703fbb2280c69de628b280c7b2c9066bcf6fd513509ef9b8dfdd3	2000000000	20.00000000
1LhGc2gYFduPqJqYo35R472ywh1g2iJHgc	22a1907a04719c733c9ca20497935f174d155c247f7277f8a98e29787620369b	2011200641	20.11200641
11p47MNGAkLLAaaLh8k3c1YfMd6TZTm65	22d660dbfa2e79e7d88e7dd79a9a98b0bd61b67ab7ddc6a80ddee2ef6b883e15	2037420003	20.37420003
1LExxRqXjYsgNyW2AJeA217hFfcGbGrcaE	230582c89823f4d11b7e1a31e19cd056de73e8dc50c676667458d4236d93584c	2000000000	20.00000000
13nLh7ed6PK4YiPEM2Sy7QcCPa6zBEb46C	2342f5580aea3e85722fe2f7e1a6adc783be098d74567f6dd21702ff99a01e6e	1955902347	19.55902347
1PAdkkWHKmJkMVqM3P8uGf8FGge6vM1qLo	234f62f6daf66dd58d31e31bf2d0c7a784790fed4db18dbe0ba303e2d9e7c586	2000001800	20.00001800
12wTwDrHmDwiVpG9TUJJoLxMDoovafEs5f	2381bc1e562611b65b4ab19df2c31a5b146ae1d35390ab5f3342ff0dd19f9f5b	2000001094	20.00001094
1LJbAgdscngbn3DLcDTD37LkdfKgpibhxm	2396d445cd21d8e49f2d6b73fc40b78cca35be72c23cf86a9701c2e1eee78129	2000000000	20.00000000
152qxTyjK2cr2PETJgM9p3PaqtEF525kWS	23bc7f6b29c333d2b3e7f90d46dc4928336a35797408e140d3e4c0dfcf0401e9	2026001096	20.26001096
1CnRCtjajUp6JoB6cYyFjumYv8UgaLiGG2	23bf2b5be3ce2efc6754f44cc1be888d3a6156d62db8123c0432d2e49bcbc0e1	2000001094	20.00001094
1K34ouWucBKaTbCWNtPwAB13YhiP5fpS4n	23f46f56f5fb26d00d472ebfdf18dd5b120ab0e9c8e01837289ccd73acaadd9d	2000001094	20.00001094
1BzTXBhU4vuS2NHmvhV5bMkM1dLPTGwLAs	24248c269fa68ce33b34f23878dedaed3039c4094f005f71b6464b3fe7f6dbe3	2031066547	20.31066547
bc1q58jsy0lg5mg85dp2kslw0q5mhq8665nd9qhc9r	244ba33af6b61dcef13aeb755f07334e9e530e7444d1d79eab289c95533eb989	2007662840	20.07662840
1PEZPvidsGjmj5QwTX7CgisLwU14p3ZhVC	24af7f059e26e361c05d2e2568e5f8d4d70d2aad8343433133b145bfb78adf6f	2000001094	20.00001094
19kCNtz6Nq6rcG19uEpmBRcMwEBTScDicR	251636553314eb165de18f39ed372ef515a1ef9e1fe2022dc0c533be0bd65a91	2000001094	20.00001094
12DuGRXv1qzNJJxJHEkE7qyDy755uGNM6G	253172e0e3b8e7e56670b780704229085b7726636171a3aa9674d8f0a5821ecf	2000100547	20.00100547
1EoWfGmdGv4ChLThzAqAQ5tDts3NYcbAvm	254015dea9a33201cfe7cc6d21974bb5fee1cfd5db2d6bd8a7b4c182525e6b70	2000001094	20.00001094
1BSBRhskeTm4YanXHGtiCVH9o3WSBppegW	2540f17156ab685ef76832bb47a5db98cffc6dfc1984608cbddbdbeafe88c41c	2000001094	20.00001094
133McV6mjZmTaHsuP6HLxnkSLunht8SbJC	2555a4488d2717cf02ebd294a4bc1b2eaa3f4273bdfb865e9cf8e643293d484f	2000001094	20.00001094
1KyxqfPokkZRLZNp7RjK8P85LPvk8fZYMF	25d783ed64114b2a42e6aa656aa4c4258cb708d097524196b523c65591f12134	2000000547	20.00000547
3CmZ1nTZ7udhCocEAeYyNHv1W95qbCbE2U	25f945f5b12c84ffeb0a982c882f3155444a622c49d1443ec8a4939c0bbcd180	1999900000	19.99900000
1GFuEXrPcqATuinFdVGY5Af1WgwtExrr4G	265caef3aa474e2a8e9dd930e44d22f34b9b0961fcff4286448f43c12d9647c4	2000000547	20.00000547
18KjxEkuN9NqMNQ3ZJqvWTYSMYeJVGCAJC	2666ea03d5c7415378e321e0b5e5a857a67a67347bcc4a2a4ee0bf98ab1ec9e7	2000000958	20.00000958
bc1q7ezer56dyvq2pw9gs9exudrejs0yex69n6h6x7	2678c7b1f9e80d9dcf00e6da988b2b9a1e136e7baacf1a9fabf38e10b0afc0ca	2000000547	20.00000547
1K9Gm4FY8nduQeWw9YN7KVuM9bR9UFxwRU	269a498d30ebabd604a5a86a36ecbb99ae09102d706784745fd374b199d8bb33	2000000547	20.00000547
1HA7RfgoRKdDiVTcdsn8j72sbE9Doq8CPH	26a97746f7cbd9d523e32f7f4d0e1fdf2da501d0d00868ff4bd28a9928083a1c	2001001094	20.01001094
3CZJSgWj8ZVu34zURNUJ2nA9teDtMpQoFn	26b363ef110462cb94531198585e57f40e2f78cde07ad9e6fa5ca95c2706947c	2000000000	20.00000000
1M5dJSKsFcGnS8Av5ZZP4wpMhyxK84Rke8	26c42430a4397645c3e1c67451e2d50c92f50fcdb7b5369bcf75b58d018d628b	1999965456	19.99965456
bc1qj874y5r937g4leggj4hrqk5wjzfjv0yzln0d0m	26ec1341019c2e5ce29ce2363efb67a33b6334186b9f52a3bce79e79337674e5	1963570912	19.63570912
1BvKvu6NxgCaFeq7itiMY9atKVhvso3JQp	270348a579a8f2a6c754233e267714f94efaa655d6900ed2cdf8ad5e9b28a0e2	2000000547	20.00000547
386HL91yjHgKCkSJUDSEGyoMRLdnDz8ayD	270fd1df2fc63010c264691c6b544cbc8404d6d56aed0911ed7126d518cc8dd1	2000001094	20.00001094
37A7tLzU3bMYnmQJee4QVeoZ7J6TSJmbSP	2743970587a9f377f105f2a2ca6e45c09e6e90725a0165e87d772a56a8347922	2000000000	20.00000000
1FghyHhha16uQRG5ZsTg1EpcQEEGGLtun4	2748918f2c7de1dc397fadbd4245e894abd8f162d91efe092ea97b41f2d1bd5b	2000100547	20.00100547
15QQYzYzSQU4vPqgVMwCZzuus7SJWiSWHC	2751ea76531325fba5261ef5de2026581675791fedfab9a7e61598dbb9b83eb0	2049181421	20.49181421
1GTDWs1rB63EE11RNHJ7rbborkAvHjPvgT	2752179989d32c91015baabc9e4195d84ca4f36813e304be2855ec4a3544af2b	2033947383	20.33947383
12tgnc7CchZR2yvcFuxZYC9ruKHkPjhWZw	27713a59245820c9ac05f15cb94272f7041abe41810e516d220371457766c636	2000001094	20.00001094
1FHyKXjJJnTjRxTWEUZxVUvp22YKa7wcvH	278cf055627574b89fb342b6bb264e9bfa1b5c186a908d1273da12de83b8a0da	2000000547	20.00000547
1aAxeX1ADDrnLk4K8fsRcpBJEbezNGKBS	27b9f05112874e79fa2032781e7bd680a30fbf9ed31774067af530ed1b22964b	1999983025	19.99983025
3DDubhUqGArcA8jmCFpzL2nxyK2xhidwrP	27e6656c1da9a9e8fe7e3414945a04d4f623620139d4a40fd43e35280526d3c8	2003081547	20.03081547
bc1qxwwa0uetjryreshat7gfy2p9rrmugw5e2hufvn2ym67gqyf0myjsszah7k	27e77c8c53c9fc8f756c08896c574bdb3ddeaa0b38ada2815f44ad98bb2b84c2	2002000000	20.02000000
1Aby56cZLzcJr1mgQg4iwZUW4YRZXdPefA	2863f5585902dcfc4f015bc67cd113530a34a47d01c9989a736ebc8f2ebbe4a7	2000001094	20.00001094
12yA7N9YVhtVimzs1B52SfdQ7v2mKukEdM	28b82e5ff195cce8c49b7b2509afd55e22853a3960c71ebc179f1ad2cdbb630f	2044044578	20.44044578
1QDFbScyBND1kMetP9cqWceH9JwVYaRRpF	28c9e35888416ee12f856efa1030792d6171db185c57f8634b0ce681f4d39eb5	1999900000	19.99900000
bc1qgt9gjwtfenhh0hlmz663p2ertfv5z4qulq8yls	28d5963037044c5ed1dcaa323220956da8b2cae7372aec3172a4d1e35be8f35e	2000000547	20.00000547
1Np7JMA1vj12EcR48K14h2E8s4nUcF98vm	2903a3812ac7a89c4640bfd7b61c61b3cbde19c967c16f8c49df158388bab69d	2000002188	20.00002188
3CrnnQrBjnTQiPtThGfHwvwZAdcnTLQoDY	290a5c499e80bb904db40dc8d44dd0b628950975502b8c8bd8bb8557b0f3de59	2000000000	20.00000000
1GanG7Fp8dx4o6EY39VR76fc4SjhCPk7Pc	2922f2ac98414c0ec426cd232714ac962332397cbcac47cba09436a763d41691	2000000547	20.00000547
1MNVrHVUq6oqZmgkQkWFD54jVr2HtRKbAF	29464be1212d3fcbc5eb1e7ddb129632e4e0fcf349edde9f65180ab3edb425ac	2000002735	20.00002735
bc1qg3tw76x0pknwexq5uaddzyzgkzhykttugmaxv9	2969ded4080267356f2d495a6e5ca1833078fcb79178acdbd371168f38c58531	2000000330	20.00000330
1DU6AAUdGWMVerodjRPAAnFSqt28QvhkAX	2970299425a49d3974e8ecd1bef0b086b5e42c63a8565bbe87df7dca1f7fb6af	2035495782	20.35495782
38VzsGE4qsaZ3t8EDNAdEgbKAReEH3nBim	2979a22093111090c08373021f384c374331f2b28bd357d4c2c8dc1b5f76e543	2000001094	20.00001094
1AV3QxrLiqnY82Y7MfnEMXfRHSisjt6Huw	298114e57d2f302458239d20964698ea7a55f4ff1f22d8879208053e79a8cae1	2000001094	20.00001094
17WeZ4gX5dfMt5bCmWTbx2XrQyVEUMtRYs	299b866a0c901eced7ae4421896cfa5033837b4293f8d9247797886a3d0240a8	1999741587	19.99741587
13ak6dYRsnGWRvjvsosroT2Gux8igzkCi9	29c8c98ab8e95dca03173b5c7685f353d960ef3ac751c4d532b6a2208fe1619a	2000001094	20.00001094
bc1qz8ly5s38q8mjxsyagta0t7paqtjty8xlmkmdlwj5f5zu5d0q0ets4equ0u	29d602ab590043a3964f9a276391380ef92e5b7383d433f71c93ae80addba3b5	2043123373	20.43123373
3KUEfD8Npse7NgpNXhNWGoUXswwt8EHJgc	2a11f5c3cb444862da95083cdc9c1e1be0f3d34ce91fa7ec6ed1f1d50f022247	1999869582	19.99869582
14p5Swqfin37orL73DmRqTGkQhDBd7D6MT	2a5b80efc43dc8ffc7a388f3dcede067fff61cb0adeacd6bf93b8e3f21ffc2f4	1979834000	19.79834000
16pKxB2ApGD5mQhn14dQo4WbGqAgoNGbnF	2a617f941cead07686f2c8ba90af96b2cf3e3f93bdebf864135c86f4a2516d0c	2040512601	20.40512601
bc1qltehwrlgelrgkt8djrpdsk8yh6g467jualwf89	2a83d80d279d42ba6837c973df75eef10f8e8eb7d06b5a384f3128cd322089a7	2000971700	20.00971700
1CaUb9YVZerqYNYDj5DDXWdPKLWJ3mMu3S	2a9169d930bc2945e16fc85ffdd03df37e794427048b24c6bfa48142bf04e7ee	2000001094	20.00001094
3ME12wqRkZC4NewBto38D1eaNTVUbbKDMs	2a969ce40728a32d832032742685e68b1d7528e1d6cc456587318996da3fcd90	2000001094	20.00001094
125JYdFn3WJtym986mNp6DFAPsLYiohprM	2aa0a0e08be3ed6ae7401f347d68cbe7903c96e2c8f0db9b5270569e4df5d8dc	2000001094	20.00001094
1GeaaTj8u2KgdMn25vrXcqHn7e1u6w3Ao8	2aa10283337ccf29bd3e2860100289fae55afd452a7b31918c0d34e6845ad2a3	1999981147	19.99981147
18yEDsDQsmzPsoFvJNzSqCxUyz3baUX8VA	2aada989d47902ba1f700131deb67528a0abe0fd2d13ffdef68e4e7dd74eebb5	2000000547	20.00000547
1MecaCpuXThjxoRAZHpiH2xEhmMfuSSkSf	2aadb770d94dde560a628d26bad4655919b16657b3c2819d797479994cfd6564	2000002735	20.00002735
1FiHb29EBquNaY16SgGtcq5k2aaQDT75xL	2ab9ed2eb73eb3a164490a328599cc372546ebe91c0766e58b191f675883a9f4	2000000547	20.00000547
18wkoQiTqSD666yKba2gPQgqPcXdyAHopN	2acc754accc5fbd9095884127bb81002b4738ac5347775616c5e20010684517f	2000000547	20.00000547
32dLiBnmv2wxjSrUjhZEnphNuR7Mtvj893	2af938e18c4367aa7ffd09f3001f21d68f8d4fa9598d4cc40b60d7fdead14ba1	2033351952	20.33351952
1AdcJt8CzPutrZrAgx9EVvKJ8PeKKNsVKf	2b11e3585c04b94f0bb3cf35881162113111aa94b08584a4738e0a5f4f465d5b	2000000600	20.00000600
1JiaZTqcAdJH7SM69SrjMKn4aVBWVMVYLh	2b85445f7837556be366a32ee94168d60f3fb3f2b6fc3880af46d7998a4efef8	2027000547	20.27000547
33he6JTC8Ao2L9PsGwaMH2R6BKnjR3NdMn	2b90a14d1bf60dae7bfb7b4b1301aa4e3c7978bf1078dea6c4b05df543a6cb39	1999980800	19.99980800
12CCXC7j2peFPqeziUZEyKD1LbGowc4VXo	2bb2469d7dd74544fc3d046331ae02e735cd4478f796fa2df765651189787979	2000001094	20.00001094
1MD568VBwArohhSGHWz5wDkHSvJzrdiQoz	2bb900ed484ab4d576f77cb2d6357bc741924eb5a010a4c424f8c0ec720e6498	2000002735	20.00002735
3G85kuvkevH7EP4KPoLhEpRWgoovwDjn88	2bcf1d763adb05a5593b25a1201aed96ee58e2dd874350e18a9f8323baa56963	2000001094	20.00001094
1PRPbQGdE2pMjxnd1yd1ESa8XfJrpS58pA	2c17d1bd9b36bcce10ba94e1456dd6f9e947b6c6e22228e80a8473043cf9fd01	2012326727	20.12326727
146jnQbKCQc5T8VpBBeuGjMT1496tyFGAz	2c1f28c6fc4a786298552bbc4d3055bb74ca00e6feb639660be90a0c32f9898e	2000001094	20.00001094
123msjGU1bGfvBSc8dok2GBbKbWmc2pYTF	2c45f83f0b9d85d1c4d837a30b1a4ed94084e51469a642362a217955741ce5ea	2000000000	20.00000000
bc1q4zhvfwj4swsdlrvyy9qnt8pt396dtmmxnwk53m	2c487f1159765d22e343b6cc8a078dd4d20557b3b638ad1b7bb98adc8c13bb32	1979880362	19.79880362
1ACQurMPTeBnvq9c7iQ8Eswwsb2wEbD8Sc	2c7b2119bddb40d075d2d05562ca6ffb38ba8e88160d7a13f733fecd2575afe8	2000001094	20.00001094
3Ly2z7y1WM21Mkd728XGL3QE1Yc1QrYSai	2c932dc33edf2068df42d42a7e6c39b11cee3071a93f213f0ff0c1fe3b89eca4	2000923259	20.00923259
13kzHmjyrBzAE3a44a3FHRRPVp5WgWmb1q	2caf7f0ba9a4a2e825945b010802d4b015c6191be4965683b32ffea7a82b4193	2000001094	20.00001094
1DaEUoWbHFGzdRETrb8Tbr1ET7S71PcR9k	2cba863a5da778fd3b3a9355d0b90f56d23fcb9e6b7867203bc80f8c53526244	2000000547	20.00000547
3ErLS1piGxrgrynGiGktR6UmoqZ5v7RFmS	2cc7d5ac87420d560f74e80d58935f63588832596b2ba81f9304008caca59862	2000000000	20.00000000
bc1qvdu37j662lf48prppdn4knz5e8r5d484ms9af8ys0t0gmwmz996s8vn4ga	2ccf23ba00c148e5bd1ded127e70e917d4bc339d3d7e94f2088d3ee1cce829dd	1960605190	19.60605190
1K6wKEWWFifrxMCMSR8Zg5BkfKpSj7F8Gj	2d04eccf9e7e245eb29ce510c75264cf51ed9e80c6ed58487a3690f1253eb7f3	2000000547	20.00000547
1LLXMFT4Jzi7FEyRmHp7s7ycxCUgmyPZTY	2d052a7cbff020614dedc5eb1ae16865e5248918ea85060095ad8a325a33e8b6	1967415900	19.67415900
38RxDL7EeYyNCRUaNQEN8EddvNSFTZkCEW	2d4725eb51e83442fbeeceb14e330b64c5b41ed8bfd3c09f1784e16b896608c7	2000001094	20.00001094
1NaKYuE7omab66kzp5s3cAMCRQkMCx1dL2	2d7c7daaad2162e353c30a4edf77aeaf2a31c7dfd17829efccd78759f0210942	2000002735	20.00002735
1HaQ7KdBH4xb5K5XvddDSHLjGwAPyrvXEh	2d809973a5d5de5665dccc6edc222867d06a92b2370d6fe8d7e99cf74c7cc244	2017842184	20.17842184
195HPHbzFHiVRou94aUyjBzN2M2B3vQ48w	2d81521f84e2ea8b5de4044fac167179f17d1f7d9f9c1049997e2f06ebe35c13	1981905013	19.81905013
1FnpkqqAb99DW6BAEAHGuBYD1EvvvwMfaH	2dd4433fbdfe86462ddbc6381da2365865d15ed32d84cf9d35fce547aeac41f6	2000001643	20.00001643
bc1qr4uqjkqkz99yktjd2phvxzqy464dqnrqy3feg7	2de94e728b891b850b3c95883810fa7dcfbd1492d5b1437a36206fe7e870eb88	2000000000	20.00000000
1BANKYKyTWv4FhM7h8Q9TW9u7CesSRPjm2	2e3e552b8db78f950e1cbc751ae1e389b7e734b4911c434059f8c1885e69cd62	2000000547	20.00000547
3JrW3SNTkZWQRTgi8a3L4vs2m2VcUzYmyC	2e42a1114fddd1dbd933c6cc105139ff58d0ab4235c5654503ccb98cbdc69c8e	2029696888	20.29696888
16mNSjwnV7sMHSuP7NQ3bwzENtF6GFySjM	2e680c6730bdb17a09b49eabb749f38c666590ec7e883df559b0cd057105a6f3	1982621494	19.82621494
bc1qfwesqqjlv6ln7mvdmsgsvyh6hu4p45yd2z2vvq	2e6db7f39efea4e928e04134303cf24cbb215ba29f6b5f018b23689b8fe0419c	2000000547	20.00000547
3BBHQXuvUMwPpnAQfupK6rvXiQdAwY7gmK	2e76bbfe191ebfb04f6e6223b9904cf8f41fd2c909fa20c2b607d34017f01876	2000000000	20.00000000
1HLCnqcaSiztw9QcDYzL9Ndaq8V8hyfkQ7	2e7804e4f7c74071f7c6456a7de1bb42d688bb70e252d7abd248de65dd2d007f	1988575325	19.88575325
1MSgBPGHKSoKwYMsQAhNwwWsngzPvj929M	2e8d478ba988e11f437d4b00500a2bc356e4f8feff80212c793137ba8903ee3e	1999990002	19.99990002
1GJYVGcwHDGvpPRFAKEi3L8rNafiZaZfeF	2ea6fe7b27202191eb066681b01e370be52e68c9c0bbd0a0d3366025624f88f4	1971776284	19.71776284
1MYhTMt4xQxuy2kmogE86jZzgRkZYx4jXr	2eabcc4bb869781bdfcc1d96781bfbc7e4f84f5fb0ea6f55fe261a67f64f0b25	1984429424	19.84429424
3LyqqD3PHu1kbWstTFmbJjZuan9sej6bLS	2ec33e8c2de6147e945f93d850a8ebef6efa0889eb4bd1ce4030eab16c11b583	2000000000	20.00000000
1EGC44acN7a91JWMogQMPepENPJ6FV1HAk	2f4011e1abcd170e4b9b0eda7512adc7ccb78fda35023c33e7956191b9a9d71d	1959999324	19.59999324
1AEJuQ5M1FhyRBpnXTW4ccu2YoRzKtEU4u	2f40fa22a9be10fb80b963b40873f6072f314b31337d6ddcf1e49fb79328f829	2000001094	20.00001094
1HKp7TmoCdFZhnuNM8N8y3VpLpqk6jR6TY	2f42c8b15f7fa810361a7e0969b2cbb88c8e225e1ed69df15349f6fdce9f8a5a	2000000600	20.00000600
14AVwiTARoPYswThg234igrwJveBaMw5fZ	2f58799b04f1323a2663e32e779932d322f0898a81418398746cf1afe4d5734f	2000001094	20.00001094
1FLZR6o8fgxHRTCDhnKpJxkyjnS4KfZkfH	2f5c2fbc55a360df2940b00511ef9abae846ef2c20bcf53e3affd81f25d32842	2000000547	20.00000547
3CpZsHza3tuYKhppoE4qidTekXstDer3vn	2f88799a31352833ce4b8989f67f0cfb51dfc117437069cd899eed9f4a562eb3	2004978494	20.04978494
13KVXcCSkDJJUzNU8NP7ULLz7HBLBzmZRR	2f9948574b621fb2f2b77314d19a5d1f2646b27670790a80d00adc7ac401ddce	2000001094	20.00001094
123zD7AmsLpfQPDxtrBYjVrHMdN342ZciX	2fb4afa03966caf52ddd0e08b111fa636e2794a637f11a97da36fd5d6bd98b18	2000001094	20.00001094
37hWt8Kms9nbbSf6zBmKpgoMigGzjprqFM	2fcab3b79c444736285a0b9ffc9e4e5afd997e935dfd2f0611cede51b43a4ab7	1954295351	19.54295351
332NpYtH1BB15z8VqN7SL9QFJ9NFj4WzWk	301ea0ce99edb1d7fd6420f3e4631111926c8062f99fbc9d9b25c76a9123a88c	1999960000	19.99960000
1Jxc9jeF4aoqdysiE7eKS69VUzE8UA7K64	3025dc9489534d13267c9bf5d185585c41659a08e55c7b144432f5c7072f216e	2001001094	20.01001094
1Ghs7ymNKpheTBGkqGZ359w51KNWjnQznZ	30399562cd28a00b4f94a9255a73ae999e680916fb5a4c53b664de5d3c3b1d61	2000000547	20.00000547
1QFtdu1UTEgAAsGFCJoy2EXoMTDQRqy5kJ	305cc5ecc00a09237268cf5315454a25f0b5a3cc8dfca07888b0b4eb6fc99450	2000000000	20.00000000
33Ekh7ck1huh3ggYpqoUqPKGZpAEJKRYnm	3062ecc820991c3e2fc526c58d88e2bba039d09cf0a2dcbc6196f00f691d8219	1999900000	19.99900000
bc1qqh48q69z7pt29k429vzqykcdfnz7xt8jet0jvl	306da09833478588be91c824a6f1ce18ef8bac5f43a5f36a306717eabbadb87e	2000000000	20.00000000
1KYitMS1XDFKKf2t7Gzt85oMhEYF1tNgzf	30817fae920a204b40a5f61eb09497527eb216551d39a225bc5626a168cfad9a	2031169094	20.31169094
1BMKnQqALTdbQsf3yLPnJLySvK8xvMv2Ef	30878c1d936636f65f4b81e0f04250759a57012c970ead5011f10d5d01665e1a	1998000000	19.98000000
1ArA3UT8WriPrTb1dxy8dNmvtFd9WcWcRo	309c88dc5d8e53b3cfa771a3f69c352d25cc98c0abe9a5a2f38491727ab741c1	2039731345	20.39731345
1NCer33ozDmGThZjAZK5v5GcAKkqirMqYt	309c89afea5c2f0b3f78272b9871001bd832ccdbcd9eac91005c7e9736dd76f7	1999900000	19.99900000
38cjEW4ZhkFvTaLtChothsbBDsFi6SMaZT	30b95f82f406eb0b9fd71bdc682303827f5a39652ccf342aa4fcbfc797e5fbaa	2000001094	20.00001094
1835aJtdEvEcnVbQQ329PAswrMg7VvHX4P	30c98f7e7d98700f6310d894f505b2a51064e45fd44f1946f088ebbce775cb19	2000001094	20.00001094
1B3Uff9V5A6rgY3bvq7JyC9RS8Y5MY7bvC	31016d6e728500645859fd3bb1f5f26ea4184425cbccade1c0684906b35fe1a3	1998936240	19.98936240
1P2bUKj5pejG43B1osseK79ZzCZRV3Jhu5	31233cf372776af900ceb4181f846e940004a51bf57cef1ea45af54ee8bf0c74	2046535527	20.46535527
3JeJvKizLChC3KpyHfBmceQVH5DYK2dirL	317b8d1b2f165884c940e64e9262c8abe7462063bbd2e785660536503a6a2a25	1994615230	19.94615230
168cLpRG4hVQDaABB8v9QiQDvSVytTfA9P	3185ab2d7bdfa016750e0812c63b5721facf04ea7ad472d37618800fa9a8aa04	1999968220	19.99968220
1F38mBisSJ7f9HxLKC8t6M3rkAg3236vdx	3199e49076d85470e8024ebad0488e4d8c15b6141dec76bbbf45fefdca0590df	2000000547	20.00000547
13vU1X1wnFWAorVKD1MdX9fsorrytrDBAT	31a7f44221c2271936aa7e85ec19cb0fffdb2b1cc540e8e5ba11490d95841d73	2000000547	20.00000547
1JsB9NpunJ98NXhm2Bw1N6xB2D1YVv4fzM	31a8fa0268dba5fdb952f8df721284bbb813ddd1f9cb44e0939893b3a9bce42b	1978260000	19.78260000
1JTLKduQenLUBtPWnRWpwUujthqFqaSKeJ	31adb65b23db27a45897082b4d78720930d42bad45a2dedb96b7ef87b0d1af2a	2000010547	20.00010547
1Ff6TDTBEQYkfaeXHHPehWJi3Msz5536Jo	31b667c58589975ee9209b92ce43e4ee30331d8a9b7308db4d6fce2ee5ef4ec2	2000000547	20.00000547
38fU9DoYpjFZmcTeyhZYmnLedh5JG6YJuR	31c26253477b72889585618774cb1bf095adf4e52c3fb2a975c107418e350fc4	2000001094	20.00001094
1K1HTWJdBddL1MVA5vbHT1R8z27iH76pfQ	31cd1c915edcc6a1b160ea60bab13b9c042e02fcbff5709fd2984c01a015b358	2002172148	20.02172148
12YSiqy5EQkCmVMyToDp4Qt6bnKNNqFVnf	31d8f73706f4ab1b0654cf5b1d87702f6290e8fbd8c9285791ccff82bc555332	2000001094	20.00001094
1K1mjTZKaAmPfjQ37WDestSK1biwj5x1Lj	31fb5025c2a5fc00db82c5ee574e4c00efaa24712f00cca7502107c26e892e6f	2008071094	20.08071094
bc1qz7rtlr5shyggfpr0sfs7lae6uydjffynk6fz6en8u67c2j7pl98sal86cq	32201352cdd08f909c373659aa1270fb1fab6a44c0baee1db9a75ce7574e554c	2000000000	20.00000000
1JfMcQdf1GyyjGhhrwcbPePkX8oUgmwQ6W	3228ed493459cc5aba13279d4fe3d2a2fe418c7f7a80b2562daf4f31ea5f9564	2000000547	20.00000547
1bz1KP8P6ExMGXhT7NKHvqRJnXZy6vt7t	32432b4ee95e54eaecd8ba0b25d65929167a92439974327a3485402f81bc0f05	2000281094	20.00281094
3EUyX2chD9ASGCfZAQb4m4wsaoXMkXChyk	324731566a0c4c6e035f7f0c5b280530c2e5c70961dae273a8f81799b080a47f	1988249815	19.88249815
1MSavg6jFoZR9TsDCQgbGwN6CR2yHk2SR7	325bca09978201566b4a71d2723a11dfe2bed461f3f1d49cc525886c7322fc3b	2017076665	20.17076665
1NuPEefRU2AZ319x45fY5wBHBV2Z72PY98	325ed693ac076d5bd7782b34b109ad8162b0c49bc26864fe8be3ab3d2aebd851	2011008241	20.11008241
1HyLF5n24vJprvguukzcbazemjYcZLkXwE	326a303aaae2290ca090c20f7a1f4c57ad782358c0f5da6fed5b77980b9ca376	2000000547	20.00000547
bc1qd5wjts7pas3y8lmqmmu7jgm2x6e4mkfdu5d8y3	3276cf5136ab32865395294cf64383cec869d27df0234bfbe1818ae8b625c49e	2000000547	20.00000547
15t29qh4uMvcoRJ7VPWp5L3TVaxN9LwUDr	32b2035edb83c96a7a196a5960182240b711188b09b54c0bc2212976b9ba8def	2000003988	20.00003988
14NEjKRB9qEKmtrac8yJqXJfnk1CxSnHYP	32bdd8e701d1b30a4e86cb4b511ce26ae1c3d0590d4d616e4cde988364a63627	2000001641	20.00001641
14Z1uoiYf7Xzw2DS8kXx5Hz9MQDhHzVx9C	32c7bfdb1e237d4ff3b26dcb345056375bbba3692a06b198fadf444247f12797	2000275000	20.00275000
39dPwTEkUJ6LP7AWDuakP3pbfBroUQCNh9	32f9e62c35c7e194cef3c2901dc2277747bd128f4c3591bf0465aef1520765e5	2000001094	20.00001094
1Cp4KH6wzRnQTTz9k8duY2SnvXJVZ56cMW	3310466c3881481bf056c7437f19f8c7ce95b5c0fc295403dc00fd375330edc8	2000001094	20.00001094
3E3xcmovBXj2FxbbE3AvXJayCTuuPxpyFh	3320e8e356541c6fe64fc15079b49fdaae2d5daf5c36a9cc7616d5f8e154d32b	1951553525	19.51553525
1CfqX8wMttRsEWbETFkfHGgYg94ZUqo1ss	332b5028d68172183737169befd4659f0fba9e113557d38cbf938e66213a0b5f	2000001094	20.00001094
1Lqp7yAcZxqUDYZ3MntkkJsyW7j8TjhMAE	33688031b340d80f1bdcfcd03cca12642de30a9811717b4bea3ca72eb2209b83	1999850000	19.99850000
1K2oTpAutm2H6NY8WUoKYvybPzxHUTiLL9	339f49fb5ce4ec1b7cd629a295bfb97f967e39bd6f5301caeebb98aa0e49790c	2000000000	20.00000000
1EAFpek3v92MGyTi8NLC5Ymtx3xziHqPLH	33c0423452ea2d8cdbd3c6aef00d88194204f3940256c676eace13041e5305a7	2000001094	20.00001094
3Lz3PaSd2VB89sRuKnRcBpTkXTNQfmYXi1	33e06671b2bf9c7b875bc3d9a6e8f761439fc2c78eff172b71d00b379ae185dd	2000001094	20.00001094
39kkrT7wAY1Uf7rx3vJB7YeWcCdHw41zBZ	34024e975a0f44dc234e1ff060876d51c0fdf85e8eeca14e7785f3b638143292	2000000000	20.00000000
1457AUk7Bh3Scn2ZLZ43wyiAzG5zvsLqtD	34116fb7904412399d129c414721c79b1b477af5abce76bbd72c091374ba2e24	1999000002	19.99000002
1ArHz5bfhu8uXdFgW4UTu2jrVxxddsfNLV	341fc4a5111cb2944f4ad6f6e7903293a9c4077db0fd24ed8b7fd3d0eab37717	2000001094	20.00001094
1BBAFZjNptxuVC4e6vWAoKnf179U9n2pPq	342cafc56cb0edf879c4666096a274372445e21fa8d443f69f6cd58de1afb069	2020100000	20.20100000
1Cca8a1kwVNUTUht6jX5Rt1iRHUqXCrhEE	343bb59ae3f3cee5ff5951116051a5da6ee603b941623ab1bdac2755083102f8	2019263194	20.19263194
3QztQ8vfJ9vTWAGuiStFC5YyBqcCFziHUt	344a28417d5ae689df3df41602a384be62d29b52ef99453c630ae36feb18ebfd	2000001641	20.00001641
15ZMAkn6QFEBbbzMt4fBQftxm2bFWwhT96	3452e13631515f1d1e2bc8b3e7fdb9b6a5d4bb25172b935e90b36b42593b30c4	2000001641	20.00001641
1L3WMxy9dm33LMySuvWmxUL9B2GL4vwtk7	3467d0617eb5a1edb96f5e53607dc52ad84e80b70b4a3e172c1092cf284f7be0	2000668257	20.00668257
1N3Bemwe7uE9WMP7Xzg4F9q81RotZRD3VA	346fcc47a009e3102d4c2e878fc1bd8a08e2b1ea8ee9c71dbb356938392b0c89	1953144932	19.53144932
1HcJ2VEvZeahYeUef8uZnRibnnYrH5889k	347921e3d70d30aa7f6a4f9814cd88fea0e2acf73ac4dbf96e190154a01711d0	2000000547	20.00000547
3Hr4vioHVzcEGVDiHZH7FPruTSfEJzTh99	34d2c535d19b9ee4711d7616b91d15bd46e6a28430d55e08f8e6ecf89ea69dac	2000001094	20.00001094
1ETzm2NY9P4yMxUvyuTWK9nqs5Q2MDuMUJ	34e1feb7155b8fff89240d83c992dd07a8a2bf439f45082b378c8da503730895	1999690000	19.99690000
16xnSRoTEBv4AFHbRPWS9QygcCmVdCo7GK	34e26b85cb848b9f2ce3987cce7345ef691fa8c11c92606f9db5ae9ee77db4ba	1999950000	19.99950000
1ArRP3tPGxowAgJN5MBEphqvXPKcAih5LM	34e3dfe0182ef34136e454360f804baa3aa070fad05bb3f8bd5baa38e4d399a2	2000001094	20.00001094
1P36yiSXTdBirRGpURQaXXscStDw9FX6gZ	34ee7993808dd61a04797493b92140de856e61a5251259a380e01a4911aa1cfa	2000002188	20.00002188
1BJu4ndJrcg1PgPEmyqXLzYABuSiNqusbB	350fbcfb49dd2846990a1b4892a310da103a13531df707ffd6476ceddb6f0af2	2000000547	20.00000547
17m8q2csUpY2XYKo97ewSJsCZgaWQPyjdi	35177e55dcc9c6def60b572f06d2146c1b2ed518f784a772c1ac64fa6051ffae	2000000547	20.00000547
36BwVSi9gm36v6zUgTixrvxmZ8PRQ4kkbh	35328cfb720bea5389c9576a7f5a9058328daeac9b91bc48844ea63eb7067d86	1999950000	19.99950000
158gkRoF6qE8FneBABKbroRbS8mHdpK7Qr	353c4d902bf448c5312c6a4e18f28f06c43d6364a8340e532007923fa8fa794c	1999800000	19.99800000
14uJjdkZgqRFaPF77mcx8g9fhyx2WmLLSo	354524f9f974eaa0860417fb30a91baad0dd183ce2c06930da22fd3a6d51a4b6	1971000000	19.71000000
1Nu5YGLtjCZzfjMtAXd7E7SEtyU2hUY1ya	3598c7be7b9c86e7ab0e3a1143f09e8ae0388a0297ac84efa055b9f150dd2f9b	2000002188	20.00002188
3JcDEZiAx7bUBsTNuKs4rzgoTXjPGz5fn4	35b6a3b66919e1d050fafe9802e2858753a9df5fc1ecc72a4672d09b31dac0a7	2000000000	20.00000000
1i6JBviUCM184gcvZDYfjm6zvyAKvf7Ky	35cec8a6b7d50ae0e89b6c8159458807be5933839f28912c651fd61fb07a383f	2000000547	20.00000547
1Ld2kGdH4F5rUCFm6JKcHCFiHNF7S1a96b	35ebb570a7bbed347f93758040b294cf0fccfc59ced26632bd92f3f40e16d52a	2000030547	20.00030547
135TLEXzS2cN5MTt1KLREXE4FDAGu6rTjs	3623f78ff148bcaa1160484f90f608623134b62a7d954e6fe4365b909b3f2ae9	2039001747	20.39001747
1M3sdq56MkhJHm3ugJZLxWNkoBwxD9479Y	362edafb224c23b47d17163ae58cdc46411f867e825c72994ebfedacc9bc75be	2000001094	20.00001094
139NWq48eyjqcFtZEha1b5gDCz1D37RcTA	3636c251d1f48aa1a16709c6839b0761a2f98669563dda5355e243a951580b7f	2000001094	20.00001094
1GVbYbkLHgBrNVWp8ikZRKc4hqDGfgmbAg	36463b823997d05f022115decf86b1531c74feba6225c58bdd83b342ae6e46fd	2000000547	20.00000547
bc1qr35wc024r03083fy33xjkn3lfnu2zna3fspf8w	366a1b226fa132ad987c3b65230db8fe016c9706a68ac87a11e69b559a925083	2000002188	20.00002188
1LMMmddHE8wE4w7FM1HNmjpcRGs8E9qzSa	366e5c2c318dcb2c9f4819b4528ac8b325aea1c5aa8b1cd47c6fff958c57773d	2002001094	20.02001094
bc1qvmc65d74ma7e966wmcg3astaj2a6madvgr0f9p	36cb48b1beea977b4bac52b47e1475e4ca3b047e732d7b3a48d7de597ed3d0b5	2049186532	20.49186532
12mgGqdFCSXh9Dt8CSebRdFRe3kDeYepb2	36e07ca8614c8e4be0dc1a3e78d235a68e3fa2dc3c259218d0190ef58aa37255	1990000000	19.90000000
16fjwyrmAWEJ9vNpjywLUuoodFospaszSA	3715c589f3e58c8b4f89239291ee535c78fd1abacfa9238241eb1a92e5316137	2000001641	20.00001641
19HyuXcCcQZsDZ9FZwhVPcx4vMojxPJj4M	37260be7e6d12719fbb9fb3d200d68e933331aa54e1a48adac3de0932a74e9a5	2000000547	20.00000547
1FxzAzrUazXJEWSMJDnhSrbBqcvrW5tApS	373f643f29b7eeacf2cd6cea96aced47f594362ecb60906fffd03584f8876ca8	2000000000	20.00000000
bc1qnj7e68kdauj7arlld7d9ndaueudq4kq9vqe366	379aa8a7524d36394a0585be5b6293e862407f2c3b802fb2700ad1dc0b0e02ef	1986684962	19.86684962
1CjzZLfQYUrftR554ocnJuP2PDCptMMEaP	37af867bef3491feab284dcd6586fc52b31a7b72b27e9101048872297fec15d2	2037714787	20.37714787
148MU8We69przz7AQstqcDffapLKPyZRna	37d4d1261351ab21707fcbcd56df42633427e676464a1e38968a8a046d92e942	2000900372	20.00900372
3DtuoshyNKY3QUy3gNdC3pJrAaUim46hTf	37e534afad2413c27b442d69781a08c4e6d884a1717c878f043b507ad07d3b9f	2012446375	20.12446375
1GtgFiV3mmwAjnsdCP1WuTovtTknca8fyv	380eb1633a17ee976aa06c116a7669b59502f81a88742194e0146672593b56cb	1980000547	19.80000547
1CY8yXKG2uC8QNzV7NQ1Vrm9yjzYroZy2c	3823f699f06eba3258a1af9a1c3f0be39a8501904be7766652488082ca4be4e8	2000001094	20.00001094
177N1LubNnp1M1jtu1kfJcgotHhztPyFHN	383bf5aeaf1e17fa59176a3077c0d1350b09d3f9699e0dc7104a6a6a0178db1e	1959771683	19.59771683
3Aj1bF7CBZcathh5KYGFTCeR7Ug9BWCEzc	3856e07563e1e81079f79baa6b44444e9c0feccb4ea75f05dffcba0fdf789dfd	2000000000	20.00000000
3EQTcjycpHydFk1NH7nwHrUVuaHDXQyMSL	386ac6a80213a47616367946edcb81bd846e7ea1d83ba91a276946589b01553a	2000000000	20.00000000
1GWRNDQ7DFskSt7kforE6m5dbBnyH2R8gP	38925fffcadb422bd9442ec9d9a1a7a02d8345c3bb5339cd1f368cda57069454	2000000547	20.00000547
15VHSAwLVriv8rGdFu7swQ9JKgtG2947Y1	38941a371de6f88001599baa3459e325e3c2864bffd0b853844cde65a37a554f	2000002188	20.00002188
3N5JuY9HMTwF7GexKac3z2sCZcKTFtjai2	38d3dfcf6b7ce1e68aaff96696f9dc9def67f7dc661fe9aeb490ff304acf219b	2000001094	20.00001094
1M2AWnmJ7UJShQKpHxnkFoPw1tnDXYGptm	390fdb6b68a877f7f92b888b5ac01418cdc7074c41908379378e743837c8bab8	2000001094	20.00001094
39aYUjG2pdk9qey3wRkeqpJPKJz4BxZhxK	3913795dc6d9a468bcfd14ca93e4d91b4306c99818c80efe5b400636d42553e3	1999900000	19.99900000
bc1qprgfx05n3q7p0f4m5kj70qv8dc5c58c4ylrs3x	39525c38a397c934eb8c397bb59445c44794c0e1af2c865e027056cdb404178d	2000000000	20.00000000
1HnxwfhtteDWWRzKARbnuADMfS1fYrAs2J	3953384de73c6b68f8c02805c8fb6a107b9613ecafe82b73f39d89ecb3df9af4	2000000870	20.00000870
13JfnTdvNyT8UP8WjzFcqiPSz5SuvJd5Lt	3953efcf238b104be9ff110bd11eec3046cdd7beede46dd68244b19886a89ea2	2006690812	20.06690812
1inTtB9t4bDJMCtbYNdfDZykNvT1AegYD	395a5d3c4f7cfb0b8570046c89b06524f947c0bf4e5d09c0eb5feeb9204c13a6	1959349018	19.59349018
1QFuJqr49ApMEFQrX6AXkJAJX26LLVM62M	39b97db8a41dc085ec5b13b07452b54e07f833d1280fca0eeb5b0f6946c2c66a	2002001094	20.02001094
1MYewhkfDbJHM43Rou67t78JofXXGkWcyo	39b97fc05c222555542ddcf6355c1b5f68653b3a93e301f55db0bddd630076e3	2000002735	20.00002735
14ZiexYrVZx1PxqDAKExdZJ6R77dB47qnd	39e2759a7e400a636310a97488dc03241813cfe34aba0865e13f14a5fd8549fc	2000002188	20.00002188
3KVxWonSB3M2UzRZwDjH7xRRW2mZyDBEVn	3a122185c9bc122ea48da0ef622d1e7976c0af197100130660525b99585dfc8b	2000001094	20.00001094
1DDA9DQfRR9CySLviwTNMqdVMVRCPchYh	3a144b1d1a8e5e320a4a3028b08c9574b88f5939608ec10a7997b757ca783c4f	2000000547	20.00000547
16zSGaBihTqyn84ETqLuCRNC8HWumYRXc4	3a5fa183e54946b5e897aa5a9dae218daccfe806975d9cae464eaa410cda01e8	2000001641	20.00001641
17URBfJJNzvce8B3HjWrHSuJoSdy4tyKsK	3a6ca0d86d1890bf3e844061663f4530f007f3befc13e67d83de1d07c02707c7	1999950000	19.99950000
bc1qgqetgf0t6py2af434psuqsjtzdyvdcy3qdkdnk	3a75a272a44af1aedbdfac0d49ff49e7d1cb99812c61e15be22156ec6a669e74	2014769812	20.14769812
3NM4rNPcTTJaQCERbXFa6vwCFjN4XvZ4p6	3a807fe3fabf7e893691eef8c66cde0aab2a5841965d88e411e3312b47520ced	2008461094	20.08461094
17Q1BoGShT8VeARJxiKqtaQC51UahYtYcM	3abba742811ef898d6ce9893c0a8cfeb22ef3a08fa5a04a3021edb3189676cc4	2000149024	20.00149024
13RD6VyyhW5cEmzSBEWVW31ytbki35XiWR	3accd4162dc7b37e1220411f8bc09a8a40f76b4319084b7fa724f9b8a6676378	2000001094	20.00001094
16ThkWFoKcgP7oYiDbxXX5cpsZmwK7ARff	3b0bae685e1223c2102ce793ebc990fcca735623b7daf375b1d7e36a829b8bf5	2000001641	20.00001641
176QfM7VcJ5vGB59pJa7cE1TgWMPKkYXce	3b1af06c3969f85e1a9eca86d3f7e48e07e7a8bf1799f1f7d87d2ae0ff9737f6	2000000547	20.00000547
1ERTqyY4FUtApzKv7BW4JqBV5BKcqDYmjU	3b427854b3ac1a3407cc5145b697d77e48ec2d5a9934cad5bab2386254e3804d	2001265054	20.01265054
12jcADdWEdPL2tuQChatyNGN1V8ufTT7UB	3b48501720865ce85051f302ee93fb716b6f28a2387fe99fea6f8cc90e24ce96	1961982824	19.61982824
1BJc6cqs3mJm79AaSKwRik7FCSALD4p25t	3b56928bc3a2f36c2980a044e92df29f0b2785de8c69235a1f9901d5288ba13f	2000000547	20.00000547
1HVZdv7oziEyVDGP9tCDCWvywmirPsM1Ra	3b997f16c3ab2d38c1ae004f7880af6bd0201ad027467a22b82b8c5cfa280152	2000000547	20.00000547
3GVTBm5vBi6feKGEGFJ6cQBGXjQu7icjnA	3ba51df4563f7b86acd4e516976bfa134b5a6e3ca320a2626d1e66fec8478680	2000001094	20.00001094
1HbmAFXHydMxf3juyhnNXzhdkNuQsGKqmZ	3bb8554d39071602ab15ab92225b0ec9191402b78d9a66f1ca462d289fed6325	2000010547	20.00010547
384wb6DXuX8oDQQTayTLUAmQbEDKHFaoq9	3bc3b38c302b874c6e812073f397d2d66cfa2eaaf314e11f05db2d0556799f7f	1990000000	19.90000000
1EjUTjahyHqzxxp7gRqhs4Q3qpvt4UzwW8	3bc9c63b80903f7417fe8b8e81a277d5274aed56b8abc6e5ed6e3ec1515576a0	1962505198	19.62505198
3Qmcwgmc6gGfM62FNn5R2R8MF2vhvER6d2	3bd41421f149719cae299e38c72df275a8b8bc9ba9eb1ff0f74beb07953e4dac	2000001094	20.00001094
1J9QwNBiQD3mWJxwYcEdomBHAMj98J5niT	3be55cbb3788a4d33897ae68420cde272c5de9eb2232158f56fba0972429793b	2036001641	20.36001641
3DVBjU4oqVXFp4nxJbGzRdCDaa7LoaLXs2	3bebe87180ade7040829c42d736fbbe1cd535c2a96c2055085c9587cba44d9a1	2000000000	20.00000000
1GL67s1x7j6r6UCasRag24WvLwJ9ZvGnQS	3beffe29ca77e02dc99b2da554db4c5da740afa59348478cb4dc945323b35784	2000000547	20.00000547
3H8kawCD28Rko8cgofcanZiZtqtgBRnGXx	3bfce5194e4097e991a47edc3222b7e76d11cfdaa7c9bf0d5323ac9c0af8f3a9	1983463547	19.83463547
19KGqeJALQ5FeZzYnMobnC5ZC35hXEhZmi	3c0af104f8a66262ba55df1577e3245454e674c283ee48fa0bb2458cde3741b7	2000001094	20.00001094
18SDJT15d9dnNZNv8Au5sCmCsfN3hgCLhA	3c35b2c397ea76a0268e15b7462fb8cd23bf1509b2dae8652c1fdd8cf0a79575	2000001643	20.00001643
1CWEEqMhnq7kMG98NM4WSHnskDdrNdXxxQ	3c48ac9fa93a2b155c239e47ad5ff3a90d70deeea3d8ce0fbd54de5cc36ea1b5	2000001094	20.00001094
1DirmwNd3ET6i5n2zKp7qXPqQ6FxRHskSU	3c53636ef7d22cd456aa1728b279b30e8602fcce62f76f9fabc65d833a82c10e	2000001094	20.00001094
1E7yt7eFmyYBWyYtpdT67P5uyW4sP1Pnpe	3c9a19818e1e8a0e938adf8d4fca6c51492ae3c6f73743c2b5d2dc65119904a3	2000001094	20.00001094
12cyzS7b5HDBSjRHp5SpisiW3XrqqBRakF	3cc3cb6fd2b899b4af6201610291d685da249052f9f8b347e03b7844f21052d5	2000001094	20.00001094
175egR9kEtD3sr2sHNHBnJbEGmym38dcXZ	3ce5d38221ae1edcb4f162460dccb1175ab6a05f3fedf6df1b5c9f9b8b587fb2	1959747277	19.59747277
1Jns2PvTgNZuP4iTU4gZnR1fLsxLUc62aB	3ce8b12c7146069fb18a2af72ac346ee96b7316c0240a230e6967f7575d35f38	2013534758	20.13534758
3Dm8mGPmM8djbBRob4nzMJVKeB4UdxBBWj	3cef8944884490a65f6eb210dd9a93f11db3b9b1216d5dd2e12992f7ef3ce1e1	1952027997	19.52027997
39YnE7LGCM38umLTMBFsgyfeX1xLFbqP7T	3d129b5af509d3c53d9cdf22438f55e9194414c949c2e3eb15ac6dc0b4ca6860	2000001094	20.00001094
1AsbasJNK6VWKUNcLpFnWBtSH3K3teqVZs	3d1b60e793a8cb3d130ac2b23645650d8b255a88f98042f7142c9829d11bdd9c	2000001094	20.00001094
bc1q6sn5dpvsj8z4yttd37m2rerg4n736x0nuvkn4rrxpqjspva32unsvnm03a	3d59d113caefe4376a5ef39aa4bac03c517a883264ee3c1f3e79538868785fec	2000000000	20.00000000
1FpTetRAJFBY5xAL6QWKEnzgENn7RVktg6	3d7b7f7128e21f179ac83d5135c40190edec91c4ffc18e8a9fa87e1af65e9bd4	1997905931	19.97905931
3Me5ay1qzFvMwGDRnGPY59tPSLeg4dokTM	3d7f4826924b19bfa7f21e8837b9e6eeef07fafbd9bddb34f11111b2e96b99c1	2000001094	20.00001094
1DGoJb6Lr2hmZaWtFVXJY4BG2CQSZasHNo	3dad2e5c53756c7ff2887149b6e67a0f1d56649c1c066556517cd6d2b4c850e6	2000001094	20.00001094
1L22WwUC7Yp1dhH3zKuXAjAhCrwh4JsdHb	3db79e77ca99652dcc48d1d4ef3e91dd484f8ce4ee6fe83c72134db6fcdd2f5b	2000000547	20.00000547
14jYNUQVENDWYksBzSn8YpBN3UYHqDM7gJ	3dcc384423593173eee004cda06aebb60af43854013e9f55aa02caf8d7a164bd	2000000547	20.00000547
3LJPDjK5TaJGBqPLPBmW2RFr9ZfRi1vqYN	3e16addd0e53716d31c931d1471d0f4f3513d9e0c0f0faf969c1f76b66e37072	1999932861	19.99932861
15NuGwUzmo7MiomeYsfS5yqCji5vMbs6fH	3e40a4382f6209cedbcaa3e3fdc7428d3c04600a7be4debe7616fa938a343a65	1969908165	19.69908165
3FoZimHBXPYMsN2yM42zdgpFFt53jVR3jP	3e66fb52c73b272db68390e4e0db9b25a9b21e1fe77fc88e4097751152623795	2012067071	20.12067071
1uniteJdm77YRzURSUzFUFoLHvjuu8k8L	3e6c5dd6b1830022038adf81092e2b250cda21850e8c379193e9c7da93980aa1	2045812600	20.45812600
1D8eaXoseCjBUZd9JHPqW8F1e29HFGEHLd	3eb17af65185518f4aa99774041b14908957379b438ddf6a0e759d3f5ad3971b	2033666387	20.33666387
36kK6CTyjghVTNttVGmFqthMPz5qG6xbG8	3ee1a8a3789b148565117cc635445c57c204cfe52635d40e36a8153eeb0b1679	2000000000	20.00000000
18FhnwME8LTwKsLghoveXgoRoagS3eMj9G	3f3ba9d80d61bf5309675de4d9838a409320dc4db83c1faca2cf76d4de83daff	2000001094	20.00001094
1PziN1J2LTMc8kAhhBhRcWSpsxFKukH6A5	3f3c351ca188379a3c0aa5060bbd1c8db4810f1ee5a062196b07b1b66ff3bebe	2009921094	20.09921094
3Hk3N6iuNA8kGz9Vbyuz71Yrrm9enEzjvu	3f42bb94f45cfb1dbe86c308f6cb899f3c7b3c278ea66237c0ef3af9c86345b4	1999995295	19.99995295
1E4dZbqqmL2A2KWGxebY7nVu11o2F86Gja	3f516e0a1bda14c0d03e861d8715cc107e89aceae19e1985767ae007b9b7e24f	2026772295	20.26772295
3JnPvP661mb4gNQWezJnRHC6obErnAUKjS	3f591ca0d87b73aa4addc80feeecaf07c2cb4ec94a98f1c07bed3257e96d6858	2001750794	20.01750794
16XfJC1te1yTUqC9XiwsLrjeMKwg7q8TaR	3f75fc1ae7fc787e911db74345897d0f06f3b92a4a2adf7eee8274677ebbcd3d	2000060799	20.00060799
bc1q0jk209sd7cvv67ykcw6qn6stpmf7kf0n87u8xz	3f86f30f06e460938902b466297e9ce425d8bf47f36978038e6c2e684d069804	2000001641	20.00001641
33MEESfTxnfkQYvYnRxdK6yyFjsMatLDk5	3f946bc33adcd1563abfb18003232e50b899591cb7c16a26e4453b452742c7fe	2042263088	20.42263088
1Hj24zshoSBWhBjQCPLymcULvA8ucCD2aJ	3f972f0870dcd8897dd81f86568bf57e069010d8e15d80f04d8962801dccee59	2000000547	20.00000547
1JM11yYWBsAY3Qhd3rnbsSkhDJbyNXA4Ph	3faba3633836c46ae1b691ffc6eb4997c093791a85600e266c579d74fa102a1b	2004985335	20.04985335
3DJ1JdEZFCWtSnQk8N9LBTMrgLiRpewmF6	3fbea903a8a5246cceff356fdb3e61951cf852bd5d99507872e8449b609c9aa9	2000000000	20.00000000
31xrwMx15As2PZ3tUyQZAdb7R7ymzeXg3j	3fd200c10fad0adcf70d355cd954d3a7274647a1f614588f97cc2983b2790ddd	2000000000	20.00000000
17WKQxBYgemFn6CrEhxoLVFXqQSsZhkir6	3fd455ea8f6fecee33482a1eed40132db8b083b2015e48700a4f2653e12f6c0d	2000001094	20.00001094
166VagShRWY2pmDnB5yDNWw2ei1sriDAqi	3fe0b49d13459aa132f316ff96e8b97a1c40eaebab4300836e4c05e29f4cc3b2	1999100000	19.99100000
1KPw4XdEWXzkCcB31fmvbZcaNuDpF6z2s3	3fee22a9e0899e985711734f0cbe60414a53c9d7e977ffdac0ffdc052ea2e485	2024263002	20.24263002
1JGprzM3LFbwWzXJcthdN5kMSYZxxyJAH5	3ff8f9be6eb7dd878eed8ba04fa6e6468f9086155119b62b1422d82b66494fc4	2009975733	20.09975733
1PPRTozBicPgsgN2QyCNiSkhghoMzSKjYT	400ccdb3cb2818c4c4931541acce25c2eb530cd8dd37cc23950dff65b9e4c8a8	2000001094	20.00001094
1BFxymyaBCk6KhayeS2BrYtjKxDHkGk8r7	4024fadea29a58ba04fa2e3b913162e6fd0799e332eca185fe99629ca9cd5c4e	1971000000	19.71000000
1KFi7yPonR9Wa367KVxWMwFx5pLJNVvWoR	402befe64486dbb729bb506068996908f41bef754777a52bc34617e42ebe0f55	2000000547	20.00000547
17hmdenCW24xxx7BGwaPKUiAzc4pzK26Yk	408fea3ce303f19376df86a26352eeccd2070991c0e29d691443761caa236ca6	2000000547	20.00000547
153xXXob1E59q3suWbwxTk9h9M3wDVjMnz	40ce1fcd42e30baa2dec98d04f6100c7ba5f123c5c38f9bff9c9a44b6134b8d1	1950348312	19.50348312
3JqrT4DB2FFCjnGAk52ifUDaVTHD45PBQf	40d4818e5cb1ab4c7f194cd2afa59b6ca12e78dc8edc735fb969acc58416eb8d	2000040587	20.00040587
37ZmbNviXRgLTX7akLqXcQfE1NutkmvbEK	40e6b42756c54df39a166530aa95ee2d8aa75d33be203b706eacc8786edfff45	2002424517	20.02424517
16Sfz4qfUikJr4Pp14g7gksFbrenySVDRq	40ece6ce3c6953014d87e31a0dfeb31c7e44938f2b2c138bd4ea4ff342c6158e	2008759135	20.08759135
3ChkL6qVYTAsRY3CqWfGhzz9w2m7GeoUqj	4103f0b2faad0a1e52b2ec18dff337b33e6a440da1ce7160a44d260f588e7525	2000000000	20.00000000
19sAyANCXDd6va5bz2KLR5k1SkxK7jLA3k	4108335735b80033ea93faca0a09cb22d93135d0446518575149bc0ef82709b4	2008951094	20.08951094
1Jt2GuWu9rw6MPkuJ9SPaFGD7jAUhsqg4T	414d8f103c50c00c395a6f5852f52cc1f5b8379b506c0b7ab2e2bcf8cf5d5675	2000000547	20.00000547
19knKocrCeQp7mkWyHLTi6Cynn6GHvwKyG	41595538f772637723cd205ef0d8ea77927157f0778e28a9fb57bf3e9f262974	2000001094	20.00001094
3NnSsSmVPUyj5J75PgsVX2UpvCaqRMvK61	418f53e86877023dec33ecc8c7696c26fa610582403bdf25544b5a2adfb0e068	1999894445	19.99894445
1JrQWp9NbFXjdN2V7Z2sGe4hhc3NXp5Byc	4196d94845503044ecefa4ffffda54a6738db3037412961d44877829801ff19a	1999950000	19.99950000
3ARqRmUsY4XwrsBeBS9VuiPFiVrzrB48rV	419be3b5b77adb480466dd005e05fa6c74e41f5914fb3605433344393ee96bc0	2006486947	20.06486947
1BuRak2BUackuE6QDBZJHWeDGnKs8pmKSx	41ef50b294b2b452e2cbbdd68386cdfcd3452bcae41f7a728d0dd47bfdd1c808	2000011094	20.00011094
1Ca4cyz2JKSjicxn1mY1bz1DRDjDhL3Wso	41ffa6c018c363beb0823f334a77d8e4ce5d114f589a2d3ae01b71a83cea70aa	2000001094	20.00001094
1AYpWb3f59iabrBeTBpGrSjyF3Ywtd6xcN	4224f5ecf11d590a0f24d7308dd95b8ee8913e445eef54032d30d929b7ba2b73	2016970313	20.16970313
1M7EQW5B8zHxLREZ47QrN5P7eQuDZmx3pL	422902ec1b26d4bf305eeb748670bebfd4a4b6a936e5c484df93054aba90de99	1960699013	19.60699013
3McJ95TtdRNDroEFzZhy8QcPYCjytmajhP	422e2daa709f6d78c234e0cc688a26cdf15398f3706cd261c1cb959becd6ac99	2000101094	20.00101094
17KTBYd9QrPrgWJsasxkgxqPdM8UFCM6S7	429f82ee4d06d98c259ef9221cf11406547bf8857ed5c8887acfcd0fe5df24eb	2015566377	20.15566377
37R6BHoHsmSaHHV8htkU9yLtALfSHTmuN6	42c4a12afd885ca7062f4542d70947c58cfb7611448782ae96f1a021626cd964	2000000000	20.00000000
3Ke53JBsf6RX1FSVdafCiJDoBxmWUbxKpq	42dc29550f29ff78cfd1d4268f3887e53606e3e4dd055ec488e6fb000359b69d	2000001094	20.00001094
1CqNdeX2Ek94kkW4nuRrSQuQ9HCfYE1QYU	4301cc261c5572bf320bedbe6a79d87dfcdb3c3cd8e57e9fbde72dbd3ab57f79	2000000000	20.00000000
3BYcPctXaEARJS5wFYRFgJsvuxveX6tCMK	430cbef8c0c82610526124857f01313c005ee32acf5e97082c454735b3f2b049	2001908741	20.01908741
1EEvGULAybN2MBc1GC3FsWajYpskEsh7Bt	430f311fe91cf24009d452e51b1085412aab079ddfc4674e46e25068bc47b2c2	1999290000	19.99290000
1LjzsMsUN44Z3LhwcrEdTMy5NjyaZsf3CX	43211079d7bc4250c6c8eda93d84abce20f271c2c98a46123e0b5e8ae6e57fa3	1968000000	19.68000000
3K7wx1k7c8HMa7PBztssvNrCfYh8GJ447b	432aa6366bc02cb7408b4fd7da1c5a4ad3836bf9779e9c677f76821198f562f1	2006093939	20.06093939
1FBuwaHeg5C6cAvT5ZvKsJHPM7VZZTmQZK	433815911d6a8ff25ada756c1164fc9be73089990ceeee20c5082e25544059f0	2000000547	20.00000547
bc1qhxkm6w8hpnwlzpc3kkd7g420fm3llytfv25wjs	4349abe2f1c978f43c8cc08539a796fe1bbf98b8e6d61fd82ac2f9d921c341f5	1999991704	19.99991704
16egq23Dpz9PEMo7pbqFq8qGw7MDk5tFtj	435e6eb856fff30976d4b536606a0f50d2edb52cc9945a7e350d658cb1235e51	2000001641	20.00001641
1GxyWU97JDSMV1FjRUnBYR1e8hsuTDxGKa	437d944c3863acb06417f9e9a7b66e75046d87d33f74585d984f06d62adc1874	2000000547	20.00000547
17FuCdBkb5fVLZMUPH2pqX8wSMExmyhuDo	438f37e316b6991d669dea3a39d82c51fc0847e5e31fd164561d0df1899c0eda	2000000547	20.00000547
3CoeXeejs1uninSRrbUM2uLwvTUJH12GKR	43a5f4f193e7a9ba23ef982842edb6cf8e3b0d0f5844a73c73a8610a7534a91a	2029522523	20.29522523
1KdNwGyqZnw6S7edUKc2U56Rq7sWaoEw9y	43b1c6c3eda3696e8e912ff86575486d4ff563ab9efddce34fe530280a7286c7	2000000547	20.00000547
14Y1tJGoHLYrTiNCPFihY35DoqpM3XRBG2	43c3f4d68a1834a9d86617246b5243d211c3a8d0ef832008967a486d5bf7ae45	1999850000	19.99850000
18iymrzCWqryNHvQiNSiVUEGZerdLFcp2n	43f5d641c6afbbc90e491b7d93d3da307b53b05ea71b6909adbce66437210156	2000001094	20.00001094
38z4kWGvJfnWvG76N9jtxrRgfWC8uip2Nk	43f66d7776fb60fe034ef856f3fcc7af4e8cfa7efa4772714f1e60486ad09f6d	1999900000	19.99900000
146xPTzvwBuNAPEe2LGWwnhr899HSjGHSP	44196838731abc955cf58ff30367f2477b87fe483739ed596be87457eca1f163	2000001094	20.00001094
1NkTYbVtUn4eY83KyUfiAEQRWbFUZS2Ptt	441dbd9ada854a80545e12b2c414cf7523ffc4c9352e84d816ff2996b65a4354	1989459576	19.89459576
12vESBCbtg9wMKzAgMWKZ8XY3uzn83VeSH	443ad1f5a2d46d76d6ac4e75f19b2e7c7d85c553dc06fe01847673a46c0c8061	2032095757	20.32095757
1GPS4oxAnZbM1sjPscuDjHgd5uVHkoeqe1	4473ae6127ebc4b832030de7f907b036d8d5ac3ac7f8773614f8508645ed5a17	2000000547	20.00000547
1Q6FHS5TAZX8WFDqAg8S4YAV2aFg1nkeWd	4476c16258c7daf17f0a308889dfe08b8f8e33412f08f18d23b65e42e1cb791d	2044339994	20.44339994
1K7rpwcEaanV8EqQzXq1mfjodp7ofDt9Xi	447aed3565ff25700f4eea52f7e2ba01ac8cea2e17d4caa027f725c7269136a7	1998142862	19.98142862
bc1qc8py0zq0zfm7z9vqfzp9yqameckvqnrxymjpkt	44ecd3112eddd8fd5701e8fc67b5f0fb2d50a6932e819e1a2b19da0fcd5a7251	2046900547	20.46900547
16aTC2eVUddizuXr1gPq6J17HkQxgZ8ZJ8	4520caaee6dd574f8a37606a75139b808907165a304b84c81974504cc478ba45	2000241094	20.00241094
1Ev31LQiUcAvjJ1V446PZda6xtqxcJDCG7	45273fe9cc97376670aac2d4706972290685c24d6ffc34899f1f40e592b6cfb8	2048217480	20.48217480
1BbNVSC9XFzci6phyJC7ZkZrKuLUYYv1ub	452f4157fc44790387871acca54ecde7ebc254b8747f51d1013319f808618d63	2010091094	20.10091094
1PxbJmipxAXPDG6869ibYEiVWQCAQKvSp2	452fb331ce6c6dcb3d94bfcccc72892ba76c724ed2f5cec3c19220e3ca22930c	2001051094	20.01051094
1GysQ88AgNpKANHbax9MfRjE4VANS5kGLi	4560661405584fad0709cdf8afc335e705f9a992b9e5b539973effd598f1bbf4	2010000547	20.10000547
16YAjsXRRuzbkQ6ByPuDwH583LvvzxQkCc	456f0809ea8ada35a089788bc48f45ff50be82ae11d1dbde8133c4dee8c56f8a	2010000548	20.10000548
16Cg2gaj5hh8beRydiEZUTbzPhE8f6cz3Q	45914ee0b12b65aa9600e8bb9161551d4c97872b0fba6d8afc01062fad7f77c4	2000001641	20.00001641
1913dHCQmF6tdq17deaw7Yh75jkd6BxcXU	45a1e687120eba34c8d819986e559b3c047d8780001c2d848ed93924fe68f6e7	2000000547	20.00000547
176mhctmMHyd3QPK2xiqiKxM7imu14P68X	45b06a8f03613c1e6ab11d2bd2c8c3ae2198f286c564314ab2b784008e2856a8	1999993100	19.99993100
1FJf2SgNTsr1Bv9MgK7jxT22zTxQU5VU7R	45b0c5eaaffef32bfed29f2807064252a8574b4623d4cb5d92e1a9e151ec3fe6	2000000547	20.00000547
3673nv71rUDDcnVJNg4t9QaGkvz4iLpE4q	45e5301619276f747b8fd94649ecfc53d42e6c8d87e7a3c3ca70e96b3a15ec7c	1999957156	19.99957156
38yRYSRiKePpJpgnxt25moPVe7m4ZTQunj	460c4b06ccbb6cc08112edc31acef46d154f0a2328374a979a88efb848c1730c	1999658912	19.99658912
1774orZAeigKtcoTqQCAN2bRhU87rNKvXy	4640ebf60fd9b3924bc46e9a9bfe3a209a17981900bcd68851ac2e3ae8779813	2000000547	20.00000547
1JV9vrRtqJJREXWzEQS5dMukRtRFJv2ei3	467042f41382b838f1c8871fec52d1e0d10cd6b4418af95e2a7dc72b0f2a2947	2000050547	20.00050547
12sKoE6i4hYtv3pwcaPm5AXkwtn1oQyVGH	4678e27feee8838cdd9a73ce6ed102f667a9b21b71e504a89cb833fcc9b12ca2	2000001094	20.00001094
38LMRSaxiRxNLc9SFhzNMWVbk4rmc9Wv2u	46ad057cdddbafff0212b899223656a8ab7ec80ad29d5c9af905f0f5cd536cc8	1995710000	19.95710000
3BgHpgmFHZ5w292mazFuN6rNFTkuVqrqzW	46cdb9d5adeaa0f4c12ccab96f7cb5e685e67115a62fd9daa0e0dfb4b949a9f3	2022611510	20.22611510
1JUkmHcSpeCRPnLf2wWk254CsM8rS1uebk	46dca2d81aec554df2941c87338a94719152f916a0734866196dd58d8dc5d734	1999981800	19.99981800
1B3F5gjBpXLn3H5NxWAWNKafaoQ8VV7iHE	46ed49a018b8dc91944dcab37f4b4b288719192a4d59a05541b2f84fb6f6ffbe	2028089118	20.28089118
1Exu7A6SmQp3ZUdAah6N5fkSTwge8hUVg9	46efe2ffeed57d266b19d3fb9434893f053c2ceae947f232c7419bb750e90582	1995860000	19.95860000
3NcueuLmkpGUxUxG9VBhqnPkcJrEXF5fxy	473f3d8fb2efd4624ca7628444d51f378c06b6446d371f0e2f693e7aa5776ea9	2000001094	20.00001094
131J27mrNQvzcM4bQuf26YfGePjSq73V9Z	47506028b80940c55ea0f609336edb15f0967d5e6f05ce17c632d10872e39bfd	2000001094	20.00001094
1ECdvCVFKvLRaCxz9G7ZAmYZ9B4rckGdmn	47646df3d2a4244aeb919fbe3dd5689f9cc2627f642a337d9514fc08262e84a1	1989990000	19.89990000
1Hg8Uq5bVTpKQ43vXxLJJak4Gv6j23B4Xu	476f91d0213e8384ab31ea26c8ad303d487cfe8ebfa117adc38abb1bcc25a276	1980611147	19.80611147
3M8NKakEnyZ7dYYyngifxJfMdVAjM57GxX	478274b21c84c7c468324771b4dbb772b151f0854cbd20cd6199218a6e10de63	2000001094	20.00001094
18aLdFf4GFVTG6KnULdvf6o7XPvZ9ciVyc	47d482ceb4b3e12b08b042f189591258aaf011cbe1d02bbbe0fcf7e2bfa60781	1999973705	19.99973705
1DajXHoRcTyZ8Pa2hd7inS1iU8PbfrY9m8	47e24095b9f686e21378117e86d2b250ab0f68dcf07142fbbe6ab942f7db9cde	2000869667	20.00869667
1HohZb6LF5DiHeWmh8Dq2SswgRiUPQBbP8	47eb0b0489aa6000f9c50b35943f0bd4be933e690871f0bed58587ad02e47abd	2000002188	20.00002188
3Poe5CPMbfrdNtU9FTHidDJayTjwAX1nGa	47f013db289e9468e7346ac7a8f2c5bd59a66cec70d54a12da044ed1a95558e4	1999952860	19.99952860
1A2VpqmxfV7gPP6QL7r8u2LXNLUULNup1p	481a9eb38560950d8db30c477cc23211ffbfc416b7b1d54d134ba851f3f24f30	2000001094	20.00001094
14pXM75A5VtF66sM7FUtYs32fZmHyqLgrX	482484dc4d3ad9e024d08a7a09ca918946543889d31536595501d661af2079cc	2000000548	20.00000548
19B5YfMWNG3R1xZepDgteNYXKf7UxJj9nC	4828e6ee504e58cd594a2e889d2e9cca1d4ffb3578bb773e5c8417c853bafa48	2000000547	20.00000547
19suYAG2KHi4uvzZFrezfdKpFHwrGEdCCB	485e0f698a5e81b45cfc14fa4f01afece8c702b4d3132ed6aec04c9250fb9834	2001901641	20.01901641
3JwUYUJ1w62KjfnVgGwMUTzJ1wGrUNyrYC	4886a67f35fbe1d122109c22daa0c27445df3e03fe2d9015c49c13f03254bcd3	2000001094	20.00001094
32SzFwHrBxGHzyTjHArph9NrbWjgKN4gUc	488d43abf60abe6dded8fec598107ad8a328ad306bd959cc2fdcdb913ae76955	2006511166	20.06511166
155uTfxvyzKox4vyrJuAC8PDDD8EJrNBBX	48df3ddd6128b08fa237d24b531d97a44a7e6634e2a31b2e2b8e23a7f9137e2d	2000001641	20.00001641
15UMksNjEMeKwBFGsWXrApo8WAEL3pEv7o	490bbced696bf927e24925ae82b07c18df7e21ce8d1169204659099fd6bd272e	2000002188	20.00002188
bc1qu0e80n0d0zatzemst5xyam0n0ked0mjkcpfnym	4914edbab5a7a42b081866f855f2225aa92fd654762bf3875ef68df18002ce96	2000000547	20.00000547
bc1q7p0x9uf2mm3cmaz53ra9m42rnee4ymfl6wq8g6	497ce2411c35e270601ceee25d2cf60a62cf6f1886d91ff02650df8c11632101	1987438736	19.87438736
1JgAEALqy8C7kfWu995qAbM7Sax9EPiY1T	497da6ce6ceb2edc42c30db27d7d611cb0d73531013d8ba67206df7ba1b233ea	2000000547	20.00000547
1Jrp8J4MaUkDpovJdK89SMHXsQe3Gfmp5P	499c999be6a28d8dbab4b9e97e8728de1a6625d4ff3c83cd2ac96ead896270c7	2000001094	20.00001094
19FSMJFEUhvUpsE9CFyh3QD8JaWzCQYari	49ae8cd8260fbc6ddcf815dbb6db6d0ead2ab7f4e0b7e760146f450a050bf19b	2000000547	20.00000547
1GC5PoHFYWLUunsoQJxM9RxSC8rWLfNkfB	49f446e2b3d09a7ac6a8583569ab9c39b53f0821c4243b25d83b7afe6d6dcdb4	2000000547	20.00000547
1P5HDvgacnRfcmF4mY75SVvUNXcrNyNQXA	4a248ffbcfc86c08d35926b8a1d937cf047cbdd243f8a36fb1e77644a1a8c3e9	1999989347	19.99989347
1MmY4Msspgf3AiDeuMkMyz9tEukMdShPqM	4a32144d36090f5e83bad8c0b8cec796f806d6a9c1de9bc86df86fbf90cc99ee	2001001094	20.01001094
3KSPmePpwdV6ETKocH14XZhggmL5LGfP94	4a54707ac915b9094a4a6ae50fa7131be0dd950b83510c3fd784fbf1810944b5	1999999989	19.99999989
1NBgYB4DTYt4pV2baCk59dcoSj3Z3ofdpi	4a774ca0bc783efa3dc587d6505c18e4d3f27e38b0ea3fecddcc09301f46f8ec	1993755979	19.93755979
1B4mvTPHaHs8bnPmEvaKE7y2FUKnT9XTzY	4a893f5412ebb29aff24a8117d2dbcffd7b8b4ca7424272fc0d5a8ce4d36ece4	1988100000	19.88100000
19YVRg9xbmH9NnZiApV3tGbE2QHHHEMyPm	4a9f205e9ad47b32789c42795ee014378de27a5f7470de5dd9d35bfa4f5956b3	1987437212	19.87437212
1EotKQkRRVmCNcyBGbMX9X38siPg2Fivuo	4ab248e2766682aee81e2595f7f1d8a676f0fbccc12d2ba5e4e2240fa9b62055	2005001094	20.05001094
3C4gxkGjfPnpcu6a3cLnWBqo92eEk1Kh48	4acd14a5ae2337c16a8e8fc40ef6e4390c7311cb967bb09ef179423f2bf7abbc	1999999090	19.99999090
1Ht18cnQ6MdxZDsyKzg1YkenvCKg3iny2i	4ad6d48eaa6c06964b0eb80160ed86b43bd301fb3b78fbfcc203f5da8a6ae16f	2030001800	20.30001800
19y78pbL3L5mds9pTfY4buTB2SqmqZQxZo	4adf8974114b3a4092bc1ec0ef96d7875bf3efb67bc4fd3512302c65eeb4ed31	2000001094	20.00001094
36P32ibU2R3mvjVaND1LMQ2aXZAMA7m9sJ	4ae2caab9a8a7a369eea2f40387adeb552c288b69c340bb21f00cd872e29f4ce	2000000000	20.00000000
3HFjuYhL1siqc7EojJs3XcePhXHNqpdssf	4ae48303b04b25900bec8f2d363d263c5b2c9731b1973d463ab1d1380575ffcb	2000001094	20.00001094
1PB6jDGQ5muN73aUUAZ6yzt88AVPrKHQub	4af513e08ef323ea02ddf2f985e3aedc3bb5a535126c43ca4756549cfdde7acb	2000012174	20.00012174
3NxfkbWGKMYPovFtDnCES45GokpoCR9MQW	4b0c2527f2688ccef852b82a80c64a6813682c3c364899d5bb68ab217662aa22	1979149177	19.79149177
15RHmN56V69oiqyyrwb1CfbMSMtpsWpS9t	4b40b309aaea51ba984bec53272b9c4259efa62e67074d77202b496440150c66	2000002188	20.00002188
32h4KoYsSX3WRtbs2SJkxmcj3UzAjfbRHp	4b4b0912caf9c98f0ec8274c2bac2fb0983d267cc3695e8bbf129ba63e33ac41	1950000000	19.50000000
14V61Hg4mZoCyWFjfoeJoWGc7FxFSHqGgP	4b4e76b8e895f17268483a6276a36cbaade3d9e4a74ac32c8d451f901724c175	2028177615	20.28177615
1GiteTTuhfdpaLQ3noqr12o2THdTYwdCTh	4b5c644acd161978d6cdce625427da97368167260cad6d4e327e0a9baf5e528c	1999990000	19.99990000
1AKCAu3SqqVrxZ7NuEDpd3sJRVDDnNFSBS	4b6d2bdac2b2cb8275c04a2fbd3ed2d32581fed262ebe6e233b5f9a46e047467	2020174548	20.20174548
1HCR7ZLGLVxH32vu6k8qQHCKLsi8y4xvVJ	4b75a50582795c52736ba3415d51606981e5c22f17d2b2f8c0222bba87e4fac4	2000000547	20.00000547
3F4s8Y3B1i6UPdVG4GSVqDEcMsVUSD9vUM	4b769919f5f211dd3f98b64b868ccc7e30c663ed1890669a65c138ff65fb4099	2001346094	20.01346094
1B5n4qG98XAwZDza4ff9jKE6hVKiwcVYKg	4b83779dfdc0a7a6dbcfaafe93b8384d68c1f70d6d79c79d6274beba19f3aa75	2000000547	20.00000547
3CT7bqb86g8AN1hJ1qUuWFU2Ho7PQiNTvP	4b8abeaf789f5f17724ef307459e7e81425626f7f4484fa256deb6fd26b5132f	2050000000	20.50000000
1FojudQRAA8q5jQ3KsPXY6LLkda5EZKVJL	4bc4b4eaec26b15f9d87ae91571b08e6a9534bf99a08e9cbfbde878533f90934	1999950000	19.99950000
3LsNNxmRQavQqPg7w46nY4e1GWVh1YkUEB	4bcb30c9106891c8229ae56b08ddd2edc05f92013d6f0cc6171eb767ad167426	2000001094	20.00001094
17eVE1UJEh5qpwjfyP1toGtQgSrrAuucQ7	4c1948663f3a573f0a5e115e9650fde30c7485b149b6091446a0e3633cea09b2	2000000547	20.00000547
3MVUqqszX7nC4hiHx7suirtYNXFRp7JCVP	4c3990a8e6c8a21fd0ee28f6a46c808f71862f44b0e75d88205c8e75f42c6f51	2000001094	20.00001094
1G1jb7hY4hQE2BMcofL9Y2pm24WgZDygNg	4c4454fce6fae15875f1e146ac46cca19597def9aafa8f4211d06e42dde475d6	2018602822	20.18602822
1PZYf4zFEEeZ84MduR8CToZMhLzkz9tCta	4c4cdcdf8aa25bc77253abc5b3702b949584f03524a66fb180289a9cc691bf4f	2000001094	20.00001094
bc1qlc440f48dmd8sl53jwg5j6ukn9ce4f77hjfdequ5au56p5qp0casw69xlv	4c554b2f6aa21bf0fb7d10029562c6d4d54657ed98e7ec9e34bbe7c19325182f	2000000000	20.00000000
1PrNja7oyxp3ySh9NtedFF71ptDEFbhcAH	4c73abb0ab501b58df2438e2eaf6df78dddf1178f1077b98d3f8c57662c6622c	2000001094	20.00001094
1PyUZVQVTenN6PRRcEvZRcNNMxEvVmszWH	4c7eaa186a278f57e8a9d5e8008a789b481e07a963aeb3690bc45ebc8e108062	1994000000	19.94000000
1QASNFFpbAkSY5FHfPiR3zGgCJqU3UDdnR	4c921796260df632c450645b8b66cb6d5fe2eead549a6e2c248881a071f62860	2000000000	20.00000000
13Ad5saT8DwGwmigBthiH11jVnerkFzVZZ	4cd4ebc29fb6460f3a5c40c1117ffa4c9e2df4547567ae44a427584efe7f9550	1990000000	19.90000000
1KtzVi7m2zU2HH45WAfB1jFDY3p7c88h1J	4d0c3d20542fe62cb2304bb9f0a9f8f83aa326e884911fb851a8b95f2bcc6fd9	1999872174	19.99872174
1BGdRSEA2gKkj7oy1RgygkkVpkbovrkDF9	4d25046e4ae38406752be91f115124355ca4fb9885800417205c7cdb89115e26	2000000547	20.00000547
1GPf4CxFWU7vFBXokaUzrgbabmxjgxvUaC	4d279c580733b12594ccce343e46698cc2a053a20f01fce2f9c8876331b68494	1981000549	19.81000549
1F4beRUurAWeK2npBkDTYKmyD8eF6UTELJ	4d513aa37266400a5e82a1a3aca48bb4b631b038f9da480bf26a4628e2c3d237	1951000000	19.51000000
1DiU8YrM1EYKNEFHqYwH8SH7N876U5Pzvn	4d8f2ef428a56dc7807c52a9b420bb03bdc3e0fe910e2a0e25a2ef2f875afc6f	1998002894	19.98002894
bc1qxw04sn8e69vaytey5ayxzmts7j29n5g9jdmwej	4d9da412e53e7fe6cb4fef60d9f54da05446ac950422933f2d6a982edb3e1a19	2000000547	20.00000547
1BitTnNB8s7MSdzGeek5tvHYEoZNW9oE8n	4dd1fe979d73220d58c6d1982fe71c4c2b258896cb2988eecd6bf74841818230	2000001643	20.00001643
3LG9RwCZv11oypgZK4JJ9zV2bucMMhqDBD	4e0333416cf9cbcf505f9a52f04311cf5785e9652231e9ce78445de868a85612	1999962936	19.99962936
3EC9qdnu3hQVpi3aRkDRDoj9MXF4N6dvaY	4e35cc4019c1ab052b6958bfc9d13d54d4d19ecc9ccb9ec74db14d281739bb01	2000002698	20.00002698
16fnQTP4B4yBMEDjXfHxHfDRoAhEUijN1s	4e3d38859208647071560b2ccacdc8d396f9b0dc38643444e6c118af4b392890	2000001641	20.00001641
1BANKZyAyVFRN4fMSfczjnMQXU1UmWNTrv	4e461d06d594a5fa1aac42666f9c578bdae1d3fcd4bea9ce4954d45903c220b5	2000000547	20.00000547
1JHNCYmq5JF7fp9dkMGKM22ZUGk4ygHXAo	4e4fc4039c482be9dfa130e83fa4761227b358da26718773740c1870f4eaa310	2000000547	20.00000547
bc1qazn0n7sw6hyrn65hxhwv7lssfk0wasmzceg3zucujt0qpn98a68q859f8d	4e5b72a3702710aa43903baf496bb7217f24abbfdd346dbbbc4c5ee05958486b	2000000000	20.00000000
12iN2yKsUu8yowPCRUC2Nmo6buuqi71SEb	4e60a8178657b3d6ec2294c8313ecd4aa52e78158c81f9d553b7e5ed0997c6b5	2000001094	20.00001094
15JnoFS9Z34EZHy9D1ergSu3STKaUa1P1F	4e645244a6daddf74147bd8e91b86618688b9ef746acc9523c28f8e2fba518b9	1999950000	19.99950000
3NT71vX2BvYP6zDbgAR9yrBHn7LoWH1qZk	4e7d15ca60cc980f0cc97b89d20ffeba9f75830b8dbf2d899de514ad4c1e93dd	2000000547	20.00000547
19bF68Ucn4CKDhPynpztXgYmhPDW8hkoZ7	4eed56a2f729ae8c81ee091735f028db916458acb2dc2313933a0aa35024dd5f	2000000547	20.00000547
16yFyotfzbeFtNR9oL1ZRz5zLcR9LcFW4n	4efb38272f64cd0bc56a380052f51da42adb8c3d55eaf0b0ceaef24933ae8a7e	2000001641	20.00001641
19kCpiyerTDLduipDCXoeguzPRWXSGkAhT	4f0d4e7ded69199f4cd0d043d4efb419a523e1c260deeabb6fe85d64cf55c922	1966790173	19.66790173
3Ms1eXV6Q7ztLSaRvqXbdEH8LpyyUjqKxE	4f0e04d99c9f14b8cfac55cd555f12932cf3552ac431f818f5756c1f519ed91f	2000000000	20.00000000
387xHhGQFDoiQ4ZzyV3v5h7DdPU43Lntme	4f2c9da9804b7e92808ebdb84606ad428c567195e775a21ce7f284e16bba21f6	2000001094	20.00001094
1MA6YnVGdLpnBhfd5hP8rrGczJ91W9CXkg	4f37a632bc06b8a7a7e496efa6de770debd51a882112a02bcef49ef79d52f92a	2050000000	20.50000000
1DqweqmYqS3qz2orscrKtGSs8xX9rFFyYq	4f3bb76c922829644d10faac7f453eff2ce72cc815eb0fc754351ab324757b0d	1999900000	19.99900000
1Ag6fi5xs98BqGEZBPJ55TpWZAfBRSP5XJ	4f4aad6edd644d6adf2745c1646802d9642161ffe3941e93ac701e6ace69b2e5	2009379706	20.09379706
1ELpmfYHoDyf3AJwtFhA18DiV9M7hYFpYv	4f628438e1c32c1d3ffdc407bc894db7da013e8cd11ca6a371d81fecbf895366	2000001094	20.00001094
bc1qp5g4qtdtwg2tyd6h98pmqsd45e0xcrangew4ca	4f66cd2371a3c2c784d790fa23c0f4df0970a169d8130fe9cfa7ca67860225cb	2000000547	20.00000547
1HJ3Px3YFTPZdJge7rRoXdZXRbKPtT8aZC	4f69108fb2bc78f5e92a430cd0fd53f47d7ad3e43901629e3d2c99ce144f1f40	2000000547	20.00000547
bc1qljcnxc9ra3ewkpssnsvch5l009pwym6re6eumz	4f6e10c30ab7f69f032090e908258a1de17da9e474fdeaba13933c9ae5e27f82	1999997074	19.99997074
3PCz2kzRrbcXmCLYwoS8G2DFC6MkB1JFWK	4f80a1b60ac8ed1f661258e426ee8ead4dc306e37bef61a30902952154f470cf	2000001094	20.00001094
1NxK9dUKtuPwzHykJHFfsFdvx1ygNkoabY	4f9136c6b298a28d8a98b688cdb843c67f95da7b54b4248c5d110c7b7f60042f	1960000000	19.60000000
1KAr1KdKQhfzeD5hDoFTiVikd2CzYu46eo	4f9c2679155f814d9c48bd6c8bd0a264c1be9aabcb0d103140950c32e6ea9d89	1987000000	19.87000000
1L4mt8W4t8oCoD8UG5f36D41GjxfvQw8ij	4fb64e201c1ab3e50edf16d91a5520a7c116035a4d7d7f4ba726e82b3828d16f	1992579240	19.92579240
12gE7vrCbEYpcDD5dDpJLSqZ9V2AZxtQnM	4fc1a1b0b44da82eb278c77a72e6de0d877c59559b3efa148041c4362ebb9d1a	2000001094	20.00001094
1HSBHG2n61ETZkxWUG8z5qEeA9kdd4YqTe	4ff812cce6c56007ecb473a1aedcbfe91b2bdcc06a3e81c76dd276dbb526836b	2000002188	20.00002188
12Syg5bgY9cCeSUK7Ad3dtbTSuAiuT5fXe	50208bba53af2771191096eaeb2bb39ab589f4ea8d55eff11b3bbb628be96e5d	2000001094	20.00001094
1H8kMjzzNRQxoBjzUbFnY3eZkCVKuWVBN4	5020cb0f3310b7d4e21e774d9af117c59885a0a80119204237383a38f71d4017	2000000547	20.00000547
bc1qhafr7vjll9v58zlxd7x245m785mcax6yxjuqwt	5032a1ec9c40da379d300a4f6cef910354b47126ae7fe9e9eaa574bc365229b2	2000000547	20.00000547
19mWuAsdHNPCqfbs771EeqiAXSoCBWJ1TJ	50370d15459391103901e9c39906d470fa652888eb1ae32c1a8ba8c6ea4f2bdc	2000001094	20.00001094
1KQDqgD4PT3xHC68zsAfEmG7wQ9cPV4xAi	504cacdcb3bb0db203ec4afb00553ee3fbf178be1facadd2dc5e4ce91b8b2086	2000000547	20.00000547
1Bu4ARiwCXYoy5UbESQVfNJNS6dCUvWikX	506edb0e29116c35b13157721c9a0e78683f036a8d3678e1a7cf0f75ba8553e2	2006051094	20.06051094
1MfwgpBj1s7v6Hm2PWWr6jmNjqs8xbYvNG	50718da75a5cbb74c33f4c6a9864455a88d3f81f393b5b0bc20e904ca4070d67	2000002735	20.00002735
3Gk1rDzka4JgaoSKhuGyFW9Dy3upNC5qYf	50765a8ef168345d31501a3be0b3567da1dc4149e12efeff5a78632a63670e99	2000101094	20.00101094
3ApwtyDev711Jxw5pM3hqH12MauQaJVwVJ	50e071bb618f4c788c046c11d01eead0ed2bbef1cbf87e809682547fa98dac8f	1964570072	19.64570072
3Dxu5yBzqFkiqDyUcwSdKchnvNhxD2WXNW	50e3196fff0f1e1ccf920afe73905dd1d507d4b5a3fee2de479d8340857cc496	2003000547	20.03000547
1DCo2MeWhg2Yh6L6nejmGYFRNw5znhaMek	50fd68e6c41910e25d41d66190d8a5723cb0ff6c8f12146a6b736efdb90f8dd2	1966419634	19.66419634
1H8G6Rc1BBso2z2yiPkB4fN4PHqWisuAjd	5128705f6864629c8d51300c32ac047ae72b3854a8dfa0491bde73fea6f6653b	2000000547	20.00000547
1HtbMHJCLTCJUEdGzCX78rLJfuGtyPCihd	5177b3347d689412dc2a00f82f0800107b5aab660a9307dbfc0509511665e5f1	2000002735	20.00002735
34sJGLG5cqALxjhH3ntpMkDq5RJoXbPvng	5179dfd41e4a683bf04c9702747eaae1f4b73cae0b15d3fd83d05a6c14018daa	1950000000	19.50000000
32timAQbuqHYdkkgT1zFhMsKAMUHPsGUhk	518718fa89dbdf93501fe1084ca7f020ab018d7b6f34422895e0ee800972ebd7	1999950000	19.99950000
14GsdXViBcm5dxdaDbaWSQenvczpWYUNGA	518dfc1820299fdf034d8fd2471f921e3c1326fc05068171cdbdcfbbf17b9de3	2000001641	20.00001641
1DUKjduZ669n6kjeZJn7TLBwyCKeBHbStr	518ff04937c4a843fd03be702fa9b7c2a535bceb5c3021c29bb62bfce79ebcb4	1998000000	19.98000000
1awXSQ7grhpNfevAEhf1ocZRHgHPCript	5198e86186d6139fd6758066ce889132d0acc5db46754b419d76be889cd9f996	2003294695	20.03294695
1Ha8r6hKvErvBBhLtoonrdcFfR7qn1Z8t7	51d42d3a51b598fdf46520cd9d75718669470a32b8f5770cddeca324055a3bca	2000000000	20.00000000
1CMmc93DNsohpr2P8Q2saios6gTZHLUmCZ	51f5303251067b1e58d3cc4fd52300e325854ea17daeaf0ec0cb52c4b73c5491	1990000002	19.90000002
3Nt7cTw4kyW7zDMCn1SX6L8gYYMXUpooY6	51f97ec5c2960870c01e2cf4d38378a022b7cab84be447362edfe6092c29aac7	2000000547	20.00000547
12Vj45uRXZ3h77Zf3sCDNQLZgnPDbAPc5T	51f9f260185c58fa51e8e041a7ee03f1c7e58169298421552d4db909021f9aae	2000001094	20.00001094
bc1qmmtzn05tcjrsm0ej3spg6t2qn70lnvv5mdk5se	5204120feb9279da1d334ff8dbd2de6079f9e103ec2421258d62f8a7363f164d	2000415689	20.00415689
321FgBTmJBiQNPJJ79bmpyp54UiFyfWa56	52190e1eb531e68a673a02407e1836339d9df8a3a63811ca67c43351c3bba8fc	1990000000	19.90000000
1DZGn7GY3LrsGUY48LAVdkTS3RBoaWb9yD	5238d217912fc1128c729efa2e747ca9f90970fec468b05b4e79d1662e8f7452	2000001094	20.00001094
12yimHu4N2cDdfKvitgAxbBUxkpJmUmSS9	523b08d4f39510f00a0cbd33b26790c541a36ef95971eaf59ead67572d2c444a	2000001094	20.00001094
bc1qhuytyjh7mc38nrqgy3mp3d3pn4zv25j3up7cux	525e7daf2fc635d28e3f7d6d74063396621fa3a0d68c85c5a05ccb278eb0c0ec	2000000547	20.00000547
1MBhy4gk9BwgBeeUFVow3pWZsLF44xpy7K	525ee23742e6e1ca315fec18ba41fa7185d4ecf37d21986c2ea9404a1ceda918	2002598583	20.02598583
1AZ3EmTkxx4F4Uv8WhHXiXbvcv4ygycqXw	5298b962fa8ab675c30cbf4f68b03eab49a4dd31d26fe4c3234edd1d4ad81884	1953428111	19.53428111
1NcWPuUSqVLyC3DoANguVaqTqUwNBLnHqu	52b65770394f5bc9b050b3291fc87d44f4de4b0e99a99452f313cfaac40aadef	2035981094	20.35981094
39rYDdEPJYYGNUkUJUYoF4LQzw2mebb93D	52b89efe3005c13f07d04b25d09a6f8a383885930512d8bd17f36ae37ed7f786	1967832629	19.67832629
3JxyfZgJoNFYQMNzazqa83h4CMMk1miE2t	533869f8110800a1b37a1edeecc1e8aade0e01f5b928c612850d79145600fa6a	2000000000	20.00000000
35t7L9rzN2dVjQkcbvQhCJcjuFt5VXDgvN	5339fa4d6caa4455beb8ac9f91cd7c0ce5cb3fb73a8a3e8babafc6c986e3d8e0	2000000000	20.00000000
3F97GBErygpaz3D4tWVjBoQHxoyckEgbS6	5341bbaf58c213a641934fabfedfa9befcfb5a9e055d6b37bf467ed1907977d4	1999968103	19.99968103
3BAhCNtj7s9jZsgQrjYTXr9aVQLTTeNYnB	535f5888657819d9f378c9b83229040365d6570dd5c0b3822a180c7492afb0a2	2000000000	20.00000000
1AmHSh57PMERyWpL8jrkaD4menDiwE2VM4	537551d7f9fd3e281b1f938227aaa3c24a5d4f6f3474e8e98a0663328562fc15	2031530547	20.31530547
18FyjYPpRBQCibMRbfsVrzGvz34XBLv1f5	5392c3375db1fbe0eb0729e7538c967f5c54beb76017ad9c2fddebb0f0684d0b	1976000000	19.76000000
326n3omjJAhjwnVbDp2M9HPQLAdHwrDYw5	53c5692704a64832d36319a5d7a273f36b178748e1ce3199498d0fa319a36428	2017564261	20.17564261
1HPeE7kELUVikVnMjBUstyfSnHuNgHi2aB	53c78254067c68d833abd4f5fe403497d38c082c24ad8f1149464b002d4af5a5	2012617600	20.12617600
17mwrQUZKMo1qNSvgF6au9XoZcLj4mqTVj	53cf6ad41c1266d717dc480c511810f738458e3669636c9859a518c5d4c42a32	2015900158	20.15900158
1K9QXxYkvFiGkh7xmFsCvoTf9FizVzwBwJ	53d4117c17ebbe6ec6545e08e6b55713211f249f7727567c41bc379b5af8ccaf	2000001643	20.00001643
1NZM6DToidnNPs3UYCnq488HXJgCfYmfGY	53e6f702106d4b51027548c27724a35ca409073859632d64f7ab3b80de445360	2000002188	20.00002188
372j43RpMCNZ4PFPAM13w1anV9cw4LvJeo	53ea0c59e3e09b6501edec9dd4a4ecaef1d95f5a6197c713c618e363c61b0b56	2049959555	20.49959555
3QPYo48dYPMsX2so2iyvD6JCUUQ3ZLA23e	5403e33798b1d420009c0008997acccf4124146fb73a924b3c32850ab7474344	2000001094	20.00001094
1E98vmswTG3ZQWePob5VUhp7cQGKz4FxiA	542cb6b2cf89621a3a91af1b386016bd19ee9529bcbc1dbadb7d976d0af00bc1	2000001094	20.00001094
1JtpAuksysZdwzkCjwQpTG5mzE8BRq7qmh	542d45a5759b4ad8fffb51f2a768236d8c80b749310a8377f5d6831fba51f76e	2002698207	20.02698207
16DitQsPXQ4XfTusHVRyxZJBVpCJmskkym	544ebdfffae9d3576337cd6d793862f25e6b939766bf086c781924faf62d78c8	2000001641	20.00001641
1BScEx3VUHroahPXtyMFtN5GKhKtgSM2zR	54c1d34cf4f54cbae12ff23f53d686b8315b25964141ff3d1778e1c003a9e11e	2000001094	20.00001094
354biVJJbVxYyAfe238sBfV8raK4JFvbvw	54fbbcb2c8d060df24453b392fe06ced21cc31eb47cba7e0d4010c4bfe586685	1980180547	19.80180547
1DvcGZ5j1Q3woDimXViM8vXdD4zzX3hNJX	552bc6675de136cb0b8aec89ff544efcf5bb691ab96546fb2d13c3c22ca25613	2000001094	20.00001094
1Q3MuBQedopa4ufcGc2eTyJAAvApP4KP2B	553085316f6cafeb62aeb0acf6d3b4d8d9152efe26458f69b6e823706c44dec7	2000001094	20.00001094
3AsfDhc6sCoTjyQFmSxpQJBP31XoFPg3iS	5535aee0cfb7b2fb7cb8c18f9e7e4f8c13db7878696968eac0344c837a047d88	2000000000	20.00000000
1AS7Njq4dw2QB9XnWvdYoKZknGzQr21DhH	554d94e01cbac97ede5e22708181928d3653748d622dde9a51b5e102ea8fcf74	1999952928	19.99952928
16BjFrPJxwdWb2jNidf2TfDWWUwuVvG6L6	5575e5d9f0b11243ab889718778333e968c0f89e8af930db6a2a315969140a4e	1962876170	19.62876170
1Mi9pmaEeUheWG8Xeif5sAjBDEvWucySAh	5591b1e205cad9d1510a62008df46b35eb09ac38faa2cafead516dfa4036a906	2018001094	20.18001094
1G43wzu2AWzX5Te4sLQz4hU1Wgg8AFVcR9	5591c0d812a430468daab8edb58b96fb96646813cef8ef2144fbf9c6e7d15019	2016844794	20.16844794
32hzAsXvagnZKjBbRizFWr6Sw5i1npgkiN	5596014df21f7155b6e89e588600f701dbe32f5f607c1569a74bf2981fe938e6	1999198890	19.99198890
1CQSxbHQfeLsYUoB7LTsctV4cM6NDUxYLK	559c0f90ee07e1b55e1075d49a04a9d417f84a007e64ae9bc3ec564eca152b1d	1994966400	19.94966400
bc1qtljvp0r04jls5cnm5800jy483hgjvecltwfueg	55ad05fa49ea49b6454e9abdd8511f2599408997ce2b86266cc96b309d6c9277	2037299388	20.37299388
bc1qlmfx6vn79wjkryfl03gtvdt3cwe9pxd89p4rle	55bba93c74afcda7ca260d0fe12669666afcafe98be6aec98a46c06162b706e9	2000000716	20.00000716
1E3nefddTmJTMBxcBHndRpZBb4ydUtfQ3k	55c3c19e91bbd254a9ae349b328f2050909fa0464fbc8e729c240b718afca8a7	2000078416	20.00078416
14FZ6S3qAYkjmbU7nKL3joNfYsPQQoo8Zm	55f4aae6b85df6801a3ee71d90f9e29bd732b6d5303d43de6d9cf180f244d0d9	2000003441	20.00003441
15RktLfEUSotv6fWVrhHuVa9XsGviY1sMR	55fbf1946b496dfeaf60039a1d385aec6eb8a3baff8b85cec92656611f2d2cf7	2002001094	20.02001094
1LQ5BcRKtAYaMBTwQJ9xBdhrH7e63T4AjD	564656fdcda3cb99acee342c452851c0bb090464c4c5bc877bc779974d16e012	2014696200	20.14696200
1ND2uohWy2PaBegr82KMniHz91GeG9Zuro	565234057fd26e434728d297e95a72353516c83fc859ce85484c1a5aa5a7a32d	2000000958	20.00000958
1EUtkvm6YAS9wf9feQFhQQefopTBqVvfkH	566a591832d17475e23c9f25483703485fb39a78eba841aabb1cd188437dd690	2012001094	20.12001094
1PuViGydzGZi3uK3Wu3CsQkBEQzsytiBa1	5676a35bf80c1179b13f69e7b0c89d1d4d29c908813b669fb95c7ba58a2ba1a3	1999968899	19.99968899
1C4QeBaKY2fQ1Ztbvup2ZcM37dsiWfQxA4	568df5edb2b8744f422214c39e5b5b0c95eb7053d1b4daf8894a5ed229f86a90	1988490000	19.88490000
3BzJF634dW7BdA1BXYv1z5s92ux7KMiWwv	568f24b5f8070a3d68d702866f27371c4d688b45aed83f516b08e27c0348e787	2000000744	20.00000744
1Mk5rdVW9M932VyR1y2qUy62tWQAJf9My8	569438903217a3523209db890e206b23a870c8d16ef3b612406a675b484a929c	2000002735	20.00002735
1EQGg6Be7FSun8BNJ5rNg5pSpPQ9uF8vDg	569bc1a29c03f0684d4ad70f01bddff77a0e0b17afc88372de8ceffeab1cac37	1999967738	19.99967738
1PJ8h6BgHL6xWdSsk3Ad2wdBDnTizQ3kgR	569dc35325e96401d456f39a8721540a5c683c9e5a63116af7f9598a1aa1cbdc	1978530800	19.78530800
1J67xY1zFB2ujw31M7EB4u7BDjGicLb8gB	56b154507b94a0e3e8ba8172f711174765fd1e6935d7562c82561e13d3ddf777	2000000547	20.00000547
1PGdV3nEKJqTjwyakj2hgfMzbte18aYyDD	56b752212ed366b2b116f49c491062d924acda535923b54f2e5778e027dffde8	2000001094	20.00001094
3DzdouHWscySjxSTXf38md2UrVRF6BrAxo	56b94a9d8c6f87d96ffb6c2f3ddc02a7a77601a5d14a387ea1d44affb78c16c3	2005001094	20.05001094
14DxsSXeF38k6PTb7EMP3yPA3KTEtcbeah	56b97003e7a6eb44322bb87c39e2f32b325c3bd9ceaf7e9257b8e94ea23e96ff	2000632631	20.00632631
3AGFVLRrbPhedXCD1pForMP6MXZ9AJvbND	56d6e91a677347561a8cc3271842bd36666c82428ccd7cafbd9b76b81b8f0410	2000000000	20.00000000
1F55Hj6tMZceptwAFzWqxrd39FfiLBpCRt	56f4d66dfb8e642c38e9d7e54c0311af52b452c8dabdfa557d1e397ace7d34aa	2000001094	20.00001094
3B7AsX9CvWDhQiz2dTdHhsq4NykzdLs1cK	5720a95b28f98704490e39b39ff504b6ee2f56168b054a65e8df1bce53db382f	1975733513	19.75733513
36KywrMDz3FtfUhfnfQUUpJBLvNmyprkMt	5771ea39af2d733f0659edda64f25c9c149818b4ae5099de1a83c032fa563d21	1999876544	19.99876544
1EavuaHeNn8eVPifsm5VYXeDiRDoN47DCi	5780c1098286831a3a709c845e1b142e422662fa961dadf7f431dc444a0b8bcd	1999912243	19.99912243
19tSdJ84U7mo6mXNJ57FDMKrgKP5s76owq	57b4cb8c2f5ab43761e723e27b5fbb5866a91ffc82a67ec4b3c92c6ab194c4b0	2000002189	20.00002189
3FfzjvXcKNKnc9YHpsCuaLEeZ35313x8A5	57c037d63c78142572b979b380362bffb140ea117c6afcaddff2cfba8d2e3675	1982491655	19.82491655
1FeD7RbDRdDLyTDKxF3NjiKqK7huRupbfe	57cc9d162c90543e1207182ab80c5111ca8e8f5955004b5209cd00030ad040be	2000000000	20.00000000
38eNQUJhhXVX2153YKK3HsM9fXPSACVEdy	57f8d48206e3d3577cea10b9bdbf154475ed5cefcc05e89426c869dc65ecf70a	2000122700	20.00122700
1NjupVF49TLYri3Mj55aZ9DwLH3mNtmj3b	58247eae77812d63dc2edb2b06dfc0167cd6505f437a83c673afbb058f39dea1	2000000958	20.00000958
142MPb2vNNfRP88hG9Gv3A4h1hKSa9z5oc	5825155286b68d2bec86cbb29cd92d0d542f89a2715e655437d497b6cd483126	2000002190	20.00002190
34F1GUVbLgSx1t5jkaStbzJqCiq5JmLCDY	5829f75f17517abf02aeb64cffdf5a6dff815450f66d98ee5a45026c60622d6a	2000000000	20.00000000
1K6z19DH4UBMuoRFjUBJPrkRtGyWhuH5ct	584e34c583c6071c93309060d62022d4130a5e981d65aa1307bcec3334c2cd6b	2000000547	20.00000547
17nhSvMTibYihexLAiunpA7o3tK3boYbtd	586f3f339606a496b12874b635c3fdee01214b8d39458f43df749ea15d8320da	1988000000	19.88000000
bc1qvgjy3gwngtka89acawxqxeqrrqhdmemvz8w0zx	588ed7fc33f6dd2559fc0ddc21161fc2105f2386bd0b4c7355836d86975387f2	2000000000	20.00000000
1FRj87kAFXTMupW9MUbp1rsJ1ApH5WbmFy	591537884b6ecec1f3e5e3cd6f2dbcbd494c8aa949469c2a6047416725e6ea56	1999850231	19.99850231
12YktZYhBXuF9FvtFFBBZhUYscW5ztJtjy	5955c26325fc4203054bb652d763eb4eb407cb54e0c4eb5fc2d113e06101bb47	2000001094	20.00001094
3Q14WbbCGjhcySLSmiZXa2J9ZjsvJZRLwt	596bb092bd470e5327f959279a2a9f04629a634b1351cab115dea6be1a12ea47	2000001094	20.00001094
1BTAZVxLAea5Hnis9Um5e285Bqoqy3EXMn	596c0b8d25613693a2464ad7524b60f3b3b73528f0b914ce0e05cb82f8464f54	2035121317	20.35121317
1MTSivkzLEjZJ9SJaXihHs3qk2YwQAinn5	5995a71a8d1252da05335dacc76045ee3bb64bde87c6506f56f54d69ce4e33c2	2000002735	20.00002735
1NGS2nifZCa2rYwJF3eJHsUbhWSdxaPrcJ	5996ca25700f2b032891d19ae766fe8ed882e25126043644ddc4d91040fc3630	2004000547	20.04000547
bc1q399eqx80uundh2gylw8y50x92z47mga3lr7xu4	59f533f1e38c71c3b2831450666544ba9f9fda42668ef92c23e480fe8e66dd2b	2000001094	20.00001094
14ii1V7wSKWZJdH9BCdLmRunV8bBKLy7uw	5a033d4e382ddf4d7d76740dd12e8dd120ddab99d2391fb141687d4ea15e2ea9	2000001641	20.00001641
1MDALFuo5ArgB3yBJzL9zjZZk4k4mrZNpB	5a273dabf4fcaf00fc71a2124241d92ea5996dc8258c2272950c460dcc7df68b	2000000548	20.00000548
3DEGuUU5pioDByxxA7D1afkThSykPsnFNV	5a2dda3008675db4275af7131dea335e9c1a06c2c3a8d595ad0fd6aaf88dcdcc	2000000000	20.00000000
35UiMYzXFAyXW2fx4pPvLJwtDHWLtuUxao	5a2ff6e2acc32d31fa83f46a239caa15db21143ad4591a67fe8b2553f1e198cb	1990000000	19.90000000
bc1qrsknv2sn4r8495dt46fmjjyvh0zhe3y55frc7u	5a39168395cf0372ef39272f98580142ab531a01fa67b58ad8abe5c821f8e78f	1989900000	19.89900000
151r5SD8KnszBdfYbcujvRnmMTJftKKvRE	5a464d836ea5568ffc157a571860241a8d3ea28000999893de9a07f6b6f7a1bc	2000002188	20.00002188
39Cv7bSkgENnA9tvmYhaRZNAjZ83cAfqvG	5a4d4ad99dab30183f4b4d1147f369e694c460ded9621b8e78918807006a41b0	2000001094	20.00001094
18DXkorzW4ctSkf2ssPxjiGksqS2bckZLY	5a6b93e7523835c369da2c2925758f24683cc12e4cbc0edfd8f5dfb69917c9c9	2005001094	20.05001094
38eAsZoDu1fg1ERYDoo6pgA2sXDjNCKQ2N	5a8f0e5515eb3f6fdcd037f14fc6638cb5bf9b4ee7a869db733ed6bef7396284	1999974160	19.99974160
1GJJG7Ley8jTpJ3VTTNQT2YrAiZgk1YUsm	5a99b84ddb6f9a4cc5436af883895aa7e75de32f97a8c7bca894cdc639baa520	2009930741	20.09930741
1P75cxjmiH1EzjTGFMheYxpmgLU77YQ19T	5aed39030dc547133d11a1d2ac43ea3bbfbcffbe2df462382b19f9ae82ee5235	1999000000	19.99000000
17A6mfGAwmNKmFkgWC11dsipfQrY6kKLw4	5af8a7106708a8638a93a7d116cf4b6062d9a97c11124f264e092664427adef3	2000000547	20.00000547
1AjqUjMprjZXc7scRnhbdoX2h8ukGKnsuc	5b018eb0f0378d0ebc9d4a473cfb67705d990b7cb7259785a86ac190c0d8ca1b	2000004043	20.00004043
bc1q5uezlnlea9n3tgc8qzncutadqcwl7p097ncjxs	5b0dc8dbf1338034799ea1fa6757328e647f2d5d8e0aeef3f1f547517a1389f6	1953998167	19.53998167
18KBR6mV7Y44WfnwCmfia2VLKiaDjtCo1b	5b14d744e818bed211dac263d19b1028768d8786dac27c507a94aed397883525	2003000547	20.03000547
bc1q2y5ufw5fkj3jclh83y3ppv4ajaekfnv0et0nlcj5rfsxp7kxsplqtrk2xp	5b26a7cacd922c2f11ace1f353a4d6aa2cf29ba4b2ef679e532b4a73e4144380	2000000000	20.00000000
1L3z3LDGS4ZRw98Mk1KPDktUkHL68iesaG	5bd508c4e5c61b40b6c794396d24dba3eb95fdd85fbfcbeb0bdd0ed5d6051a87	2000000958	20.00000958
35vpiJoxCtub2TZoTvqG97GV9PoLL7dKqq	5bea4e4e7e2b31f6624b4646447f2c96005b79dedfe05267fb51e49f0e83ba3f	2000000000	20.00000000
3QSkZ55YwXKCLoW7vSYsg3iAHSKGEm4R4G	5bf68cb8307ac31ebdfaea36f78d4b45307b017fbdb3bcb685bfeaf0333bcb21	2000001641	20.00001641
15W2gjyFKv1A6xGdyHWrNoganhdPGkUDVb	5c3f3e1be28b55bb90dbc4f3197b997269964602ed6c8a5285801b80dc4879c6	2000002188	20.00002188
15Jo1FrTHJtJpV1zijVb3mmRAYbvVVQRuU	5c6a374b4ef69632bdb08706e57b9957a1dd7547f2ebb791465322eb9ea3333e	2000002188	20.00002188
1CxZYFcsZ991cTNHzUcyVig1dZhqTXUXUN	5c7f25c7946ccce406596243de96ae9cb364f4450c981f993a40ee1c1aa387c9	2000001094	20.00001094
32t59ZsKR4YtfNo3W2X1q9wZB14PRdDkyh	5c9f143354b50458d121eebdf9696a2ecf8ae6ebec5eee4d281c2a1516dcb690	1977852759	19.77852759
115Dz2rEos5dhrnQwkxHD2W8X9P8SPgDm6	5cb54928395cbef49e885a1289b2da8991459b0b2779db659deb072ecac0615b	2000093838	20.00093838
1FyjAj3KdbZg5LowGx7fvQNNKskiJ8rxbz	5ccb6c9455deb6679119db35fd51aa3aa11928f9648523b69cc32e6a78c345a5	1950325350	19.50325350
1Fwd1Si1QzdPE9WwZZTneuG1Uze442jNG9	5d25fe09c8a13a597e6f655457296e77495058707693e2dab1f791ba1f85bc98	2000000547	20.00000547
1K6tB2dg9UbYmTguYQejaTqZrq2mMvt8ox	5d2f633474ec0647b3d4c9d9e5a23bbec688e710772a156ad1e6ead4fb39ca61	2000000547	20.00000547
32NAxQSXo9cSinKB3dJUSrJaNoxA7Rnkg6	5d5b5d6d5286e1bac5baf18f8ecb707e7a5f5f6a21768f9cfce5551e844caf1f	2000000547	20.00000547
16pSMv38uPwCCsHSsyKxGqmNwSRJsJmzoM	5d87e29ebed859cf8a4cc94eba0457374fbef38c30de20f54a8d9e055cf5b749	2000001641	20.00001641
17MBXNzHBZqKBpCNE46TbtmpvVFWSmFts1	5d8a22c61c7b2501d3b60586747c9680623c07b9a2a9ad55b261860ded34e348	1999960000	19.99960000
1Kx2LQb7eNH1fJY1kBp2Y75Er4vjoucZse	5dbc50c703d1d02461160bc3393d3892bcc8095d92168f8f2ffa83af211eee2b	1950216432	19.50216432
3MU8DYBGanL1ayvxcuESWdSQWUGC1oZ7JT	5e21eeca8b596bc471fd185e144faab4a27dcd04e1dc0c98922f962c7dc4018e	2000001094	20.00001094
154jE1Sfa2KYagQ4GDMhCCeiz5GB3Mi3Aw	5e29718f2c0fba87ef3f04befe2238fb4d9107b1f3e084ce3cbc5178f6a72122	1990000000	19.90000000
1FZEgQHsVp24V24PHoJgEBmA2scAehEz5g	5e4d0c3d39bc22c623641fdd0c980a20694dbb77d3f9f53ea22fc9dbbaf1d96b	2000000547	20.00000547
165LeZpcC553DhQt5P7ZWwmGzwg1zLw58m	5e5906fe0ada51f126a2ac369f1a578596b8b6b476ef814d9cf6a3443ec3e4ec	1999949262	19.99949262
bc1qr30vjwrzg7dw9mm4xakxd96kyn68p2zuvh60x2	5e67b46096c1bf71677ddd85b22a2ba270c7d95ff8fdfa9e3ac7863dae7b7af3	2000001641	20.00001641
1CsVXXNsjwUcCoHBHe3HWN86DD7WUj9hDF	5e766095555f7cde5bd204927c6c917dc7d0eccb88af1f49bd9a6531a36a180b	2032460338	20.32460338
17ceUqFhRuDsGE7pyGPdqL51HbPSbtcbKu	5e93439a06ed750aa491cadb6ecbfda5fbcde2d705e155da8880b26a114f4c7c	1970839875	19.70839875
16JRSkDK8biKFF4NoCdHN9kam31DLtt5PC	5eb68ee8a881227dc916064431ece3c2ce24889c8bdd757f3664f262569b9b51	2015004919	20.15004919
1ABq9v6YSxdMNsiKUpEfkCFqgzwsgETVp6	5ec9c30c88c6417d6f1197a94461603324a6638b2e2aa2413efab098df1c634d	2000000000	20.00000000
bc1q6k2t5z8965u2tmnatqrntvzzmwdzf5c0cvhtmq	5edb40e1e7ba7ae8765338e4ff8a714b238e12b771d75214a7532af1ecef0baa	1966253827	19.66253827
3CpMdTr2rjmxQ2EHa7Myaui8oTxmeLu3Cw	5ee137c3a8ddc9f0c08f0db38164059dc6f49e2a695dc4fb9b1684fd54812817	1986000000	19.86000000
195eZQQubXBC39sMPach8PRumW2BgVBHYB	5efc7e0afc313072e58de2dcd19bdddbced7f767b287b0e17fe63640b8ea2ccd	2046068205	20.46068205
19NrWzhHnisk9vBojfKxMK3TgzLGhRpYEh	5f0005b682610524068da10018b67008502454f8bf6ef34f54a2b4ab086ede26	2000000000	20.00000000
bc1qhtrgxgmeeyn4kx9nl4zlqs27w67eevu5f9yg7f	5f088458c17d8afb4e9e1f99053a32d88213c5d6024e0ce3cd457b3aff4439d0	2000000000	20.00000000
1JnETfTdnVaZx9r34z6FKvBe26G5GyVDar	5f20438def938beacb5bae52e889417dac06c60430b34ca94764786e55381917	2000001094	20.00001094
16iBevNydu2QrTGBoUnBhYRVPrZucSGmf7	5f480f88081e6cd9e75e2020e7842aee876c9a80640c2f4574d6abd08e274292	2000011094	20.00011094
1KrP9penN9ugHDoF5L2Bq72qvF2i62F3Tf	5f93e672cce9f680e0dda64c1c921b91fe0138cc4caeb93975a40ae406351afe	2028882241	20.28882241
3NYk37pccBrh6k7p15j4DqJZEVhvFGXXPG	5f94a7aa7d0ff9fa9e27a310d281f2eb1e568d7df3432bb99b5777f5b2ec3a32	2001939202	20.01939202
1HeUSokix2ef51XbHCzCoXvVayR9mEfXCY	5fb800c433f5bea09c1b27a2cfbdb06000a7c8dac205226ff9b099363c6cb526	2000000547	20.00000547
19x956GkbVaZFybPVYUD6LmC4JhTevVAd1	5fda0479970afac068023497992303e49d0691f6d95686e6892ece6b49b14f6a	2000000608	20.00000608
195rzUwetr9GRuVFVYyeDqPp4ibBn1dkab	602b33059fb4a226fbe469aca3ee0bbf2286cd871736784ad5e9355e45708e8c	1999600000	19.99600000
14XFaNhae7FPipPvDYzMk3FAAREL9VLyLp	602bb936ab2740b377b190243400beb69ba33b1b58b3f49b3882b081d98b6931	1969780000	19.69780000
3EobsGfazZuotopoD77gXd9JTfR9qBZw1Q	6038318a8b0fed3e5aad497915977b54b8cd3d5b8579e6a90c8c6689e727d020	2000000000	20.00000000
12vwjfJdNpsEiAz68VZnq5jM669vTXkiit	60468c6877766031272d91e968e1cdc32d331fb77ce4e1319095f37eb76aa238	2000001094	20.00001094
19Ttk1ZUCx8V4cbsL17KKgpqRGu8yxqxrK	605d6343e0957ea7698cd36a57769eea89ca7985d5a253455aeac4786f096e95	2031206860	20.31206860
3KkRub19v8Tru5oK7HXZP7UqrdgD6vHetu	60647cab870a3b3f361194dae4401defe562f3d73b0939d0813291f5bbc80eca	2000001094	20.00001094
bc1qk52th9tf2vg53q6wz6gkgpxqh5hfetg8pat05w	608db16bb2ae6533ab476cd0478577ebfb62f21b2b777dc15a4ca1ae8205cb4d	2020129073	20.20129073
17k4nhKouUE2LWNbmwspvZBTMCMCc8fCKX	6099d2bb0243d4b85bb67e160c123bf141dba7f6e8cb3f180a4a3e1f1ebcaf2e	2020153184	20.20153184
1GCZQ4ui31AsnLfD22Yh78Bk3Gidj9bvpV	60b27f632dd81abe3e48fc9a69f5b798dc84f919232a81b5c0d16691f9f7f7a0	2000000958	20.00000958
14d7kJMk6m9LVPMufHxutXJt3gAtkUSGrC	60ccaabbd76cde1eb79175f74ea6586de3853969efed5bb23e54e0d5fde3fe46	2000001094	20.00001094
35VWmpcs9HrUKtZKfmm5g1Vq2sGtX3HwTj	60d425ae4ec64d7ae5e48d255753d7be8b85a52b453e7631cc10b97fc364fff4	2000000000	20.00000000
1LxiJZ5c8fhpPT8vUJNRi1MRcktp7XV7t5	60e1a478ee40a69c606b6faf12ac62613809e2ce5c89c19f04158bff4b92eedf	2000100547	20.00100547
12GkJCBE5kiXoFH9cGD3JNBZwWRkg2CYje	60f40bf98cb9087f101b4c9e4d736f90daddbe8d0b4b4f04dffa99773d8e322a	2011512500	20.11512500
1PfuB7eGBS83Ad5kaSV3LvaBExQohauKpq	60f8dd2ab3a5bcc8bd2996b95ea0c5b635002ac9c2a90c2c7cc263db5323edfd	2000001094	20.00001094
3M84RQgXbu2j9XHH3TM9eHabxaBVmPQxz3	611b8879e4f5639f6092231bd718ded52525635e61eb1b8aca23fcb70a27d383	1999900851	19.99900851
14e2R1VmDQB4WUa4JwwQwRyYmDJgeie54H	611e3b5a4b1abf687431f108c4eaaadddddc5754b96eff40dc54b62bdfeb6516	2000001094	20.00001094
1HDXCPnWrAh25RtN8it4LskxAd3HEeJVpE	6122618d7df6632798d5c0a899cc4b1a7622a7ef9ccbcc3914a9fb0c12832b18	2000000547	20.00000547
138c7S1xATJ3W74oEFKMzpPjYvrZAohkJF	612d6fb425855150eeffc216d5a8f4f32f88dde327e6ebe195aac324d2592b62	2000001094	20.00001094
1Pmhx2HM4NSh7MFw2tM49EaErdh58ArcKt	612f9f32cee5d93a106d98111e7b6914f5f0842f0b3648c6ccbe84bc5026be80	1982900546	19.82900546
1DA8etPrggfDfqhBFBfV8waeAUBX73P9AM	61614c2b47dbe1deab385a59ffb5d2202d6a09bf9ddc0806ed78e961d7f68941	2000001094	20.00001094
1CqxWnyd8sWoh4xnYQ9ViTFRZonZR322Be	61682d4317658e67e316c2e26f2d6da8dfeff6dd2b6eaf53e0ae70dd2d02f9dc	1999900001	19.99900001
3NaqDSpxtUL9epMxweqimLBMkhjvEj9Uq1	61a5ba3835648f4cf5bdac6ce8507b0d688c73e8e63d832fae7c63bbc197b82a	2000001094	20.00001094
bc1q6jrlf4ygfksurhfv47gy0fw28r8x27zjtt8zys	61c053731d329d3ba39a30de2db3af2562ed05be3df356ee5fdc7b59a025c9e3	2019535227	20.19535227
3MFFQJDGVjzFg6wk5k44UeAfoQtwHVrMXm	61c0f96f51bbb42afa12e51d2962fe06fc43e631c46cc29abf4d4ac5adefb3f0	2000001094	20.00001094
19jMpFtjfZxbn1U5msZrjgJXag8Wr5oRve	61c95fcb4a6d53c2c7b16fdca6a9b7763d701ca6e9e94c57b6fa9b8fd8e26876	2000001094	20.00001094
3CKkHm2nTS46vrTiGayj4fPtggjq8opcZF	622216db921f5e1c69abcc4e7d50aa249a1f769c3967d1b078c52dabf66f4980	2039322874	20.39322874
1Du4Z2HqEKgH5LBEi6csrL1pmiA3Mcnaua	6232a9dcddf4b27436fb118416d28a72a9dfcfb96d11074c4405a70968e63c23	2000001094	20.00001094
1NKLVuoEA6QYomCkYTopqSvuYkiPiYVvPv	6257a5b8f498022d0439389a7f07028426b3344e6266baddcda1dcfd78295f4f	2000000958	20.00000958
3MSHyTrTrwutkQ5CZ38dUKmqEAeykMzJqw	625aa030e65a50cb00e636c0edd234a26b64e9626aa78c054a469e90e5271bf9	2000001094	20.00001094
13qUtGKb49hgs1RkpbVTEfQzvkhXyRbt3B	625c470bdc57d099af072503fe6648652ed62b9d1284de24b30767014d4962a4	1970139438	19.70139438
13uT9oNaZ4DPTkXWjB4zzwS3zRMmdn9NxG	625e30c22c71bfb111d3420ab4ebfcb5c0fc0422b9f4e7811c375c330304e761	1969980493	19.69980493
19pjYsyhynTB4isnsMVWUHLuCn5Z6dpgN1	626923f22673257db717e014b21d9c542010b6e7afbca3ae5c9b5561fc056fb0	1961244870	19.61244870
3CeWCfpB82TqnsMZXeb32cXfmUbchQexcj	62823e5c882ba0109921da85f587499827ab5d86c13c499a3ed19d4eec9507bf	2000000000	20.00000000
1BnWwNtYHNVWD1m8sUkGMmUTrR11gfHHQY	62d05cf0dccb1d6bcdb3f73d2af4608ee52d4a51590ef8d37d39ab92de75768c	2000001094	20.00001094
bc1q0akt9vea33dhsge5yzxfu6y9f9fzgvsdrkzh9q	62d2cf65827dad6ad58659538c80d3c968dab1a4027902cad55e26676d1d0a20	1959312874	19.59312874
bc1qtcccadl3xy5gk6shgcs75l4e39r97mmwtya0rx	62d90c5eb7de7165d9baae1ac08f01ddb602969f90d30528b84403234db57b53	2000000000	20.00000000
14TGKaE5MwSJykoJzYgz4yV61nAqqrf899	62e05536780d80b99049ac8b19f2b8da27a76dc1e5cf0e858139e62031f23207	2000001641	20.00001641
18J4rXrd6tg9ik3P93cKGyXtkhs2fxveVD	62f1da5af53792b4d089c1804ae25acb713969b6d6bd4d800f9a415907e51d5c	2000000958	20.00000958
19FG7vA6jTbnvCGCeruSMRTsxf9KSqyNfU	63182782ff16a210074bc5a82bbcefa85ea2406911e118593f3287f28051d5d8	2000000547	20.00000547
bc1q975s66lrn5l52cteemqhkjsemfxqhh57j5dw69	63336bcc5f770759e09f616e8cc79f358bd278cbd7716b9566a5b4cea9c58ffc	1986942736	19.86942736
396hsi7eq7HNNKEfx1wzc7NRVLfUs8wzzf	6344cb58561727a10b8ab4a46c61c2b7f64f38e316d5176484b0ae3d5935f629	1998647692	19.98647692
1A2iVM9HAEEgz1kJ1885AYgBhR27zigcCn	6373b673cc0729d1fe499b9c857571d1fbbfca58cdb1c85b0e9e6a135ce40a76	2000001094	20.00001094
1EzJNtnLW1yAkdho4imCjoZpLMYpPm6FAp	637e53ec390bd6be20a06ec243c74418bfe129f83fd7d20515ff7b40c0132c07	2000059600	20.00059600
1DTFgaf7DPkXSSNhaa8CwiYYPKRiXv1gq1	63872976e9b360c72c3e65c45f0cf39713c2f40c383ef556c15ebcbb31ff190c	2000001094	20.00001094
1HMun3ygk3frJsveAGMZ6W6cWKMmM7JELy	63b380d645e47c9d8e0b6239783ac381a0d33a4eee84635139026a65403eb79f	1999981298	19.99981298
11iA9ybL2wbTXDv3UDZ2Tx2jro9oLjySb	63ec87423860426c4cf8d74cfb92f9fe2806cfd18c8b2218cc6851ac60df7d1e	2000001094	20.00001094
bc1qn7my56d5ehs3l63hfrhdtrj5gwpcuyxjrkf72v	63f30bbfea5aa38c164fba5454b09dd492ade28734acc56500dc4b9d2a9b8501	1996962060	19.96962060
1M4cucWbc6GVLmZSdqmjeWBxHtxtXVTrBh	63f6cb22cffd20f1b7cbcc81d0335e006d684231c3cd352fbe808227aff23bee	2028454479	20.28454479
3CW65ey9ZtjeiaQas6Yws16dKdr9SdzZbD	63f7927fa4a04d000ee7432a5203cb8cd9a8e6b6918a9d7561d0b154d105bb2d	1996390000	19.96390000
1GScNju5W7LEZ8hRkdtgnddJChZU4AiLHe	640a5f0ec42626e8d95b178293e73a1cb10a3cde6568d073e26eb53e515bb205	2043011200	20.43011200
1My39vBsXXpwgQC975ZDq6ZThe51qvPip2	64127307728bba59c16501795d343ee3694aba5dc269997173dfd15c399d21ef	1999079900	19.99079900
1CBrHuJgZ9VRxc69sMbPVidWQkAhXwmFri	64196ad0ce697ca24fa37c78da3c73a3cd4063625532bc6302c0bf0812c0f667	2000100547	20.00100547
17X3nUDJiSnjC3QSu8W4AEmBfCiP5eJCAa	641c1a8f2bab4c02faa03f0e2d4d39da34cbba878fe5e161bc7832e90e1c8135	2010000874	20.10000874
16QvN3MWMcXQy17sUDLSyTeED5sGjkjgLz	642b73efd67c5d23635193b1566d398362c35b7258b06c2325b463f392425529	2000001641	20.00001641
12FLtJsHojBYobHzvCPv3YYWbn96aRg6xg	642c5eb9682f9014e1075f3ac239dcb195731d2cedcdfabbdb796a03fd47f9ac	2000001094	20.00001094
1BQKBr9hkP5Mfth4qV2EU1hAKnyid2EAhp	644c786577a5bd386c91f2be38910d14e9767767192b7bdcfe1a54961400200d	2000001094	20.00001094
1Fm7TkeYLDaNBS7fADHN4oWVfWWsKd4ZPU	644ed1068f164f9a4f7863d36a13d544afb3d17d52371678797fdfcc2236a598	2005700521	20.05700521
1PczcxkabZ5ELYEsPcCcLQmtGBkwn5HuZd	647311cb6c24a8b01f5079bd1d863fa175248fd11e5dd93fd1626c07573298a3	1999904000	19.99904000
1WipnRs5HRqzZ2FvYVddS2UcCBpvWvrbz	64743636420d1f2c4dd929accacadab7b5277b1bc5818a03acb112e036b56f5b	2024252859	20.24252859
1CgXtmNuD92A85vvgbNBJdwux7ojV3xVaf	64b4ae5ffe880562ad6f4e39e90ed3aba3887fb630d1a8c9b52e6caf6551a8d3	2009924370	20.09924370
1EUnTcWyGiAYHr4sGnGe5MXCB6a8V9GNDb	64b91fd97d73bf5b9c74eb345880ea9e357f57f2517e90decb52875731760cca	2000001094	20.00001094
1AFsfuvsjBdQrX7sYmvj6qAV7Au6Mnv7ur	64c73d5d865e46100fd7f2a8b7686aa8a8aa648ad1c7001c510f0f0ee87e7291	1957122776	19.57122776
1CMkE529u5bqQ3pmASrmJByXqTPhkZnQrL	64cdd3a23b070ca41b424cf5804b42bf682631f43e274f69eaf7284605034bc4	2000001094	20.00001094
3AWYBxJVyayo7rw1qo9bDDsSAy8QStmhML	64d8cfb60903ecd52760c0f576899c86440000a62a8c26f2083bc682058b7980	1978595712	19.78595712
1BZt7eEJ45JWVPxv7NHHxL71oRh9G375Zw	64f5b35dd4c284afbcb807b931cddd46d0cae9c19aec9b08a64570d9763de1e3	2000001094	20.00001094
1N578DpqhkGfW6GnhtfQBS5NZn6biwonUN	64ffb5a2bf5c14b666fc23a4beb21250e9fd1fc92b3a21b311e4522726903ba3	2000000958	20.00000958
bc1qaggemdl3jwhfajpev7rg8a0w3dtr7fld74ntlc	6500ae29481eb78394ef4c1446f672b8699736453f27d8b7e202988cac1ec601	2042489154	20.42489154
3Q99gVcZ97vhQqZRg6NoowdKAxXcy9N7Mk	650aaa715a3887acc79e9d27a4b3a86ceb1a58a2fa5c496b8ea492d9193d7420	2001948094	20.01948094
12zoTKr9T2PykFf78mfHUqrQH8T6Jh6S7m	652980dc463208024e7c3f94b52cdf6bedfb3f7cbd84575d640adaed8aea4e5a	2000001094	20.00001094
126mEdXokYrsUSAhB6jjLr93EJFbnkc8yj	657ce36bea8efc96875f77653f1e5bdaeef5fc8db04a3cafc9280c4c11b56d8c	2000002189	20.00002189
3NDo15CxVNpruKUu1hqfYduwF2c6H7Y3Rx	65a1284febeb1535158c1380e6ad237c5316bcd990917a4adca035c0f2d12ea5	2000001094	20.00001094
1GNDS4NVPVXNFAh7zp2taGBVdWCq5gAgvs	65b7bd84741b60145d3f09937e3fa8d4a06e30e5c6065b68e7f64a8da114930a	2000000547	20.00000547
1MwVS9RXEmhUMjycACTjLxTYE56P4CVZ15	65cb652aa33ea2f0d904088bf0d8ce3f763df1aa8e95bc99dae224ba45f82dde	1953923612	19.53923612
17kicoWUL7V8qVD9yfVzAZjAA4qRxMro79	66145875a4ffbc2f446bc8a9e197b5c84e375dbb0e1391b5bab75cf2db78c39e	2000000547	20.00000547
17fHDmc61wjm7Yhoi7ab9WUaHYhoffTcVJ	66396a275c82d8454b91e28883a41b6a63e666d7cfb3f5eebc503471aad16f01	1999990000	19.99990000
16nka9jND8DSYVH5UCUe9wWTD89XwKMsTz	66634b15af1d3ac320f981bbbef083865e20dcb1c419d269d1ab4df29899510b	1976016661	19.76016661
1MhaTuLNFV2ukDtvqxS4qVkjtJeQCd1UzX	669de5c0039d7078f3dd4445cf3abf13c735987defb789c6da9a804643970151	1999990000	19.99990000
3HruX9CG3bShGNch3WB8okXh7W8ve8mLMR	669f95f65ee16227782774986f9c996399e503676ec05a50e02955da4f5b2c5c	1999968134	19.99968134
12eyvwx4VvAcuKAYDMUrYBV9qnkd3HCLha	66c780624bb9c71d0fdf0b96a3024382eaa6ca4ca0ec7335fbfcf548338a4545	1996676500	19.96676500
1Hv5Cn9GASHj9x2Vi5TRd4mEfvgjwTZKFu	66c7aaebdb1d5a5e26309834eca62e2946d003917ef8eab47816956f6365e6db	2038164589	20.38164589
12qPnW7aCHWUizutLfPkoTWDrTyj5kaDar	66f329883818583d239568815b9c00c745995027d7bf30a1e8a91ca414a5f482	2000001094	20.00001094
1Euqu6Dz3ABNrqzWN6xNcqqC7GYxWopG43	66f730efc1be441d330cf7f05f2b6d89197e0a2ced41ba31386b53e6454861f5	2000001094	20.00001094
1BuvgYJaySzdU4KY1qBv7HpUE4moTyXvFj	67167dcec2839e34d616e5b63d4c07e16166e58624b0c6eaa66f1f04ae7fef35	2000001094	20.00001094
197ib5YMxTkJSNBvDKRmX7bseJNMrtdeEb	673e4f137b86e40e1bdaa3673b05e8c674f923b69a765825c2cc5addc31c603c	1999980000	19.99980000
178vbhVCWcS9gGCCPjvi7QLC4HvbcKP1Px	6774409fe500ab2de316f03e82f4c5732b583aa37abd2edc99e918e919fb178d	2000000547	20.00000547
1Hf2xkDqMdghVM8YsfzfHoNnvoHVfqyCnC	6780a51ccb4da4564a551256ba5b0436644e9bbab6a4ffafb458e154d559938c	2000000547	20.00000547
1K52U15eXWdUWjx4vE1E2Z5c4rhTwsuBZF	6789047a6e221c86103af502ff7efd4a7a94cd6f7d9a70a241f74c8d3a4be950	2000001094	20.00001094
18eYffjzZKdoEoWd4LiJHvDok5FS5dPrzn	67b531817bebb49ff9480327a2fcb44703af49f34005933e4b185643f64e617a	2000001643	20.00001643
3NUw2mAjA5S9v4LooFxxkRBXrcDqLFngKz	682c196b649b3377b69ebc1198c28f3193590f86e5f56701470cef4d903cfefd	2000001094	20.00001094
12zdfpFg5anKyJSsEqiUUY9iMtNg8T41xm	6860a302c17d7f1908a1234f84a13021f39f4aa5222bf26b93624df6c09d25ab	1977800000	19.77800000
3FKFECKjFi3zUDRp8dGihaNNRizC5KuG9V	6862951d2919b4eb26a7ca414585066a1371c8ebaa0d3e0c676a7e85deedb304	1999899998	19.99899998
3H2HKSDHR5rz5886VDKFaVEgQqa8XzU3CD	68b9f8cb3c521cbcd9ca03a8bea069788145629e54207ebc72a941e8eb2a7e0d	2000001094	20.00001094
19kfUyCsqQ74rpBWBAE3q9BhUXhsBzjD3C	68c3859ba693e5059fa9bb9532b57d2fe0f40bf2b40645708069a2431800fbe2	2000001094	20.00001094
1D3TNYXDixUHCaPTbTaCjwKeymsNvZXbFJ	68e3b81e91a8bf9cef1bfe1e7d1c4f8f67a15149c8d591c8574e9fe191e1bc23	2000042457	20.00042457
3E6WGczKajKoAz4P5ApLqAwFsdXkpaHHBS	69059edc78925d242baf87b127b5e8750179ab9ceb922c49386e7e38e30b5d25	1999657106	19.99657106
1B37quUqPJ2Ak5mUQ4wuN3FBzkjkbGKGq6	69158b029c600a12ebe394973fc9a7cb31b25de99de79d0df5abea2b29bd42ab	2036001641	20.36001641
12HBufr3arV45EoKyVKZK2k8DpwDRzWvgR	691bb9f8fa89b0ccb34a9500a04db80e76cb5225cbd5c8616e48a244b48f2dc0	1999980000	19.99980000
164hihgEqeZ9udQKgNhDcqjJ4uRv1zpcBN	694ce7b33a963407e5c79b6e10e4eadd9449ac8388018ae29448bcc1cb2602c8	2000001641	20.00001641
1CefPxCZYcUtNinLXqDGY2XdAgDwmNWEs7	69882eb597059a0f75fd49150e6084daeb63c9abf239b764acbccac03f5a7b4b	2002001094	20.02001094
1QEtgvavozyJ53Y8bQVUR3WE4TWcTbXEfN	699ef08374e4961a6ee5557caee51838acf820d358fadfd0ca7c1cffdf07d18b	2024961796	20.24961796
3MZkkXekzrdEicLvw4sE3JczARXaLQFJ7D	69ea2dffd99e67380ba2e7a4be78a62108fe35d3f54118e3058352c6c8e3edc1	2000001094	20.00001094
1NuKb3AVwGid4fU9j9j8AvmPwkiKJz42WG	6a223fbef4cd9b623ee58f847a91ab2bba7fac80e3e59d066a05f65a1427b5d3	2000002188	20.00002188
3Hx4WrKKzPfbvNsx4RhTZajQatcovVX7U8	6a2eea66e7ddc054cab99d634feb9e01ed0839ac50f7a028b6796402b55e6884	2000001094	20.00001094
1BR7QExeW2Coa29bh2t5WErNnMd5E6Fzoy	6a3ea9c6a1dd0d77470353c559052968bd7675d743f77c4b4796b080e459942c	2020689700	20.20689700
1PeYvSyBXRYQd4rgw9z1eKNu59QjtjABuF	6a4952d2803cf2ea23c7a99e88784bd4f7c7e0720346145cdbc7ea4ff2c7ae9d	2047501094	20.47501094
1HxehnY77HS4dVgbMKj82WbeDCZNmma4RE	6a4a33c3cfec759d8ee9c4a72239cf393805d2c32adc08cb9d8675d7f11a20c1	2000000547	20.00000547
159heS5VreHXfwP4pFyuDLovUkb5aofSBe	6a60cc956bcd35689681ba3f822d4fc9e6e16c6c9afa8ccedc17f5452ed327ab	1978035300	19.78035300
15uYf8wXijSSx1MFJsY2gJUq6sgCKmob2M	6a7a7608bd3b7cbac80020b7d73122bc6b1c63f7e8c19249781316fb301473ec	1959328712	19.59328712
3QgdgYWgXnCXmGK4FGg9Z9bhciPG8YMqDh	6ac162c69557171325903d7445f8acfca522a4a041530dc5b2642ca56f6eb71a	1984740547	19.84740547
1JaEwzxgnFJhcrs4sv8bgfzjN9tpbHjCND	6ac88282da1261a4c4e5cc1d550e1f28bb5389ee15d9066050fc5e552e30d2c9	2000000547	20.00000547
1D5WFhQAWa54sFAqtD63Pdo6wib2BHwPny	6ba8edef31e6d76f6d968b2b5e843ef1cd47b279383f8139e3e86a38fbe25256	1979381200	19.79381200
1nMrpwZtHQw7pQ483Pr92UngtGJXy8naL	6bd5f9b7255de0eb0b24f215b02427bb3d26718c48cbf0cbb8684ab6e300d43d	2000002188	20.00002188
139SvMfzAQzFyppzua9PdsXZXVtGdyM4x8	6bf3cfdd75857908a9e567fc9a7e6968f65377fa702efc2078f29b9a0191be7e	2000002189	20.00002189
14dYs63UopN8GqTg95Ujjg17RqfBFVDuyF	6c3e1276cf7c3547d53dec48dd4ce133e83c8c1fb3dd16df39b44be54cdeb5e1	2000001094	20.00001094
3P2DKd6QEVSxqsp3tZou6Bw23zstGyXpFU	6c6a1ce0620368f6125b9c33b8f65194fe3125476f2342d66fdb7e48ba0a0fba	2000001094	20.00001094
18jBJeyCYw2TxPxzkAfrpbcsWduMmm57LX	6c74daa9e44c5f06981ff16edb740eaa398b414206da37a35e6466a79abcf322	2000001094	20.00001094
1KWrdKReZVsxnt2LdzZ13dJakXoUTdyj3k	6c96c66369cf121607dfb10fd55b3984893c8252342adbe32991a42c6088a0d7	2000000547	20.00000547
16yueaoPAuyUDEniEeaDcr9jSdtiAXbw88	6cad6ee697e85d515859021f601cb50702a62ca5c2b474316a2afa72f05b4ad2	2000001641	20.00001641
13eX4yG4M5sBCK9DpBsijoyXvxgAYYmJwA	6cc7c6f013731abb5726f3d36fec1cb7b6c29e7d6f070d51e08382b6e5344d9d	2000001094	20.00001094
bc1qc2y6sjh8r63unzv0jxrx75tt03dxv2ph0uhyas	6ccc316200cc5dbab7b3038bf9228b87493938b80776e6881b3c1b7fe3f7cf50	2004184253	20.04184253
1NANHG9dVuZLtxP9GFw7E2j9Rh1A8Cnuqf	6cfc1f9c5f4853b41dcda4e7370ec2c2174814e770f3165d480d2ea3e7ba5bf6	2021000000	20.21000000
15BvoiWebkiyJFMf4E5V5xdKgrjvv98d8f	6d40fefba522db038a5a56eaac3892fd41b91ee5ad1df3f8418c6b2af6ae2c5e	2005501200	20.05501200
bc1qg0guc309p68huqgnz6rke0ztfamq7jygvycxw0	6d77c300d6b74e3d3267fc2988e7131f7c6a170ae8415028897e70b0357d6f56	1987670942	19.87670942
15w1gGiCFz9kRtdr8khGgH1e8BLYz5VKTV	6e09994e95704488cb2dab132d4e161eab0ccc16afd7ed1733704e298f7c20c3	2000010547	20.00010547
38hHRFrwEQxrCV7ae1Seq938dvthvcaUCp	6e1e7293c4edb51f83639b08e22f979b4c66f5a333b49903aa46d59eafdce0f8	1999985471	19.99985471
1tiS9Fxrf6Bzusr3Fbu7NUMWZ6eQKoKc2	6e54f7238a56d4dfdbcd2bfd798292d053d22f9147e9989c451ec2ae8ea593f6	2000000000	20.00000000
1BofW2R4223z4HLoCGFYu8651sPnG88ggT	6e6756201ea40e4def621c3892e828ab159d0678733a9a488d7d931ca016bc29	1990000000	19.90000000
1E4EDkYqhEjjMrZGbnRCnWX3ipFLVBPnXC	6e783fc467188b778a5d6abc2657d56b067a27340c1a5e6c6c4f1f82e9f88eb3	2000001094	20.00001094
19SkxdfV2W5efvyvVv5RioqvbMJz6nhDjt	6e88301ca9991a25eabda18f5b4c10d47e34d5248bad83c1308ca410b4d295ba	2047734464	20.47734464
1Kj23dqxDvnjuTXAW3bPjApwUpHwCK2Wni	6e8cefeb3ff6df23e84270d3daf1988fedfa99ffb9834d10105248be51cd962f	2000000547	20.00000547
3Qc94sr2pqqHYizKsLLcy7iacHnuXo6xSz	6e91f3cdaad4a58703539f957800a73f6c12a8ef8d0d8c9272817ac2dcf350f4	2000001094	20.00001094
1ETo119WGMhjTuEFkBJiUkVrtdJKXkcEFW	6e973296a5ac4290a4e04dfb6fa5f26be0c96f66237e01cb763ab7bb8f69bc94	2000001094	20.00001094
bc1q02t0fkwdzqf5zx0am8666u4xvzdex0gdau09f2	6ea6bb3ef0375603356e074e356d4d956756d7453297351e7c65124c7711dc77	1999999878	19.99999878
17LHcfqVAib65xxxkou3MoaywwVL8279ib	6ebe0639b31cc0b56728e784e6c17cbe5d61ffa09342fcf3b3ff3c2bce5339bb	2000000547	20.00000547
13rzyq9SrtXyq6Vr2eSd33inHZ68Z253mu	6ecfd5e875dc871a7c12c876a2e572544ca1d5301eb56f3ddac4271e555985b9	2000000547	20.00000547
1FA3hTphwPc3Vs1TdX8Nd1mPQuW25ZkZdB	6ed74b406d2ade0e7d311a4c81ab793b0ea46a9bb7d2a1bfe15f81c00b9241ba	1958333351	19.58333351
1CVBXWRTSDGHfbH66p9tGLF4yKhuGQLtdp	6f39fc1fe13390546b82ba7d6e03ed722a15090e16db347145694bee9dc13f09	2000001094	20.00001094
1LPCUspEaLGcmd1xWoejAQPdaCtg4HT8bi	6f5e8d784c90cd44b4ea9f50e00fa17c0c32349582ceef7af175e49f51d44120	2000002189	20.00002189
16XAnZMcyHWMFFJmmjbJs8oLUVRPQYfwvg	6f7f4b696521eaf2eaf8d4882f343eb97db7ba6aa874b7f4b7afacaa76eb71cb	2035701094	20.35701094
3Fa37A9n4orUg8AvEFWuwtevxz8LA6HqkK	6f9bce996b86f5986be8db91ba80154a901f470cdbea685d49ad727b7f32e0e1	2000001094	20.00001094
16Pd87JLeKcrwZkuwWxqFhAmZ5kTrAd4yE	6fa025fc98a6720f5d7abd377e777fa1e4cfa62627b0aee9f1a254c5c14eb573	2000001641	20.00001641
1QJVu4sy1pdyr8SiDB21rFMzQHPK1eMsxA	6fab17e9f9a298a004e34b6336d9eb5d0d65cb837f5185a26887b47fd5b5ccd3	2000000000	20.00000000
1BjMdBbR8cwQTs8jGLAQSh81f1QaDzoeoQ	6fd8e65c607ef1337afc7cc878fa4b49bc85cf05f0d29aa43e68ebe8b3f33093	1999900000	19.99900000
1KoJEKV9fHVMvK2D7XqyPewQrcftFgWanD	6fda189ace7216495c40c9eb554af64190bb8b9867b2139d77c5cd11afa703d5	2000000547	20.00000547
1AwytFJPdCu7YWZ4EAxd7ra8DGwJVJtsTr	700da1931bf34a7131ff6cc1b13b07a2c7179ad71a22ba51224e8481222c9ddc	2000011094	20.00011094
3EcZL3Tun2ergZGNcts32QX6kFNWHBWNn7	704a86d0b9aa8e158ab696b3ed381fd554aed63920ce1b28a35f1af15c195a0b	2000000000	20.00000000
379VdH5UKf3rxZSh9cJvEexQajrh43qK7a	70598844bbcb40710171a453f01a42fa52f3ca89f0b42f6e9d9724be03b3ec46	2021455871	20.21455871
3QF7dvjNRBrf1f2vHdXDLATyiFriWLZUAJ	707e3cd4731da4d87ef746de9ed102d2f600a8b0ccde3651aba41d25c9262f19	2000012512	20.00012512
1QHnUU9Y8M6HY866VhuapEUWkHdwuUYHTi	709afe8ee2b1e77d789aa9fcf73180af72a2dec5071c084e2be8425730db8e4b	1988519000	19.88519000
14hi4heiAaa2XreuXgGW3v19y5j5P3mw7A	709d8d88adeacacc98a8f3e33bebe4310d1ddb00bb5159052725c57cf1631eb5	1972794865	19.72794865
1QDyYRdsg9fzRVya6gnnugJ142AbyxYq9z	70ba25e472f56ca2bd0b3d2c7144188a8ee7c483c341976f8c857bfdf0c6ca53	2000000958	20.00000958
324t24cSi7LCUpQQbGe34SjB3GvoWNkPiY	70cd6a3d675b8e7e2eee5d3192d3fbf724657d2ea3beddfa45a306f653d38706	2000000547	20.00000547
19VzyyTvnM4xAHsaofKbQkYsmNHLSGARux	70d5ac50fc766ac1bd4e97736d0a00c96c7be80f7d1833d9071e76d016af31db	2000001094	20.00001094
196FyitSdKwense3FU8imRuDdaYC2oqWhg	70dac50cf1b848b7e538eecb52f69ba4514886c954635862324431b2f2f9a5e1	2000000547	20.00000547
1LjJNvrwv1TDMvz3L8XdHqJU3MDHBEienC	70e3c7c5e1f9245c815f34cc370278c04439ad4d56ced3cb7e448232b13aa053	1999859539	19.99859539
1Dhdyjh1hx34HvaqbDwyp3wExfrfu6Eg6z	70fc32871db75235ed8b5bc16d269582b8947329187fd0cb83678aaf02dd0377	2005655854	20.05655854
1JLf5sDtR8NFf8gvSQFc4pdn2B8csYwT9F	71042e8d2c8e97b6a639b81387d62dedb7964ca88051b573e48e45440ec62537	1967709124	19.67709124
1CQVA7NdRD8tTr3BzurYxEupPP5NmJb47W	7105fd3e88db127d654268d1e01e2f368e838255d9b98966f6f25291a1cad3b7	2000001094	20.00001094
1N1oMkTXap1CyUXfHxW7G6ZpQeVu1oDBbC	715dbcafc2b0f7ccfcb16eaf75be0ab04270f1c8f85c1ddcb0f796ea95050631	2000002735	20.00002735
3AuoxhXv7MDSM6nfJDburrbXttGLE2EwW9	715eb18e0b350b3486cb744e8faeb13e7f0fb23b96cb14ba9e772866d50a5c9f	2000000000	20.00000000
15UkfTUSExrsXwA5LRN3aF4GYFWuSdXuVY	717e6f0acb90f510abd74578cbe965e91ab4575af283ac8b543348904afb0a23	1950000000	19.50000000
1Dm6EZePXqeQCpLvfCGwvAnPoENFBshwGU	71b0f430b19fc69e414663f301edf1cd952a10c481e5734e4cf072ebd05787c8	2000001094	20.00001094
1Jk7RGMrytqrKgHaZr1r4XgjqBjKwjyrL2	71b75cf021029068cc4e5954dcd268909d0113429ee5a47f9a376cd75ec92268	2000001094	20.00001094
3KcrxdTMrUSzckCU49zKJ3kJtFhjXjpeT4	71d9097061be587535fa0bfba63339928baf8bd9fa32b0a3e54cbc0c8a2dc071	1996240000	19.96240000
16hp3T6j8AE8it8xReKhecYCrPo1Uk9uq6	71dec22e3dc871d92392dbadfbba09f332541be8691bf34454983da25c06cecd	2000001641	20.00001641
1NFAQq4vn6Lg2QLX1H9C3JWnbAxBffjDQU	71f97070f3396a989e1acba65b9d9abb44feccf4d80c2359fb34b8f6ab59c6dd	1973551551	19.73551551
bc1q0lqv2k4jkjug0x9rkv7u2ruv92q3yac9mcjkjnnpk0nqgn73sgzspe0tua	72049c64ab6ed71f69c5c63829b124b05e463164742c68a76b926c624d0d9ded	1999944910	19.99944910
1Mk4F4bJaAzgTu7gFxAjQpDvRJudzZnwvZ	721ee1524c0b18ad2a6903697366b2b9f2fa17529698b4eb4b2f94562e4df006	2007660041	20.07660041
3Ff79JVkrccDqHjXtqFCtrGtCWCGFrkiEn	7223d9d4d2ddb21d4380c9c73c2712d12ed8c97362bd3d5afaff31b99d44b04b	2000001094	20.00001094
1Ay7CFByHE78TsH3QVu2MUJm4LRaQtGhp2	722896f8b7695ad248ac2933a4f6addd48558f69e1cbb52d458d8d1f2d09c068	2000001094	20.00001094
18txiBS18Kfy4cTNtoQFKvWk7sGaHKA21g	723a4a2013d56958c3b584e3750c114c9500391fc9b63e3c4c4a24917d987896	2000000547	20.00000547
3GQ9vPf7CwYAAe1WP7cEB59FhWpPUCfc3E	723d94a4a80dce0becdc5ca7570f29afc715b76cba84a9944b8e78f34bedb026	2000000000	20.00000000
3DGbs7b5hh1u5VuDyJ7kviDaAnfGYEkKjS	726da4956a1a69363518ca84954feb1f13ff22de8b6cde06b82d1142c73b4425	1956912242	19.56912242
19y36Tj1wup9qzuX6XP9tXMvuUv9UAbiAg	727e809fd1e153bcc57f962ac380debc3bb8004b59d49ba4a3c98171c5ad98ca	2000001094	20.00001094
199C8sabteesqEC8w9yWZVo3FeQoKaYLGd	72e22a454ee8a22d054314cdc87df02394497bded53411972ca3d42b74f3a589	2040184985	20.40184985
1HWzxQCSDrWfMzzrG7Bsy23ZV1NUCCRVvc	72e78df6f2ea16ae4530c2935962d24984aca725e89cf417dc8bdae9d63c0177	2045661094	20.45661094
15aPEGnQVVBH5on13m86rRBc3xCE1QLykA	72fc3ffc7308067ae92be306a2649befba3e72eaf45d870f3303e2b909c758e4	1952210000	19.52210000
17pr2w2ZP8JHVys2kFhrSfJw1p3hRSN6CV	730c069e8162f41088f33738bf2910f883b0e18deff4dd5242c422ea436e8863	1999990000	19.99990000
16eoB2NASffyhCdPRSSFu4C3yWmcSLnwWm	7313f5e1ee19b2e4aceef9fe70b00410ac2b7c0b826a400a8a7f3869759be56d	2024881094	20.24881094
35sfjW5cLNuAByZ8E2wSyCH9mwXQ4qyMaX	737445be688db9ea6152c68c8629994e6ed80fa2da526167136fb0b6ce063c36	2000142171	20.00142171
16k7enpv44wtxXZmgz2KEovedSWpjYWPMr	73be5604ab72c71b121e08331bda7362357c0d6deb67f639414b0699e33dbec1	2000001641	20.00001641
3G5Xdm6Uz3uZQiwu2jMZz1Syhh6VERz4CT	73cf9c4fe85cf205ae0c54162c90718bf6a26596138ec6dfae1df747b670ef1a	1999950094	19.99950094
bc1qxcrx3upjegd38v6hpgt623xk6myudr4cmzcpg579nrqm0087k2hs0sp08r	73e32e0e5bf3f8743429082f70e629387086babf5c8e55f4ac98155b40fa7e7f	1999991800	19.99991800
bc1qa5lx2s08384fv5zpmcvjxnq7sf4xe6gl5xxppf	740083d6dab2700ff1eb827e2829d529af6341481c5062108bd9c9fdc2e11535	2000000000	20.00000000
1N2CpdwuZqqMYNdoBZJTK8zXpX2yKffuvE	74292cb695b636168031d7d0756108bdf8b25532577a33b24976a66e010930ee	2009901641	20.09901641
3Dmypnk3bAgQcWjWDsttKQRoT8gW6TNAk8	7442e49946bac771ce71379ae6421fbf664f7662b5b530e3f40e84edf5d73080	1988296860	19.88296860
1AsLWdS23Eq7G41Wm4aV15ATqwxFKKTjq5	745883779be2f20b45f64ac455e46378e3e41fbc31152b8441ffaad5d2996747	2030726601	20.30726601
165qk58yvetBbsoaLkTkVYkth1i1qkiyCw	745c477ffc9572d2de306cd0944b5b370957c59b81e134776db7d68382a92230	2037171095	20.37171095
18NHgsYa4mmVHhP5hu8ujwfGgsq5yR3v9z	745caefb80686cfd224d175d94624167a5f8e7a66b9844d219241f1ace09675a	2005687384	20.05687384
187kgJfbMmXJSFLT2qTfbSH8WpXASRkjyB	74864ae63619fb783b7b3a3f7b57d673747f1ac1a9e5611252d51f31041d044e	1966470000	19.66470000
bc1q7vgfns67yjmtx5e3cq6fkxwjt86p32j0a5gm20	748f34ac1a444583fd3ca55085fc61f8c92767ffe3e1a4671e273a22ef534d97	1987580615	19.87580615
1NupnAfy4FF8v9V7gWYYorxTB51rL6wZzs	749e970235dae80ba9d49ea398079f81ab81071d42c6431d00af05d31ef9aada	1985000547	19.85000547
12iuEQFrE3uZEC8JnJno9AowsEets7WbPS	74bcffae28e9ddea1131b4e34b7e3ad604cba0534a9e089195e8dfaff23349ae	2000001094	20.00001094
1P6B6FwnRPszyiNbtwQxBCBkimBFsyz2gB	74c825ac4f2e921b380adbe42de5c2275b116b65d96263b9a603d7aa76e99625	1950000000	19.50000000
12kdJje2PhQoVJTuNAY56zoBmMf1B5pkVE	74cad6dbc9287d4ea55d270f0c7f1cbf2a0aa35731c914267e6deefd6f181ed1	1999955120	19.99955120
17cHfPLSsRMHBVbdNw9UxXuRKASySthfQ5	74f0853711571734e032e69f6bbd48b9c3496a5cf6cff2ae7eb315735e7177fe	2010451641	20.10451641
1AddFNMxGVxbTe67yP5Z1pkSDYN6foW75Q	74f8c6f0b9f25cf1f522a230a56f88111298b3fd430dc398ba3465312b99a398	1999000000	19.99000000
1EXbJ9H6tfi1wdkmXVRtQ6X527XkZ5RiWG	75375355bd3497411b316b3e942d47e0c6804f83cb7f7809d446af640c260a39	2000000000	20.00000000
1N9buN7doWjA5AwyxdpQ3QLEjiYeEmh3b	753c57647cb70975247fcd93cbee34662ddd2f7e860142c4737ec57ce26c004f	2042003184	20.42003184
16wuWzmQ8Qf5rx9DgCVkDZoS6t5HJTjT1J	754fe9fc82c1a49de11b0fc3886c86c8e3f3f05e288656226441fbfc49f5d71d	2000659800	20.00659800
1GEpU8zkskm1SkvvyHJ8gvLEEzk3W77jcD	7552974da63a916d627a505be20e49af60202b1c2c7af30f1f799a613c37fb44	2000000547	20.00000547
38Rde3cFKTgGjW1xYqXU2oXeLYTWYubfvy	75cac9642ed0a6540de802a468bda12f1b5b0c3a6c5d935f446be2115672aa25	2000470000	20.00470000
335SrMKmboFtg87Dqi1GCGYa4WfSc89EFX	75dc5ce3955e906b81605f064185f654df85179b6f74f84c66ffab79b94535b5	2000000547	20.00000547
12PBseHL6S5ueakNmvDr7dnnRnsjcai6xg	75e3290b4b403e1d270beca7a84826c1f517c06d4f8b76288fdd5cace4408e33	2000001094	20.00001094
15HLg4aWPGAsqjRHRFbdzWjT7cWt7Udh5x	75e585295b61b4016e9fae287b61c88e087ade8dfddd2f4943b2b5f38bdb09da	2000002188	20.00002188
1HW3me4eMz3V4qFUjFTjLbgsjgC9z2co6b	760493d9f6153f3ed9a3232a6fb4eedaec32d77d1741e6f3a80c19c57df5fade	2000000547	20.00000547
1NWHtbw4moeVEEHjNn4oCFQP4ddMWrKMbb	76133eb3db4628c2440fc07583432c558bde8c720ea7b22fdb3392de516a4e1f	2000002347	20.00002347
1LJR4cQb2AvyStZEDN8CKBecA2aDPTXJrQ	7637950e497b5ac9ee99429c16f8a90c010b5d27c60b0c770f014958a70e3539	1956022375	19.56022375
1DLNyFHwcZ5bNqYFmFQDfLomikNrsxknx1	7653677dffbb90f38092ba78086ca2660d4e535c9768f06128b082a35ffc2828	2014002894	20.14002894
31vp3TgWKvWRFzqdWkT9c8ro35h9X5dmMZ	765f8cef6af1822ae2e1dbeb12a4181edd2b379979439a0eeba19047d1ceace7	1999990540	19.99990540
32FyhfunpTvV4Lv5sbbW6zQWEKhmShWuid	766082b31e479a7f63711ee669ecfc0e7bf37d1629e2be3a30574f31b04a97d7	2000000547	20.00000547
bc1q6yq3yzftgnne020xzzf23j5cy4d7eetmp2a733	76831575b93603fa4851b9f852ac212759de8ace25190885a97c2f82a99eeefe	1983787283	19.83787283
1CZfoLEcNeAbFWRdVHAwe7b4iAp3vUznaw	76a1b9d3cb13e7b680252701b674c90b9cd4045aa66f5bf5f8ed2af318b3e1d1	2004200547	20.04200547
13vBHeX7VUtJwtzHbTTmQAR7eMR2HMTBk8	76a85deb021c6ef12534c3354548eb1abc3ea536d884a2b4c02ed4c77cf72587	2000000547	20.00000547
3CYyUtN9J2xCgfpJmSm3z3miPnVf74nyuQ	76d70889e79cefcaecaad04ab2f48f8b251c30e56f007226e769a03fde1b24e5	1950000000	19.50000000
19aZmiWdwQ87zDYvBaGiQcdaKoRMrRLKXA	76ec83ddab1d3ec56c25ad3b1278df6df1315d8bbfa8acc003c6043e9ffe71a0	2000000547	20.00000547
1Nton6mVJpjQEPtyPV73tCekw6Eipuiwni	7745ea42e909846854a73f90529078c48330f216babe63b2c29f48538400ac33	1976143400	19.76143400
1EJXuQohoBYahGY1bNtAnhX4pfctv2MEwp	774a384be3d4eaed16e29942e18cac72efd2143d51eafe62c76065e2ac3c5b63	2000001094	20.00001094
1Gd1JSEJuRaXMiPTj52UreA44Xzd2gxKWD	774a8e709655649f302e2ce67941d7081b30426f3aa39fb9dea67c91f357244b	2000000547	20.00000547
1CcZC5uAwD61s2X7zkGjYnFzGBDr1cYPRf	77794db8eb18044c3feed9ba7fdeffeaaa92af7450c9ce9534494cb15697a932	2025563815	20.25563815
1Di1zTkrfgCFvdux4tsWPtu3oktBc9AWs1	77b6034ff762902d1498d0185d6f2f086d11a2939b12825558c1fe8f7d76e143	1999000001	19.99000001
1Md6rixdJPo3diEYQZhUCAxjb3Zi38bTqB	77bf603c6520da696c2ce5a0e9dce110abad43c8532df733ef061b365a18c0d2	2000002735	20.00002735
12MYfVVqfLGePJLW4Fb7unyVfYQd3dxAFS	78331518c9eb0b99df7968e3ac041205793bf37f6c9130e5d271116fbc8fb4dc	2000001094	20.00001094
37WzWebmXWkEhjRs73S5oDG35m2ixTFa6e	786d8ed93dd2cbd115d6f8981db881cf85da09e9ba7d80cb4f3b588bfd6e5c4d	2001009576	20.01009576
1FTV7qsvowk3yMMJEox384bapffpgsGy9T	789154dd729adb620ff9650687d8d4b96902a51c1ced614cd309dae914a03d54	2000000547	20.00000547
32UqdnGpJffQYYgC4kGaJXgaqeKz4afE3W	78aabfce2f242b002131ce048e16c5509e9ae6690876fdda2c19d67b329c7105	2000000547	20.00000547
1GvzAAQTgHR3cFF7aXyaPsBtK2m1kSkpPp	78ae63d280e40a51fd58ac9400836e554c22cce53766f2211a1c0b95e1c1224a	2010101094	20.10101094
16KVYBW8JkkYqr3FpKfcFYuQBJ44FAf68D	78bda9f278cea0b8207626edec08deffd99cbc911d4a6ad72035004c1c770a81	2000001641	20.00001641
1KciGBsvTg8X5xS6CHB21oNHcPrxQQkdMj	78cee094b28a9e2f8b87b7d0f7e40925377f8020d01105716c059a9fac7d5569	1976000000	19.76000000
39wzCXAo84R4CQCTB9fsr2zNatQuwZXN9b	78f4719c5b4690dfa6f2443504acaaacd1abd7699615d6486d650b36a8d41c1b	2029878743	20.29878743
1CzWCSaHmd2fFHc1jFRhJ7eTQVe7qBiKR9	78f9e91974ad93753cdfe35058feac7724eddc666c399455c9934b4cefb55881	2000001094	20.00001094
3HhbbPt4w2X3MJy2G3wLrJ2cPqDNtqnAsG	78fea993af06a76a2da405c3746f89e4ab3e6aa68cf6a7d61cc183028583c391	1999980000	19.99980000
3FotrNTwVwUKTuSrd3bT48zC3dRqi72w3i	79132a505aa32eacda4a0ca0f7ad57af44876b6a0eee0839d4053bac805b3c65	1999900000	19.99900000
1BpdDRRqn7yqcjPeDGp3E22LuMpojtoHgK	79752c723627a51ed6d292254ce773d62c8f0b88dc988f8e3f8c4412f5af87e4	1990779710	19.90779710
1FxvZBms7TyidrwTFRCKeTDmJJVut27Wvi	79a6a4005a95d6024ef4bc0dcc437ac504476eabcffbc846c049fd93021303cb	1989741692	19.89741692
389ZYaMBAngpnUMvKDw46RtbzmfzcWgpCj	7a2da7ec1c761e4d3585cc92c1f6408d7a7597b5fda80d5d57afc85e06821ba4	1952758800	19.52758800
19BqybQrhY4bJqGjUbBgw61fM13AEn3sKJ	7a40206079ff0d5fdc6bca65b7e49c8582d30644b2ddcf8fdbe5106c62243272	2000000548	20.00000548
1DUAda9N9i8rfj7notKhdvmVbXiFUmRRVg	7a5514cfe3d367751035d6e147018f6f21f8e297f8cbed3b98d6c9edb04ae310	2000001094	20.00001094
3QXca2jfquTNwq9djPuvZDGR1dp1thv5hh	7a82f960b5f67ffe115fc3712428a31b434388fda575f13849dfcd2df377143f	2000001641	20.00001641
327ysgn9JtKYBSXy7xjpJTwVcPqFA2RZQc	7aaac856409f2609f1321e8a767b2d6f921868519c37dcc3a340cc0da19f224d	2000000547	20.00000547
18DoopVfZtJnLyAcYAW7pZddwp32447SKi	7b3cdab9d5ecac3a446f1fe823a56ed1492854eba0af961b675c85c74198e672	2000001094	20.00001094
19Kiir85Q54NL7z4smLm9kNJf99Vvubii7	7b4cba9e18ea45265364e78cc26b600ecea5da33aafb52c304f3cc15da7d645d	1999600000	19.99600000
3QQLVQZoJEqzq4BBDrqjkcPMWm9PKYjN8A	7b5a080726a502928e838926391df4d262963e22868d98623a800f20597bb9bb	1996572059	19.96572059
1PqPdNLpDP5eFaggsNePVEPaWfF6pdnLZU	7b8471a118a82b6140f0a639c6b0db17fa40a1887de33f4b47b545cc158fe062	1978103000	19.78103000
1MBHjxkgBRkWFFPbCRWJAvhH4SyAYpd99U	7b88eee8dda89acdba69cd054c7082b602f4c19d0f976b965841e968d34a5869	1990000000	19.90000000
1HGFuGnEacYWU7ybB1NJnm3wiQyXuuYb8S	7b93cee7fe2cd1ad98eed274b3c1d88398a6e4aee8f8ceb64986dbc638712ceb	1978788518	19.78788518
1GvyYpdBzcYSbwyxyBRHRiXFNguqz91ENQ	7b947f74f1a5595edd179adf63bb2509ae69686957963ed803f9067f9d67ceda	1998944065	19.98944065
bc1qsup4dm6flkwrydnlgndme0h4hj5wprszsa9nac	7ba26ad08c1f2da0b7c1318c6325e57cb19c97f73d57ecd9c98bebf154921660	2017102048	20.17102048
bc1qxcmh54qwj6892mvxtjn93zx6fuhquu9evtfrz0	7bb171ed228d62dfa950b5863e29031fd65da60de9c8f6acac95c7e7a1eedc68	2031512694	20.31512694
1DhTZQuGLUjEz9zooKrGvETtdkcpm43PAV	7bbd791997f84c835a71153f13052ecc665cb14eea27d33668741641a605e37d	2044306430	20.44306430
3HkbdvENWp22UaA8QoQUABssxdMhvDZZFu	7bc13ab66b2c60dc29303ebbc17443989cf219b73515e29795806571afefe123	2049130547	20.49130547
32dhEpJoVqvGPkPdStyi1v36JvYkEGpFfp	7bed41d1f80b07780197dee847fc2e9ab08c3ca0782ba8ce81145a30389febb3	1986755600	19.86755600
bc1qagkwdl4he3chzm3uvpfy3zfufll9qsfugqukw7	7bff9fcd742d9ef87dc3307983bec8ee5ad3b08a5553653cd4de3ddcc5be8e0e	1975443831	19.75443831
1K7MdeJWEvd15fkPfmF131JPbFoMfpYLAH	7c302e0a82ec2b7aa04785810941ceb4d23f83b57fc4fcd3252bfb9fbe0e5795	2000000547	20.00000547
15spJzSiL4NYdTgRSJRwASRBVEVqaKRkAL	7c595eec816bc3d4946cd7778cc03bfadc5c4639e8dd35ed9e7363ffc1d357dd	2000002188	20.00002188
1C7mVPudNhKGvevXBgEhjFNmoYi2VgWgTE	7c68ee3ea23c0979592b296f7dfdec7dbb63217447878d5a9efa3b9b6963baf2	2000001094	20.00001094
36XTvytRZbekhYcTR2otoAb2CbLNyXLQwY	7c6baf6a161e98f93f4ee1fed592fe1adfb1974a14bb3b96d952e3c84e707a81	2000000000	20.00000000
1HFaiMmhEnM4szSajupi2HM4mJsTbuXjZ7	7d1234aad211cf978b7de4fab1da1fc79772bbf9873dc6e04f74d39e55b80521	2012122294	20.12122294
15skorxVX4rsh3MyQYNDn9QvGWLXB8RuGS	7d28aacb42d780a92c428da3ee8e0f1a65f97513d7eb20769c70070836843e5c	2016837033	20.16837033
1BSqs8ex4W4L7ggxFoDwBcXUZdz2Yoxin2	7d2dbb99dbc1cc0c4f4a83ce39b9e83f492aca626c9d2dd9c314cc9a39a4de20	2000000000	20.00000000
19M32hxFAEF9fHD88Ejgb38X8mc7Ms6Z96	7d5bdbc27541ed323749ffc0bb4453df3a2e9ce6439c1de5b0ff857123864fd2	1999850000	19.99850000
18bm1Kt6PYu3DBujL8ovuQe9u268oYiPcc	7d6a733da53a60dd4da9f5e41d73e6b6c00f9bad5d74648341ad52839dd8fbd4	2000000958	20.00000958
1NxjeKECAs2tTJrWtYBYvJh8kWV3nqQKrP	7d793a79ba62335466c51e136cd02b80c185207d58d1394b9fadf2067eaa656d	1969981991	19.69981991
3Q5rwgyoZTZPDNNQf2fkyafSJxLMtbqgCq	7d956ba245b3a86fbb921ba1fc7ced3db2d1a7b3a4f4bfa1b4046334d7bb11b7	1999475216	19.99475216
3QrBN14VbGimp5JKXYRk2CVXZmYnppaULi	7dde2e642f8c4cbc8927caf2719b0cb42e8686f8ae2afeef0e8c86eaa7220ba5	1999900000	19.99900000
31wBTw5MWkQVoMx1TU29yhc7N9GxKNPvkD	7df74a9863c115f86802a74df17f3f75cc8c6e9d94a39a60cb1e8de88a88d10c	2014219718	20.14219718
1L43AsKtCwbeVkAayrVHdpvi4rCEC7xC8H	7e0c8076630bf888dbbc8d4d8a5618f7639254c753baa1bde72cdad7024c9c15	2000000547	20.00000547
bc1qmav2p3ttjzlh3fd8mnxdpt2geghd0xumwl0svx	7e35551a5831b2c6fb1b76b22c07206a97ff27bbb50aa402a1248e7bc7aeb3e0	1973248941	19.73248941
1HmsLJyfWpM39AaCanEBweAL13LkkjPiEi	7e38b51d17e6206e155f4ed9bac5fcc3545772d2f1479b12c0c2b180b2679775	2022499547	20.22499547
1HuXYEwQMWB77QuBrVWYPngwDrE25zJUJn	7e473d332ce4ca409e879694c0bbb0a64820c9efb78068642ef261548eddfec9	1955479805	19.55479805
1C1iLgq4D8JGGEGmZ1BYzY2WQjNma8jEuz	7e609d2f28e6573bc1a26e55eb7524645b8075812c2fa397a6f2877bcedb9321	1991164694	19.91164694
1MHCCZTbAnzYFo5TRa8qE5D1f5dCrTs5wz	7e690a10174185ec570eb37c4e5983caf937e6ca172fdaa6090f9a8f732d9f86	2022496519	20.22496519
12iPV7kmbNRUVF6esRa1MbH5eWAFAZ3snf	7e72b003df87b2a6c77303f4c4933e1f407510ce9dc2d2854f4a6607961024e6	2000001094	20.00001094
bc1qppz25f3qrtwk92scaehgqaal7z396h6u6wpmqu	7e883aac439bd3d39d88d45da82e703ac0979094a33cf4f1831f89f4c008826c	2005670570	20.05670570
1N6FX345BbDQti3HMUM9rknq1jVr1cenQv	7ed8e9044f693033971dfca95a31b5714ffa8ee1939883419861cce70cb448c5	2000002735	20.00002735
1C8AWnGzEKeagDbF7oJGFkL1D7HZFFkVyJ	7f0fb56b297400ed6072f7bbe4d590a14daa387fbead4866f45ebbf697517917	1980031103	19.80031103
3LeHbCjovoVDXLg4soMSiPjdVb6xGUZwGJ	7f0ff3ef213900a2bdf0fc5382f0df5d9a052ec907dbfce3cc0d3d20ad891293	1999900000	19.99900000
3HZhZ5nE6hm92bTBjeJ49CcxzRiaJ1jcf5	7f2696d635020917276baad14b91499b5ff10c969727deadac01ae6f509303ad	2000001094	20.00001094
14wsxyJ5m8zW8AkhcvBJpvdyrXauJrWTDq	7f2757f5f3f25d5d1a4a552504ac5c8110bc267e896e895bb7092a37d5a15857	2000001641	20.00001641
1JBjwxLNaEeegu2Fr8GVFK16NzXooRLepg	7f30c95aacd3105e4df29c222ea2c3c4d5f0068f2c1b4ce6fae943920c7aaaa2	2000000547	20.00000547
1ACEgcudDZhrsY9N7ZF82DpD195CYu2j1r	7f4b8e4068e1f0fe37f0a24489c7e4bfc8b53bc69f013c9242e2b0e0c661a8d4	2000001094	20.00001094
1DXojeswNmYouGe1a85oS5DzceuTLTuryZ	7f50d10a120aaf4b21f496ea3fa0fee67bb70f9643df72904ddb85e388d6d2c3	2000001094	20.00001094
1QGYtU3ykfgoLU96WLDBWpiCQGnDhP69rx	7f5d2356f166af8d46953643a24d7ba36e1c1f0e0f8ef0b23749d078b577ec83	2000000608	20.00000608
1KgBC2iw7WCPhLbwBLv4d5UD9qPwxFZDHu	7fca0bf2945974da57381907ccd8a2e24f3eb17bb2fbc572b6e02476f7ff5d3a	2000000547	20.00000547
1Azaoz9Karn3vPxMnZLgyeXpKuE62SkoBC	7fcad92219064ea8695fd9a888bfa07ccec0276b46b0734efff4cd86fa620733	2000001094	20.00001094
35kRbxY2eL35eZT7ht8CrVSN8gYGkwwYNz	7fe61aaffc373b2162d8842a3a3b03569689e22054d32926d909ac25957fb2f6	2000001094	20.00001094
15TRb6Cg5M4HbHSA7MY3X1J2go4xwNGG1A	7feef677929ae8f839adab6d992ec47812c7d7055fcaa948eb3665610ca262b6	1950036499	19.50036499
1PXgVbTbSuGdv4QeC7V4dQwdyGSmiDJkgw	7ff283ff743b952d5c557dce56f3d876286190d701c0c3fdb0330fe976912c23	2000001094	20.00001094
14JaF4Bn3psgHMUMFLXnL158iBK7RnXn1p	7ffb741863f6ed26c91dc31b4d40c4eddb3d83ca9e4c8631bee7849ad764d542	2000001641	20.00001641
31w3X5egT6owej3xjZk9DvQWRR5qHac9af	80042ec4b7d78267ba4fa901b511ca6d4ec22221b0f209c3c3071143bbb212fd	2020000000	20.20000000
13UsaVT2RKYecmizKHYdLMif5BuNkPYyqG	8024fa771cf334fd8ba15e77fd6e8eaac7d9fc4fb251a3db0133cd5c87cbb794	2000000547	20.00000547
1H5iAriLuRwp4mnp5DUHDEyukMWVh5NWkN	802558a6985c85ce29babeb188bd5d3876bc08a276885d2c7e24a88e7c257ba9	2000000547	20.00000547
3F4ymJW8vXYWMKFDwLu8ivvG2mFt3G8dSs	803c98c4e05e8add68d38a00a857368fba71403a22e2b20fc7e2c1081d1773fb	2000001094	20.00001094
1MVzXiETtomnUHdvVvbgnwyZZkBbxbCN7S	8053dbc730f39611f0455f504131cf8f0b67a56235d3c1e4cdccd5be4c23741e	2048255231	20.48255231
31yFqA8zdNPB2wF4MjYSpdLdtw6kXzP88o	80891fc659b01b5bd07df3f589c07ba2ebb30890556580ceab499cf855dee693	2049100547	20.49100547
3MWPoUJUbJF9Gxc1uL5ZD47j9iJLYhRhR2	80a4af22f3534346a6a384a7d78110a46ab8d83716b1bd916409702fa4fd2b57	2012131618	20.12131618
1MZojwNUt1RNyfn1vAcuk7eHva1UAi5Msy	80bfebc09b8cfaeac96a712810202bb4714d6e99be2f0f69d096cd363662b80b	2007953992	20.07953992
bc1qhw2cmzkmpepgzt6d09vrmtlps6mrc29jgxa8aj	813fc1620929a234a7a3bf54573457bb0cf42c6a7e9f200201054f3c2abb0363	1963502209	19.63502209
1DfqwJSjkCRGQpMJFr2wSFxtP7Pv251DK4	817199f6963070b90ac4d739033ffd0dd31e9d40651a75c5f7222b7d6b391f99	2000001094	20.00001094
3MZ298bp3vFgqjwN7FehPh6FjB7kkiq8WK	81b9f4238874a10163f0ecc59587d8506a287552ccddb815f30cfe59e610fffd	2000000547	20.00000547
14HduqUJvQSGWSt9dvces8n8qAyvzP2FyX	81e243cfaba316ba1b89322b6b2576d019b6d0cd8bb4f457f484d66e48e14f3b	2000001641	20.00001641
19Q6pNgnyQhMmSXoThqciTCjqAW8Hbw2i9	81e8e557eb9041aa924247e894244e0beee1a65300d32a8d470fec81ee7eb170	2000001094	20.00001094
1DDs3gyqqsAheTTkkfPPjxdtC2ZseC8jWM	81fb7eb3b7416559b6a89d44e223e07092af9ef5885a42e4fe4e730cf4d054ab	2000000547	20.00000547
1Drm6PhmtcYBtgR3dh9RE5MeBaQvzUvZey	823027b18b4819a445b856fdab3b923e2e284bc79207da40215cfd69b30d04a4	2000001094	20.00001094
1CjCWavntfiuxEwwREvx1vh2SvPEWfwZN8	823f44b50b04f791a85214d37fe29f56c11967fab911e6ca8578ec8cb658d79c	1965000000	19.65000000
1b4pFzVuG7zjicbukQsiRPtaEAtgjU52m	8247c26ab1372c38aabe17bbcfbf8e5cc33f8b9cefb864fc3cf0df4425138476	2002135825	20.02135825
1K1VLJrxaNyawwwPEnVPCfXrZMoL29JGR3	82783c9c2835fc18e44e35135af251229c5e99426bcf6776e1a23e3c11908ade	2000001094	20.00001094
3KCWhTdziFSxt4XtQ2YwhPCcXDu8HPG14w	828239cc0bbf34f157b6a6e8aeba7ff4ce90cc314cea1b51ac456c0df3a625ad	2000001094	20.00001094
1BrfWY6PXaRrSnomytVkSDUavgHengsjjj	82d4fc538c209309bdfedfe501e7e7495ef7e935a4e338e0853f5b69b05605e2	2001832419	20.01832419
1HAL3eHy8q7LdgzhmpgJA3rQhjS7AbWPoF	8333a09ac3232f62604a191957f4494577132a96a301a15d90471b3f114cb8f1	2000000547	20.00000547
1MQBnK9s3BNCoAT5Q4JL68idYYHitcBhMU	8347112d455f22a60e87148804172f26b845ca8d88be2162e44bcab3f69b967a	2000002735	20.00002735
1HUXx1suq5R79CmZqKZSnW4Loe1m3RhKEY	836326abf0b973f94fe0ddad70ef115738cede69e2abfbcc9acaed033ba8dd3b	1989843265	19.89843265
19rDXtniNUQLtuUbStbDyaNH9Wbn1rEq2J	83729ab628d9fa1f289ddd43e321ab9e31ff96f55c1fab7fb80142c2f62ad078	2000000794	20.00000794
1BRuJJBTMmZdjjQi542HGKwgQ2b733Lg8J	837389c2fc799e10684585cdeda8226ceb78702b4bd7d3f22c01514ead4f4792	2000001094	20.00001094
1N4bnR1ctgRwSiMiqDDHBT2V36eCjTJbhm	838cf05ef6d4f4c3914b71c61b4ad0d91347588c2ddadca0e7cf36eb7dd5a39a	2000002735	20.00002735
39oBENiHTvgvg39qpfn1yaEhV67sCGg8P8	839f8cdc04320127437f722884c7717ebde61aab22402d885ccd07f1f4b2b18b	2000088547	20.00088547
35oiEkfaiNEgurPwEf3hzHe7JGxecocu41	83a2fa3313ad5c75fb691e8db412dd1dfb07d5cb37ab13539bbb385a22c8fd54	1999980169	19.99980169
1EQ7NsQ57XPe9AQijmkS1SD5pgF7YFU7Vn	83d7eed07db273d971e518310edfbb5e6a991b11ec222ea7725806721131eea6	2004693180	20.04693180
3Baqfx4kX93B5fR6AVkoZFNPbs4L5nUpDw	83dc94ffe05bf337dd37bff6850ce595f169f6db9b4cea8eec8e8dc51fc06ced	2000000000	20.00000000
31kjwJzNVEuntseEDcSA4t8bS1USQnBRrj	83e952d8cf9042ab53db95d0656580298c7bcc92feb31de02b680ad06ca856f1	2000000000	20.00000000
bc1qal7ld49suzxr7mnq2xhjjnr20fk2w5jc2qs7xj	83f6e7e1e0a5fc24688aeb05c916b4aaec7d0b88733e80c6cad28c10c55fea01	2000000547	20.00000547
36Ef3xqhtGEF6fdFN6PzvMhPjfXVYKVZEk	841a9d8697c31c51258d702ea619ed33c7568d8b580f70d85a8d1485d1bab7be	2000000000	20.00000000
1LRay3QqWyv1EwMM1Xcmen22JmRbBBkRAZ	841ac2d6639f911ed42921a56445f6e61f439c238ea7137563717417925f3c94	2000000000	20.00000000
1HmhWa23pAs8iq2LHzNhTEQBpUU3C5To6U	84563bd3d3e0434a0cff689d186cf78b8f5a8fd903429a190a2e32c00bfebecf	2000010547	20.00010547
14cobx4ExFADYLdNNNy5gwZY8nB8Jz1hgo	845933dd9960e8e640335f68b1c34c9ac9ce7ba69f62edd95ab21d3f046f6940	1950000000	19.50000000
36cSrLzEE7XBcb8Y5RJqg9vroBZ3ryDYa3	845a09712e7db0070f8de2ff28b981abc08479a89b831defaac7e46f3e88a720	2000000000	20.00000000
37ASaSAf1GewL8LGr9wXrc1RBhPD4cmNNS	8477dcf09846b371e9b5ebc38ca07dc0071235985a39d7e0b59098cee3e9e695	2000000000	20.00000000
1BMFUbF8tn7onjzJ65wgegjJQ7AJZJuiLH	8484ba86dd2d523db7fb1b709800befe2b393ace3b3214a14a80523ab6b42201	2000001094	20.00001094
1AApbwnimCkFrf9YeztDr4KAtVDCYqJM8o	848a2cff259dd6c9c0251fa1f8a2a2cc62ac06e0a37cb5481652f8100dbd76bd	2000001094	20.00001094
1AW6yZCbweAj8gCUyvPCXVr2hqTE2oHRaj	84a13280303c5274f9f5a022c85b1bc2c4066f0198c798fe2c8c24105f0bcb74	1999959109	19.99959109
1DVL7vnm3Cw3fBsQZBG4nfmd8jPXzBjPLh	84aeb9019cfc8cdbf399eda28f58163b7bc99659fff0998b4067f7c28671fd1b	2000000608	20.00000608
3LWCVfwv3qndG6HSU776XzHqASiZiEsdPd	84b051aebe28ac6179e63704a4b7eb7d8e2e5c3d2bafc9979d7ad16665707319	2000001094	20.00001094
1NJP4rnbsq5H7sgCfTpLaXzjDrUEf9PiS9	84c58b412dc5f5288ecaca5d8e98f34ae22b81b67ce0b74c1e3f09cdcbf26e6a	2000002188	20.00002188
1KopeMQgLVX2w3duKQvbcwD36fuWWc8rRw	84d1a66aeee94e246d175296521c2e522943ee113b8e08dae0c989798157ad45	1999930000	19.99930000
1NtJuTU2G3qojnCEyBgbqFgdgf85cRCn9Y	84d2e0e208a476f47b6676ec273e73beb2e25e72c51f3c4ccf6a6935bbdc9740	1991168942	19.91168942
16dppfvmr31uie9mcPCCtJvfbpqMKPqH8B	84e58f8b789252d5a6035b04d7aa4f6c6012108e33d8a2acd6b2cc8e4915d992	2003417722	20.03417722
1eLBkyZpGMoRwrsmQifBpkraq5La9Tgy9	852b9210fcf00147cba2d4f1cc3c6cc11520db6051ecacc76291f0955077e4e6	2001001094	20.01001094
bc1qx0yskac67ake8nh6epm08ykxe9ccw4m38glm7y	8583bdf5083aad0885298f4a0cb73c46123c5bc5c4ac703b917d90b004d92282	2013532743	20.13532743
1Maddie1HcQ4xT6LHqiUvLzt6qP5ru9xKF	85f587200cbf4a1336a2f849a4ecef777896cdd3af3b48ffa1175d3ea0c703ed	2000002735	20.00002735
bc1qtm36u45jfv690khpsf20qhq8lg9d8mpxv6kj56	861c450371e2f8188d9d9b6cceb4fa8f1223810e12639606fe56c7d6f50eeffc	2000000000	20.00000000
1LYVyYEsiBD8iaSFpQwe9784tbApaQPLgV	862a9481a8970a4af0909207a895d758a5894e476b0a5a19ceaf65265ab94ec0	2000456204	20.00456204
1Kxf1yWyh7tw2W3wkF18u3yVsFiVJ97AAe	867df526e1f90ac7817a4ce7da80a8fa9659c14330b1e4d9dd13964955603cc4	2000000547	20.00000547
14jc9z3cSY9SRgfvUsKsBJmaakzLaXp4To	868b2c5dff73d1faf138862ac92a97e77a4612675351e5fc11e945d1f0dc35f6	2000001641	20.00001641
13psk3HGg5FpDZZufh1k9br4DHXzixdwqe	86adb87fb21d8dda88690f2175eed48efc06629eaa8522f084cf4a1cb27dd14b	2000001094	20.00001094
376UkCdMxdzrZE3HXWxhZtxUsUQSXBWgvu	86bfaefedb6f477003d699f41000ef283abfca03097f5ac54268d1b206b64c37	1964286668	19.64286668
1AcAG8atn5Ef79CX8Yh2jZKgguhtvMPyCM	874f44be104773ded4bf05f5b5c367717b15b315c8468755f33fb49e16c78dba	2000001094	20.00001094
18UmhERnaNfdsai78rkbukHoPzFtvttin1	875e5be2fd7bde2cfffa805e5ba33cd48aa49e34ffa82ea4b3cc27b95c6704e4	2004101700	20.04101700
3Dr1D9tjfKQrkM71dLkf9zjSSU575TEmKe	876b7e992b6cdd78eb0c7b8e9a51da16b753f045841cb8a2f904a5a86a157850	1998293666	19.98293666
1PRDi15d4Z1hpJTojGiCRcgiRprftqBy6T	87707b6184b62edade943fd3393bc2b6193afa1db4f11cb6aa7b9be2a6cfd623	2025000337	20.25000337
3D31sJyrbcUToavEKXhwYAW9w64UVrK4Cu	879dede1496a0d10b6e3414c3d1b18e81f70fda144f63f8d0bb1f6e21f1a8b17	1967734596	19.67734596
bc1qpnja2r2lxte0zlxwj6crqdgezjeuufjc42xznn	87ac26c10fc831fc97a3c5098a19e181fb042494a69509f42cbf8d24935d6385	2000002188	20.00002188
334Pf3uiW5BLW3eUgxbzMEY9nsP9pjvzTV	87dfb576fec53641b0cb23d377f30517ebdfa9d41b9c2e4d9c07db177caa9b54	1983515340	19.83515340
3CmvNnkDdjsky8sF5pnF3qxZ1Moe4zDbXQ	87f72ce9b96020413ccd7d4b2a206ed14c2572af4f0f2eb925deca2766e4b397	1999830627	19.99830627
bc1qayt2e33n3e7ydscrv4y69q5n5ssemqcukx2afn	8805f1b99646aa9d239fefc1ada5cb907ff8ad19fa3ac7fddb1d280fcd18d761	2009596186	20.09596186
1DGenHd8WU98SEF4DqsaFZAV8KvWZtB84g	8815b22d5bd7cdbd677fc83904a81ee835ddbb7ed48483a4e1dd2b0fdd0ec4b2	2000001094	20.00001094
3BrzVi8ouEhPwadqSy7Qsejo4v9yTbcZ8B	881e1f58db4c870a01824c469d7d8956f59ff4c6515302eb4b9dbb412096c57f	2000000000	20.00000000
3HxkZWfxrk8Q5Vv4ACYYRw9GDK6mNU5rQH	88422766301eeeddf76000bb5d04783e3e401b72e616de64fcc2f712ebf930a9	2000001094	20.00001094
1QEmwEzdsW8SHVtN86Z6mzzv3xbN2dFPKN	88431e9f8a9eaaed712a923c3f4c95d254b18d69ecab5fc172355b1c25fa8586	1999900000	19.99900000
1FShPwB92YBtG5rzpd1538o881FGMGFbo	884e56c9e6ea4a11657d0932c11abcd16c69eb89d934ea376fbd3897d1004aca	2000001747	20.00001747
3FhCe6xKXZZ1LzuCE9DX7J1g4qsXELZH58	88534d88708509aaab5e0f751f271111c0cce4d06ffdefed3c64b19763c4b428	2000001094	20.00001094
323NgNYtnJjX7bs9EzsJwojeHyGt9d3Dsg	887f7bda36a2ef61f071c5c9f2c2c4e08531fc92be3f48c734f54d91579ad63e	2017564261	20.17564261
1NytFUJi9GpQXpWEyE5QFeNmkNmzTUegm2	888806df844faebc239789f394b8c318ea5e41032805c1d445f3a777b66d26bf	2010000547	20.10000547
1Jho4iSCsCBeSyvMgnxLbpCC3KtPz4oWuQ	88903551346ec9d0bbdb9e7402278c2c68eabc08d54fc647a5da1e7fcb259059	2000000547	20.00000547
1LxX34W3Qt88Rheuca7wBPoiYZXqEc4n5K	889cd481ce427d486138be5afdfa559168776d442f3c74eed4e4b351d93502be	2000001094	20.00001094
3GoBCBF1Q53av6nHzekVrqrtSq5YVtJtFR	88b9bd355931b160f6f59d0fcebfd4bf78d5f6d264aeb97153a1b4a8222a51d9	1984986642	19.84986642
1JrSaUgy7ZpsyHwB68gE2tCM5fKG7xP3iD	88c1163af4cf351774a992a7ced74929cbb54524ef8f5dc826a84b52279562be	2000001094	20.00001094
153f57GeMkMmErTvYZWGnyuBYpHQzX7wEa	88e8e98f13e0408ffc8a6f03025d6803c4da38140f6b4a5d511e23ecbe2f2687	1999106739	19.99106739
3DF6TExFJtPEvb7sLitYYGMYzzumdkbLa9	88f293fc287b1c0b0229b60271f93223d7076c333c09b8c09a3d512513f7abc0	2000000000	20.00000000
1PchtojLQwJ8fpu32hK4nzsTLKGzYXFxSb	88f9668c809833f793bf7d75de0873270af3b4496086e91c7dcffb37e36d845b	2000001094	20.00001094
1HvNs2tBUXMMfhyeL1R2ZzkPEKtpYEfBfk	891dbc7a6cea96c60aeb47649aa281dd101ed12e33834e377862ca4760a9e346	2000002189	20.00002189
3NJS6bhWyeGiTBv5Fdd99WYzP75mDnYfPK	89321d3522fffe663bed7ed89c5532ada69e253a302b4a7313edd8fdb26c83ff	2000001094	20.00001094
1D5BKAJ7bcqvb25D5txd4N6DVsgGsiWZYv	894a3e66db1d57074e8c54265779ac992e831ea213a9e9bfc9912986eaa488da	2037151571	20.37151571
1EMXgGfiA5hcuGb7HP7t8dA8iArRwG6QDB	895583e75fbe77d5c977b8e2b63401dd902ac6e2080f66e9dd10f97637ebef5d	1966555347	19.66555347
1GqD36rMHbovvqFWnU6Yy1pDHRFVBJu47E	896d7ed06ff7f48c01bf96f1fc5f0e3f41bb32d112f352ab73a39f175302832e	2000000547	20.00000547
1MSCr1z7ukpwt7XDBRXxRxTFR4UBycLMN9	8977f2c06875e5aed719819ab2424c4d39b3b186b7b10ac34af79e0f8ed7476b	2001001094	20.01001094
1MocLr3c2dk2fiHvhCTgDD2Nhyz2vhqEEt	89842c530e9a6721b38971c4b2a1c62b5c3b48581db7edebf9d9a8a8af759bff	2001001094	20.01001094
1C9MjwbFqGaeL9EfG6xtE98JY1dtJtFf3r	89b20572adef76982a3e68875737c5cfc4edb28123dbdb8714719a5491dcdeb0	2000001094	20.00001094
1P4X6QdpfQWP8x6jGmKj4bE2YgkeswkLAh	89e2eb61ff62d6ffdf172bde2f160f625e00718d0f2c1d0f08e77f971baa68ca	2041350800	20.41350800
1HgXdz1b7YYr5bggKgC5Hatw64yArJH3qJ	8a05dd94c556ec71f35ada0adb28852a1bfca97059307c0aff7cedd1715a056c	2000000547	20.00000547
12yYaYgMNqjNFBwCuR2shaQnbKC2m3xfvp	8a348e60c78efbca6c13b9937cafbbd2d558491f4538633eaee33faea6d4c84e	2000002189	20.00002189
3JEVc12PrPQKSFiUsMQtJvkBNZMbQpTeZT	8a5398ec5ac2ef9c2c993c8c53d06d961d39271ebf517986be7b394ae38bd537	1999998490	19.99998490
1FtzRcKt7WPK8R2Tbc4wp74zswXfXsxTbr	8a6a122d4d418f825e371347d82639bf124be82eaa86c5a5dae40374d82bdf37	1951416027	19.51416027
1ZhZR8E3PGZUBkjktecj47RXtgiyEtcjD	8ab3a13c0efa14ee18c5617c9dafa36751ca35e0f5b5800d61e4a9e9e9df72c5	2001376125	20.01376125
3G7DDwCkp3yum161MgQEF5mGeF3vD5499N	8acbc8fd36ce5d887b205dc1d71936038ceb0ce28b8fafce87156caff991a5c1	2000001094	20.00001094
3CRSmB1tYqS231DhLDHwMwG9zt5P99o6ip	8ad87eacfa5bf6e6a6d07edd43caadffa2454065a7f5f32a74456eaf76c1829b	1976166000	19.76166000
1BBxwzWbiJidsczs4N9mcMBK9fg4wTKtab	8af90364078cd0f9eb6661883f163f2a0c193f24447bc71eff95603d9490a446	2018632437	20.18632437
3G15PNfRmT25GSt9kB6PZG6yWPEeyQNB46	8b22c9f3ed4b0c1cd81a01c9a19d98b54f304b7c2a85018b119742a4ca3aa3df	1982027746	19.82027746
3KeuyHDkFYfhNuHcyNvg6FwYWgqDVcqagk	8b2a8032c1d54424e9f1d0b32b132fe079724432c06c1cca5c8a7b2ef768fa1e	2003872001	20.03872001
3GEDnfhk2NWVPeY6qXXzZhLwVKDvf8qspQ	8b3fc87b22936a6e2dcb1667f488d194af91e10e0a6ce262e15e44afa6bee1c8	2018185336	20.18185336
168KTY6xmvoGCLeNGDGU24q3UBxMstBywz	8b5a8fbf591853f86e87f7a77f3f2618a18965bfc9bcce44c0ac95a3ae1fa9c2	2007000547	20.07000547
14ndmVgmzxvY9T8sNJmjxEWcvXEQFs1F75	8b75519f53d5c41d37ba26112079ba229149abb5f3d82a9d267ead6fadcef1aa	2000001641	20.00001641
17vEchENW95KQj4HosaPMAx4BpN75vtYym	8b850a3db2acf40a1f05a733cb6661e9e3ac72c84e227e647ca250ca81d133ce	1955000000	19.55000000
1JPCqpRWqqvveV4gpStJFgUEbr1h8qqs5H	8b9051070c575ffd0916e027a0c4f8bcaa3d98c560c700db629daf1709600b5e	2000000958	20.00000958
3C4meaanMrkLEqP7Mma7Z7JYtmLDkDWKbi	8ba6ffae61c51b85391facb99df537cf3488ce31c370e29a67ec9211088ae7a7	1999850000	19.99850000
16aeVYchtVv5NTW9v2UDTRemnaBnfGWeLT	8bb3ae2b026cbb8e88d02643cfb921be48e97f3f3073b60dedc884367ea5c7fa	2000001641	20.00001641
3K7qPXCfg2EnVTmXTMDRkvmXVZf8XrCZAq	8bc4c0920136a34eb8707473e45cde17f98ba4f9acd0aa8afd181a7ebab58b6a	1977257933	19.77257933
12Y8G6e69V1g5veQTqmii9yoAuCCjHPHbB	8bd2fa492cfd2a44b5215e34e5687cd54ef00f31b9035fec95a40b92b62f14f6	2000001094	20.00001094
1DP9dAQRwwHDfQ8xakza7sXK1pxMkCfzzx	8bdc8ee0cea031292cd418941a7c66bdd65ba6253ea46eac2e36ac57b4c49479	2000011094	20.00011094
1DjFacjo9uhq2gET9SDvFqcHfYYwGNPHS6	8bdfabe22da1c56e2a37df10d6f44fa3571e462253e42b74425ba478b2d96374	1990187057	19.90187057
3NUGQk1bcdSqZidVfb6764TK8iEoSa3Stp	8bf2391974f14fa085eb3a40b53a3508d5f68f80cb48b410898fbc85b2a86b0a	1955787800	19.55787800
1MBFCAFUC8LSeCqQ67tRCReyVwseSpDA7A	8c0aad77772a86868968ca83cfbca93dd606ae8a24545e664441c102bee0c69e	2000002735	20.00002735
17JUjMqE8QicTro3CHUZLBBzHAtqWeSjMB	8c145f34b135340fdde2be58011b2916b05fe4dc63a1aaabfc32d631a41506e2	2000100547	20.00100547
19Pd4Wv5nf5qYLFUrz3uy8H7yynqC66Cxh	8c3de8a10928a3d7bc28187e83dd0619043041d1ed04747ecb58ab859d3cd15a	2000001094	20.00001094
1LFSWx2mcRrKfBBTaGHJ4FP9GvoqNuGtf3	8c84c312c3a8cc9b5f25201172e4aa31640e93e48133b82032d82242b99d2f27	2000000000	20.00000000
1NPPBnF1434kpfQDh6pFCCdkaNhtfjph5C	8c915cab57b0d728034368a5fee730087206a58b5b8489ae2102fe57f22053bd	2000001641	20.00001641
19q7VRKNt9mFYxJ9Y5Ptyxasq8WUG9q9rG	8c968dafaea564a723d180c4bd0419104077ed7182f2e3f103416e483be2eade	2000001094	20.00001094
1Nw6dxKrSa4XFN375FUtU89xRGBqrzzJ5M	8c9a80eefcde0f5ddca0c6e6c02c6f857f27406ad66ec6ce967d586819413eea	2000002188	20.00002188
38gQ1Vk6kuq82vJC8hcmuQuSVfADdbmR5e	8d04c072e0317ca02e6cd7c1e1aeae1a6352213d20825c316f79d7ef1066392d	1978280000	19.78280000
1KFsm38ZxEyKr7eWxkEBy2W22gokun12Ad	8d086de113344e261650c89fc09d6a7309e5737e0858376daf82d8f88bca9eb5	1982157812	19.82157812
1HNbmS6tT6dQu3D3Gv4tsZiCcCHA9wBu8i	8d284888a258cf0ec4bae8c752d380f5b94407c07a04d0de19fc1a9477f75836	2000002188	20.00002188
15QGiQzbUPSbCU4pCsmDnngZ46hi2sUZ1k	8d3af34cec91fc4337455a06351aab4c11a2cc2699a9ddfbbaf46b80966976a0	2000162349	20.00162349
1JXojezds4eafCPzZx5rPx4ZMafJY4idKr	8d48a103a440dd632d90384d32450f91bfa5dbeeb95a27633a68bd96e24e56da	2000001094	20.00001094
1HpCxbFJvyMjUHKtS2JtsSHiZXAcZDq4fv	8d737ba6e63a665a545540f81d1510e94af6c7a6a71dc8b8b47c3f2a54b4155e	1979135235	19.79135235
1He83bZmk8UffmFMeX8mk4JpAWJjfQc2hN	8d9386462e55486822f88d45537f56c4f26c4ce69e267aac834ae9de74761056	2000000547	20.00000547
16bk8AYjkQbKTD3gBhQA9ugYMhU9XF71MN	8deebfcd155a7287a1f324d000431dcd37feb2108341625cd46eaa7a27967771	2000001641	20.00001641
1C1bF4qnMDB6Dg473digJFbPZanzLgNq5E	8e0600e419421d719bc2c6bfe4a5e43df57c1b357881bdd3a56afcd4d4b8cae1	2000001094	20.00001094
bc1qmt9drmpf8u84yh8h2fjafgm0m6hstwl3ny0hj4lzxzxxcjhj424shen5ml	8e0f73b5693dd6e915fcc28e78c0cbd1a02c2805b90929930adb969f1485263c	1999986908	19.99986908
1DqkR6JLRrHNt6sXuSZdyXKTJvHnh2mSnm	8e3a14800ac3101c180f85fa265b794443e0e4efaded504eac1fe70a428ca6c3	2003000549	20.03000549
1GjMCL3cbMPMELZPn5WUXgN21GoETt4W7N	8e58109f98aee584520f792d482e86d7b44d948b39bef45a3b9bc9bb9e9206b8	2000002189	20.00002189
1ZseQwFxKMzCoJLXNVevPbjcipbU31nJC	8e5db9ec033b679fac06661ed561970544a3021c5724a44e11dcb7da0f44236a	1972049392	19.72049392
3ASqmJdW4JxNhrUcWk5jdiMw3op9kenTe8	8e667d786f6864bba734300add47e02f0101d2793a37f53ef0fe365f11a61fd3	2000000000	20.00000000
36Ap4dzdZkU89vDDRASXNyhPSRVWHBiM8v	8eabb64d06180ec4c20e970bcd1b7e62a2051e21104cf5e21c5371cf9dcef48c	2003655260	20.03655260
31vWQX4Gw1as9oUYMmuyG3UE8UA4Y4hjar	8ebe726fb604d0dae4c6310d05148542a2df140e518de75217c06e8d1127540e	1999900000	19.99900000
18vuBkQZsZxsYoENsyFcfdb7bQvxxrv18B	8ec766680bea1cf4c0ea00726fe0f8423e60dab48cdef8212dbc705129c0c093	2022533749	20.22533749
137k7hkmtJu58UjmMqbjbh8fyueEsUNbmG	8ec9be6f32705f1338caa8df99837f90b20b1560ffbf224590eb20b644edda4b	1999949262	19.99949262
1HxUY98pnS3K6YaZjS5ztByFVku4p1a3eC	8ed93cf8c8aa354c0ec8996d9b57d87eb5cd7a5939e697bf80d011f73d174185	2000000547	20.00000547
126HdaMZBZUJKah1ednskU8NMw59yquiwr	8ee105631f63e1c528a1d9d908c36d7bd018bdcf0102b13f1b348b145c84b752	2000001094	20.00001094
12XNw7Wi5f71Q5RWp3fptxWctxyqPVqjqi	8f570c87878aac63390abf507b0c89d9d94f297a284973416e696c1024b5547b	2035861094	20.35861094
13TNSbRbuhLn4RdtnKqWXjiFnfVdrGxNkj	8f71e4bf52ace187676bfc9e3ddda49ad2739bc97ebd58422f947969d5a30a33	2000002347	20.00002347
188EVXoGJNtMdrTrhmLoMJfKeDVamKw2gb	8fa0cb581c2c749654410d8495aeb7fbb5a3ead61f3ffc01b67eef89217baa60	2000003494	20.00003494
1N9E712P5zBhKCykrKnx4j9xwnWBNW9BZ1	8fbc61092a61edc321035c39df99609c2611c9ff1069162ca950142f1c8f3c8c	2048001094	20.48001094
1NrNkR3qqre8mg9UCFinFThfnhzHcLYF2d	8fc1f72c5f32270627fcbc31d17f16e6bd71ff6303a3af497f55523e3c015eb6	2043614747	20.43614747
bc1q2nmh4g4q7wmqey4df52456ejz7uxqm9z7srzd8	8fe2a3ecfce00c2b58ebe70a6ea9b9c9503fdcc10a1e9c68638a45caed9c1aa5	1984658865	19.84658865
1BpangDpJuS9KznsMLq4xDFcsgK2F3QqoU	8ff2c1d1ee08934b16daec81bbcc5458abba90dc0e6d169f2b8b9e4f6ed2b46d	2000001094	20.00001094
bc1qztvtmj2stk4cap3gx4dfz44glgmu6uw3hkf3qw4x33h0mku30r7qew4l8z	900269aebadffdd498245b7d601b272564af0997c95e0b1c9a9adb1ce9e25106	1999946920	19.99946920
1JsVrev3i6Nbgt3r6rXWES1wmZcJbPDjnt	90222724a68e0d7f049bc5cc728390143f71f6af265474fe4dbaadbc02f29d53	2007349607	20.07349607
19pwbaPnm5jqUjxA3PavBQnfJoAszXMgRa	90259529f34df10022196e22f76863f554c33c9e48a8e0dfae5e24ff84cd337a	2000001094	20.00001094
127pKdrs8rXBCr97dz8t2aaDXiEFzf3rWP	905e4f94f08c04ee82c77b6773cbebced54a8b41e28fda689963a485a425215e	1989304950	19.89304950
bc1q3t3srzcg08p7a7vjxn8hgu9svtgndlgq40amf4	9073148afaab4f3569ec5c524d6bc85f1b31ca7d4550f29d7534087daa9bdcaa	1999998338	19.99998338
16ciGWve6zuB5Uqap4o5YkDDFRkmW4x8Be	9073ad872be7f81952dd8472014c616c588a924709b8ca177bdbdedfa0304957	2000001641	20.00001641
13cfNY7xHrhdV2fj2yeMUKAPDprq2wWbre	9086973d5ce111b592bcc98ed8edb680432e93e328757b47db67ef2c0eb6a47b	2000001094	20.00001094
1JPigQdmW3NR8GqdDyrVSotzt9GBit2KhM	90a942271c556418b7419fcffce6e04894a49e988159e7a438d675315cbde2a1	2000001094	20.00001094
3FReJAKaJBu7Kb7EdTshhMKTkuqKzXKgfJ	90b238479a2175b7f0f15affdfd2caf93dffcf576614a9eeccc79c6174992110	2000001094	20.00001094
1MqkNrrb1icgNBSiTEvkFbg47ySx2yAdBP	90bfa212a260173e8044dc7a6d29c7ad057a69e50cf3aa96b3ec51e7f24c5810	2000002735	20.00002735
133BtZccMdV5SBbdyup6238Spvv38JcKth	90c3e222d897177f0b06d4362658878b2cb06d905de3bb9690937d1a35d86e0a	2000001094	20.00001094
145d2v8XRQUxooS739ie8AbQtYmWP83ZHT	90ddbae0f752228804dabd2c3ac6547362c18039632d7953535426b61c5be50a	1988000000	19.88000000
3HtZEHVmF7xpzDXGyp5p1KhzFKxZGLbBy8	90e539f403a3e087aee94fb1b7c71e644472fad809fadbf3fd7c15310ac408bb	2000001094	20.00001094
1KcQqd31ERDYYpunQEG8EV7oZTFgjftXqH	90e900c80f5fd3f8157e45fa0eb38155e9d59186612dcec5f879aa06e822f796	1952317418	19.52317418
1FPBCsxqhEZbtXdBMbkpJoVBZZ1UUHTH4F	90f9bd964f271a979e8e44e5b68947a02677491cc17036fe94490541e018590f	2000040547	20.00040547
1J1NPXULeAp2g74D3rNndSNjsGNHR3LW5Q	91505256ee9091a556b22f50a2acb17093ebc93e1c9d996c85fd0eaacee3c332	2000000547	20.00000547
14nnRCkLddz3KbUsfVK5s3B96E4V5kc9ue	916ba500a14ba2e7de9c0d8445b3d9b5c3d488be53d3e3699677f59cc6d96d05	1981642008	19.81642008
1JBsEAo8BXc3Nm6Cz12ze5FjDwJYchMXs3	91a7de56a815ae098d1c92c7f443fa276f6a57e3ffed5884e25fec97df6073a8	1962100002	19.62100002
16b4qvUWSZ9hTcFa1Tkrw3t9Wr7uzR7fcX	91d0dd16c08502efe3118dd0bfb3a0305530dabad907adc64904e41243cacec3	2000001641	20.00001641
1Givnof4hbNtWcf5XpxURgx9tf1Q7hWrUk	92113cde3154eafb7adae18a2cd56b42937caeecad0256c77b3058f3e4f25792	1956567769	19.56567769
1CuqVFTT3eawQ1QbsKUfvXVRiCGKzFhFh6	9227bca3b3544fe032539baa0f1abe8c00277dad1c4bbd58884b5dc9cf5fbfdb	2000001094	20.00001094
14aMUcyXM526BmmB99F9gYTRxJCxB6dhqK	9247b8d6c1aa90e437a513bb71db9bf3dd7a4063917168b17a6954e45b966865	2000001094	20.00001094
132qT4qUiiFseRZFdaR7F1DAz4AqwkzNhH	9263a2749a67f9bdae88eebcdfc2d074be89226b4c27048ffbb66d5af6319ca4	2034967951	20.34967951
18uULg4hUo8Yssa3mj3NwsB2HckYpxqbtL	9280f9478c2182f17b90311a304595a766553cd870daffceab82084dad033f71	2000000547	20.00000547
1N9QddshZN49LZvSrZ6uFZRgqn6zV9CVHo	92a8089209f2de0dbe45030d652eee29537036844e74c23fff1fc4bd83f6407e	2021803800	20.21803800
159niEGviyb7uSUqLe95Mq6ut9xJ3DxvQ5	92aa80a483cd3ad4e80f8da0c5edc3be7981c24d52686c21af881e0f11b2439c	1999956422	19.99956422
1BUBh8EHStptWpA3sJPdtvR9Bhb1s46qkj	92d4986e47d4d936a3a7e7764a7561347e964d5599650c88f6bbd8b5fb265614	2000001094	20.00001094
3MLTVaEAYcqrhgrEcbY8LTqTovvF16x49S	92e6dc6c717d5a63bf55476c09d06c02b272bf6ea08bd68698390dee45f07c2f	2000001094	20.00001094
13MRY2bGNU4cGdCPaTT8uyA6XfLep9GKKf	92f6e8edc152a152844236e7f9ba6c02c3fb5e67601d7eaff4817b926ce56e61	2030736200	20.30736200
3Pvma6E73tW97U1c3V2XTakmPYD1fdxGke	931fedae3b6e5f83865c17be0f822737d5b3b44eb38d4ad9d096137e78430c86	2007923790	20.07923790
3Crw9FPD8sZWTjaBUp52aVRCujKVSNsdb9	9350a7cc126c55a9dd76c1d42c1e6dd09b7a20cd9540323d36b05f50c7e62d5f	2000010547	20.00010547
197dN654mwa1Bzw3oZYrUCEirRjj4Ywgbq	935229e2acf7bd6dcc1c3edcfd28077d8eb88eef8c0c97813fdeb26d16c4a629	1986794000	19.86794000
1Hq4rX42migonjt6G1sRsjcUrhu8c2pHEN	937069571a5ff23035d30ce2e6dff2db2f30a410f1fe4d40ada6441a0a1712b0	2000002188	20.00002188
36nCf6mjqhCuffHMHnBF11k45GHSmL7RXE	93a61dbdba710704f1076d4b0a94a70a850442148e7749475c315585074eff6a	1961173055	19.61173055
16bJtMrjirc84HKYD9Cydi1w4C4Ugz86w	93a8bfbe0fb600ab3270bf5e4d9bba7af2993a503baadd2ff30c723c0d45774a	2000001641	20.00001641
3CvQdcSYCzzdEihzwASwz18ejkkKXwbNXz	93b663e0d531121ad5ee430fcd65825112844b93afb2f7735b2742a7ce5f679c	2000000000	20.00000000
35NMGFmXDM3T5JdLVBsmggeqXu9wr47rod	93da6262dacd18b5630c2d8b5531edf7da0fdbe962ee5aac74fdc81c39e00073	2000000000	20.00000000
1FuqqveoKT3rmyH9Fe4UGDJNWZztcAAGQD	9410b9cba373444c284c0c30dd2a0369c19e7f80f00cc05c57984b5d7f292b0a	2000000547	20.00000547
1GFzB5NBL8Veei13YvMbJuZDLzfX8F8Cax	94538f7c3d22a37583abd324fc15965f50c1483800d16148e9532fab3a852914	2038430309	20.38430309
145ZP3kKUfnJmNtGR8moagnXRdVSXoytdi	945b9f40c424a1f52b3d7384e1a613c3410f69fe3a053ffd010ea6e18c919ab3	1956792946	19.56792946
38LBC8XPvF3jhXorCKRvTKqj8m6JxTNCaS	947bf1283a92c39b0b0a96459f3d09a87a2d8507725dc658255190634d35a869	2021966630	20.21966630
1CWDNoBFuytK4JAjYRBVtpaMREq8dsXEqF	947d02f3e18a9208fd034b300b190a63c6925d268290018bce288b67ea0a049b	2000001094	20.00001094
3QKF7FXhFhgDKAYuQ2zveyE8sH5J7bq2pU	9485d97a890d1f5f8c993f56769cceb5447d3ddcd7e8195e630dcbf46a5a5fd5	1951000000	19.51000000
3M5EPKn286CR5oigvcDCgcNUT1qrctzAoQ	949208b875de166bc8108182bad24349d240f6b8324521ef63e74090b1816c46	2000000000	20.00000000
1DggC2rnFQZyjDLKEg6FfNYSHbY26xY6qh	94b076c4d235f55b842246be61d11d0225631ef00c2684de910cb94c2097cdd0	1983860547	19.83860547
1DFiMmyEx1NED8rmc78LQHq1mFfLseaHT7	9507b7b80b5a9ad99b229db679ad44b6e30f29f2393d8f012da2f15fbafaa113	2012373957	20.12373957
148NS8SrBiEWRubvjx8LCjCAMMwX4C78Pp	950a8c5c904c747b8c9634b56676c40f7e4062f29e31345fffc7a248e47a1fa6	2025677975	20.25677975
12SnYBbzoqgdw5fWFVCbHQyZ9QWj1TaCmM	952f55cda87b966f107d2d8adbaa901f611dd31631e8b6ceb73755bc05b1c984	1997940000	19.97940000
1EwkGdRBYYPuCdbyLLn3pKCPKiGjEfwtLW	9538606dadbe35a83948109643fbffb94e0b87c1918703bdcb92c4c2ab111a59	2000000547	20.00000547
383z9cmiKC1Qd5eBp7yyiHx81q8LWpUrBA	95d5950ff81ba80f854c22660358ba6f7e5e57458e0b0f1f69040b7b2f6ae665	2000101094	20.00101094
1KjbdEo1yBLSxDuV5MU4vCHLuHSroBonja	95e1459ea48da380ff279f4fc28942c00e43501cfa2d7d3447bdfe2f7949ac00	2000000547	20.00000547
3QPwMgw51vCsdnwxTdL8rEAuu8kejTXxrk	95f3673364e680b21125e4667e3298faa7188c08b0e74d5661290455c1d079cd	2000001094	20.00001094
1NFTV6g3kSk33677wbkJJ2xsG5SK6HzDg6	95f834efb3b4b0386abbb771f88e53c1d4d7c5c63e4066625123dac77878981a	2000000870	20.00000870
1JmxE51VT18sJWKB8ASrgqgwtFNYdTVvXG	95ff6c0064a767a512d43874925e557b7f0bfc3546bd749acc7ef1dd34ff0a8d	2003000547	20.03000547
1HUtRTVxxfdDvnkyNrP5PfpvXEQfw64p7Y	961c7c09e8b4089a74568277895f36bb427c8ab1212f91ef1f06f0b71d38f8f8	1985834965	19.85834965
1CxGhxJRs1ghk2PfE8Z5hMrnDnMskXrJZf	9683fb0c9c2cc73cc87afb69ca981d6581598e2bed634b37d5a48ff4b0892fab	2000001094	20.00001094
3NGRxHBYaqt2J2CHj4tik8SzozEEJA1FtV	968600d26a980667dc7820f2528f40a17491f1b1096be465f20f9d67dd08bf7d	2000025807	20.00025807
19bqVyNBRVZwDFz7dS1ZV3xopJZB1ExxMT	96b710b84f84adcc2586f4fe1d912f760b408748930f639d8536e8fcd2b5ba68	2000000547	20.00000547
155Mw12Bc289EqK2v3v3mtKQtDF3aYWjKy	96ce5773fe2c74e4126c4468a09e99cf7ad5e67415f3cf324b18df0b5cff9f8b	2000001641	20.00001641
1DcifAUCjWz8FsVeEbGC8YjffDbxYz5fES	96e1b2e48bdf49be6f5c6698a59ab058b18b134a610a3f06c95bf4d70ebc4540	2000000547	20.00000547
1L369gPxCaZZ9miANU4DAA7X9oAGrmthoq	96ff17e12356f2c42f08f8e6ad9a696f49e4499d1d3b77fa7b550b6d25844bf4	2000000547	20.00000547
bc1qu5sv9k5a93w3nacukghxlqpnn06kver4lv2m5x	972d003856ad62191a1a9bca88cda56146f0609a43a434e8fbde08eb2f21419b	1999994178	19.99994178
19BrpWGfZcC6HJKUSgydE5UkFpuskjf1bj	974573cf7a4f4f2535ce1ad50785b2887d2485868673ee13dc7fdd9fad0356e7	1970006300	19.70006300
1GJdWCb91occQmCYGafXAheEddGXXwkBCF	9746e8b94015270a6929a91a809658d02ea58b0d4d3d02e238a5a07216a0be5f	1959980000	19.59980000
15GdGbjbLc85ZTbmbzgh3G3KsTy8bavVVP	9753bce29851bd7451def132e75b50657ebfaff1209b6b4535c2ae77c71a8020	2000870290	20.00870290
14CQXg3BmDMbibX8HMPQYW1QvspfATm1E7	975920c1d6188d55aaa0fe535120a58ccc7212c090cf7e4263b3caeb23b38bde	2019934047	20.19934047
1eHJ1jQrosuSB472ouQ6qsQPd2TcR6KT7	97695e01312391912742c0f59488663aac44ff8780e00104e8b4c813495fdc52	1998100000	19.98100000
1DbdVAx2quNztJg7U7HZRzTS5SheUuRJrK	978cf2e3e9ca3db6efe6dbf6df2d7c7e982ed1cc3f40c3bea229fd57ecfedb7d	2000000548	20.00000548
1W7egVXnhUfrVbba5MMyFGrd1Z8curm3G	9795448835cb2eddcc758acd7447125af2c2690cae9f4a3afc75323be2d4bf46	1999000000	19.99000000
1LT9idbSrBLkXJUSMRT4Hq8dGkBRt6qU6j	97bfb0f78e5c945327355066830cacfca2d64cac953cf7188f12850b82ce04dd	2000000000	20.00000000
17rBAo3suAfzAsAsr7QrpVzEiJUeuSGfE6	97d5dda507d6c2cdfbdeb41403165a5af0071943e6d1dad377b65932f4c2da20	2000000547	20.00000547
3MLnDjPPBst2ZGP7UZmgkDb6S4pvyQzEGZ	98086ee8f3a78ec537aac540046c306a09a2fa4558a8313fbb2577b8e03733c2	2000000547	20.00000547
1M3Yk9aBe7eCbnMQArN9ucUgz4LsQusRJN	981a629da1e02f37b7191c49f21a7462cee0ba48561b305094f8782fc144ea2d	2000050974	20.00050974
1Lf3J27cEHyKyTJKU67b7MSX9J4c8pdARk	983c17e052c9263de642d276436de054f231a98ea669da8bea66d97e4c6deb6a	2000000000	20.00000000
1B58jTbJTqUGWEr4XootzsmHhQoXa4V79W	98578684e6409c002e5754bc7f9b3b7c8c51fbf67a6924ca3cc2a0cd8876e355	2000002347	20.00002347
1B6ngVuK3CEJLYTjbxWCRS8F6gks9FgdDe	987f1065c3c2d9b83f1b2b54e7218d38e40fd0a711e6928f7df93ae2b392d7f4	2047501094	20.47501094
1AC7Nc8hLXgMcTdQjqvSzYbeV8EqoYm21G	98d8a8c194aaee7db8b720d27c500711a20d64f00a727ccadf32f14699edce57	1999001147	19.99001147
1GJFV559pZtddup5LRMTMFTXP7LgqnpEhb	98db477c71d8caa955ec6d52ca6faf33e82523da3fbaeeee092ceeec585e09ad	2000000547	20.00000547
1Mnd7HJfxbEqPzHWisTDE9wU8hDVBzNLEP	98e0bd636fdd1d2f54693816c511f1e3306ddcf94b3bc054b76fd6da2f0f1e6b	2000002735	20.00002735
1FCkakfp5yu4aYqcwHDJ6opesiaiGDStYN	9932c0d57b35e37a0d7a4fce504a77eca0e04969b93464db06381e2148deacf6	1970000000	19.70000000
3N3L4z65brW47dn1mPwbTWXnZE3WmtbnDT	9932e765d9b1245a66d4d168a7526925fe5cecaeaaa2cc494b79096548a97514	2000001094	20.00001094
17Sx9GFzBox66DcmBV9jEbhcgcxqcEZyWo	9950b1d503d60bd1f1035c79ca6d958efbe933d4d4279068c757cd79ac8847ea	2000001094	20.00001094
19x7gATydBkjHHjAMUVsajriYCDJjgMQVP	995e4d9a2301b75dd9ea5b8e5372792c16d440f47181c8ced57a45b8805f8b25	1999950000	19.99950000
1DDwwWCFo938rQiLzWr4CGQdkVko89W5SX	998b08d8557919988e1989f2bbfb36c925fe55da949d2cdfd6c2110ff53a8741	2020000000	20.20000000
3778APreeaB7QC3EorGWTNySaPYeWRAyxR	99977b458c1623812aa8ac046aacdfd850180a58a8dd0357781eb4b8a811c015	2029101950	20.29101950
356xzqxJupGENWfx7VPuYqgrAgTa2UJEvt	99a93e67bca0e2d4d5ee1d45a4c99042433ca96bf4ed9837b1907faeb1c1c7b7	2018594508	20.18594508
1LXBdXBYazJUS7jYQCjn8q6WqWK6USd2UX	99ccce748e96ced696760a7c6574f0352856aabe7fe5cd14d27b02e89a5e583a	1976788100	19.76788100
16mieQqGQMwHAXqaWs4EwFSpejrEbUeVkC	9a1045de7035be3bef721fe7b236663cd241e51666f4c96d85acce5a07dc52bf	2000001641	20.00001641
1EpvBrMUSw6FfGhThqYfUqhacPhNqdnL8n	9a58bd2f72e60272e450b19f2655933681f0c481b47873a64c3da67522fd64c7	2000001094	20.00001094
3BcdSEQUk9AXbwpRSZpGgVqyQSdHF8vjQx	9ac705958b9473d36260f675771a78a53043a10cfa50b551db172d0f0f7f559e	2040816381	20.40816381
1Kzm6hb577o6uVDskm3U6PRLcCqyBgTGY8	9ada0c32729bfc74b858c13d3c8235bd99d01e00eda650e1e9422a06542d43c5	2000000547	20.00000547
1LzrQdCKYBUtRrnLVLLsmeuq1gz5xpzzYD	9aff8aefbe997ceb9eacc367adf34e24ae85078f9d9f5d2fdb37d76cdf1f89c6	2000000000	20.00000000
1AkSGB4EZAmbEyQSXN99enreEseR94km2c	9b113eaf24582199640e48068d4e8f9d0dc205277db596b016c3324c55287a47	2000001094	20.00001094
13YnANAyqCf4vx49NHjSZuHmnyn8647Kww	9b320f792aeac1e161d0a9a2b6933d4b127de9b5b125bb69549a6e1a7aad88b5	2000000547	20.00000547
36HcN8Es5ZxbGuoYoWoEMX77Liu89LTJmG	9b47ba658253fdeeb0d7d0ed6e764de7b32ade2cecbbe7320e4c72ba18183b2c	2000000000	20.00000000
1Q3cbt6wAcbF6WcWhG2kyDFqJWafFqdK3u	9b4a9b015c31065ad04b46a39f54179941252c1e3cb4a09e288869e95f72cee9	2030174821	20.30174821
1H5HpoPk3XV49iY5s1WZBukQHDwbDnYaiz	9b6a855fab477451e25840d6a97eac5769d58025710ce4c633ca5f47bb0ff6b1	2000000547	20.00000547
1KDHUkRzWH892qhUP3gEguvZF4UKDxYCfV	9b81ee0638156027dbecb6b525c601782c7973da2b0b39842b9a45e5be1175c5	2000000000	20.00000000
17pr57U4KuxgnUNZwgT632S7ukyiDJH9G5	9b8684ec11eb072999b64be644231c09134268b344263f77de527cf2bb62a627	1961583900	19.61583900
bc1qn3h02j0twkanxs4542tvxuwd2xsp6gak62l8u8	9b8b0d961e2076a95a406ff5df392284202f1e4bc162cc2fd4e3396e7e849150	2035001094	20.35001094
1FWQrK4ebZvB3GNkCUZA7NJi5qR14hzrbf	9b8c80a35295bd0119e96e666d4dc42dd19f369388c038b3541e8a55f220395a	1984121354	19.84121354
3Len3nX6m76NcHULy7kEWuGJkwyxjTRtcT	9b8d49aa7b8a8225d0b1ba7c9d6ecdb3723ad87f243925708c74817375040c3d	2000001094	20.00001094
1FSGTsy62oWzdwYEN9JsYw4i5oJ7YzmTpC	9bb2e2155a7b582828e480d6db902086f0c1e46d05ec88198fb657ea2fb4890e	1962017238	19.62017238
12PZL5n15kafxfXZRTNXmFbqsmhmnYrimw	9bb5edcb26ab550c215b3290743e23e3f3f1bfb38ac89fe669b8bec8eabb8668	2000002894	20.00002894
18Qhq2tguopzui9wfDyJv9oAZQhQi2E1YR	9bc0d7378ac8a63b75ae42d439e4cf882af74db0987cc5a65e5b9c053dac5e32	1986482710	19.86482710
bc1qjnfw8wfj6tw6t4walwzk7t3a9tdpm8506asudh	9bccd423a7c805c20e468438df7503102d6bcd656bb585eff93c8c3bc6b6ea51	2000000547	20.00000547
1DcZ5ZBEE12MN26roHWkNqrpX2RfR9rR96	9bce35ab6d8e3113a85821082e490dd9b8492f6b0fac2943a9c4a5d4f14648e3	1974909565	19.74909565
3L6rmZj7xJKJHjcyDeCUDsyqa7nQtjNYyr	9be7c6ae91fbdeb17b0b8a92d588127bba415e01a0174665e2a457d4581c961b	2000001094	20.00001094
3K4UKeMZMSgSr4vdZKAazvQ6ExuW46J69v	9c07ffbbae290b3dae2d9ab344f95a4b1692b5de03b804de9fd1353194141914	1952849148	19.52849148
112cyv8zoxbi4d7zuavo5FTstKvhKZNTVr	9c128a0591bd7ae595d99f4b2cb52e61cd37071dcedcb85654333758023673eb	2000320601	20.00320601
1PU1NnhCMhF3ZdD4PW8fXnBCABfBe23jDp	9c1b023eb203d10a3810b49cb55cd8b3647e2dafd471be9f6c8683209afa652f	2000001094	20.00001094
168F8dckWDrBtV6NA3YynMJHz5HLpcFhEt	9c27f81c5a831fbfc0b86fa710a6022c3697bd7f7f746d08bc5f78457563409d	2000002189	20.00002189
155GxJLHvZVPcKfxtExUpNu7Yc74U6W219	9c3404493e9a176a0d30f5b3b7d44d774d40cb80bb38e810890fccf0286c044f	1953726906	19.53726906
34RL3jJDDsTXdWGdGEhiKRwk3QABpsdbbC	9c72f9d597362b87011afb335297b98b1b8587b64ee7d4f39c523515fded2b68	1983745811	19.83745811
16JVhLFw2KqCy6eD5moWaYMHY6tbHvkABZ	9c96a0b44e246d94d2bc0a83bcd67af71cdbabc452a9dec65bd924388178e081	2000001641	20.00001641
3AjwukvHJisSiH7gKYMtYtpUMWbQcZKFVH	9cb4296dfcb1133b9f3b2c0d33359964f138a7ed805166ba3ca7869f214cc896	2001069819	20.01069819
35mUX58xNWDNTnjGxCkUq7iGrLJQyngibD	9cc833269d6264d9ae05c05bd84de812d6693dd776321e280e1239f9f173a14b	1991539417	19.91539417
1LUmy6TsVXnYMWS6Djkc1WYMLUGQdBKmwo	9cf90f3631b5e5b48726501260dd73df2c18225292cc46f07ea8fbad9d57fe17	1999600000	19.99600000
bc1qtke78kwz5knl52qw8yzmlzwg0azfus3ectt6u2	9d0c01be7b5d132032d95ca4b9719ec0445a34e9b18d7876c5823b0ab861ed45	1998997340	19.98997340
1PiVwSZXA6xgGAitTPr1xBAqjMm6hwcn2B	9d6be40994a8c6cb19b877678e8a496f5184a64ad8db58995b6e98a798c4827b	2000001094	20.00001094
16QKFb37JVK9L7PWis4YmbW2781vy3TL59	9d93ae00eaeb9929ac3bebb14750fd9f1b0a5b3b4112c7955ddfe99e03a694bd	1993000000	19.93000000
1BkvGfCYUQRxbAr9WKVVndSPR5u3jYeY6u	9daaf7e8607cab91bc1acdc34f1519f2e1d7ecaf174e539f14a8df13c78dc761	1950000001	19.50000001
1Cy2htzkw1MfF4Rqi7wmXmCa7BbvHEPVUH	9db37e413628518dae7cd6fa047c6b473d9b8b1da8355a7217f3d2c434b8c187	2000001094	20.00001094
1E5umgZYg3VpBKyjHAqzoXPwtFDMN9uSm5	9dbb7c4aebe23515edb402455d96d0523335d6239015588850584af0907466b8	2029093809	20.29093809
32paCzSoyhnuLUPSTYuZvpERFGFAip2Xhw	9ddbfd37f196fb05d96ddb37c6e7ac85e56b1db63f245d362e17a6c069bb942d	2020000000	20.20000000
1DoH5jrxVryGUpJ8GPJ8DK8QRHBxhaW8TA	9dedc82ece7408506b19d0d20c69e3f4a8fa527954cfa57c5132a669c8a60f10	2000116565	20.00116565
37pcJ63ULnBKtLxjeBHEmCW9yYcdsoVNq2	9e12391500670e2225134d1f0d5268cce183f9b8f01a54f83d90e38e6725b315	2000000600	20.00000600
bc1qfgla7y2frlm59vv9rf8g9gcppl6fmd028un7pq	9e1fc2fca4582212d62f9cd44cabb5c45eb867911dd0d075c3c0818af08a31f1	2028711491	20.28711491
1981vdBqvYAttQzHe1fYAgSATppr2E6FKr	9e5c2f9e8b8dd15ac4a6f5eba56f3e5f9d2a0afb03c3b915bec3331a473fc464	2001724186	20.01724186
32crjhXC6RQoNgAMQNVNJq9FRyr367qGam	9e8313d4434f842ea4e11703e772839f3bdef707f20121586500afab99d2c445	2000000547	20.00000547
1d7XaYni4EHHvGy4sj2j2nBtRR4QCebxg	9ec1e2b428c0a9af3fad1eee95fc41f51cf8c57b3dbc04a87eca58f1eaa483ba	2000002188	20.00002188
35EDKSGzUL9QkFBEXDrF5R2tRkZMpZyUQM	9edb1d20d9ae5ea75036fc3ac215884c14c11b832aa6e95f31886b9865141ec4	2004518446	20.04518446
1HhdhCHB6FX97NhEHrGfYQnUK4dZiiPQdU	9ee85add965a52b9fd2ac6409e9e8559b626777ffa83eefab04afd6be824aa8f	2000000547	20.00000547
16GUAqPT4KC7e9DQbNBdoHtga8UPcFvEVg	9ee953045cb0b9f516c456e06ff76285db17d30c5e0a8164d9d4a4937ad973b5	1984162996	19.84162996
3EwpV3hZGBbfuwcUbwoMArhc8Bx81KCevL	9ef24ab403a9e25fbeb707b9fb92817d58032afa17d0e673ea43c6119f4e9204	1997850000	19.97850000
12Lq5F8XagDS2LZ45ZEnTo7Pi9YdRvdoE9	9ef9720927503b9b70dedbe036f0ba34261f6365142927095684a2876921107b	2000001094	20.00001094
bc1q6835lqe6mnq22yrtfteqchfsdva0qzvrs3pf7m	9f1493b488795d038cdce500d1d75279c12381d31964026be51329d61f25a5d7	2000000000	20.00000000
1BMgVRqZdTM6xybZdLUwbmnei1z8Fvd5g4	9f4cf0fe0a4fedea0f7425d999a02c8f18550bca513461281b30c6a0feee224b	2000001094	20.00001094
12prJCjUqDg8bdi9Fasv6JXqDon3tc28zT	9f51698b369d8990bea320037aab586b65ebe4e8589781593d81621bdee79ced	2016849808	20.16849808
1KorgtRjtWmpFu5VJUZdmPAnN6NW4ajPV1	9f5f60527145499eaae04760295de137250a9fd1e5ab309964b13db6136e9706	1959124310	19.59124310
1FXjjRLfXJVmP9dzeXK8rsGdqLMCcuUUjV	9faf364a794f307ce1abcfdb229fc85cea731788e699c9da09955e277c1bb7c7	2000011094	20.00011094
17UffwxYqydevthHP4HLGHr84UfnQYdHsM	9fee448b265f1f08046cd50d90a830b3ea2cc1f7f96bc72dd705a65ae56915bf	1986794000	19.86794000
1AyrAyVdV5kMFaPqCBrKb428bUz34cq8rz	9ffd72a10be36b49654b8c0f48d6ee9817199b67d87c49305eed43eda54bb1f7	1985000547	19.85000547
3EPqFkSEcRMD45VZezefZPHsqErAfqXbGH	a0060fc2276a60fdaa07d74e3be93a9b76ac3050c87e9b313a58507a99490fe4	2000508320	20.00508320
1PnnTVCYkGxTXAt8hGeu4fuxAppaReFVQ6	a006f435b1c9064c776529ba0686279710fdab91032a189b7f0c9c4425637531	2000001094	20.00001094
1J2uxokZ87SHAArdnBD3iSvWW9zUmz888o	a00883c5f887258cb3730746815b6d2f2698402f29e6e96551424890782db895	2000000547	20.00000547
33V9UqMdhG1ZTMRCoKWdusKQwH5HCu4ECv	a00901856fec0ae056f8df5ff660224b33a89ac4b2ea7503db0c794b7d4928e1	1975600000	19.75600000
1CxDtwy7SAYHu7RJr5MFFUwtn8VEotTj8P	a02c425ee8c509a3c9c5e770efad8d65d7332db62367c62e95ddcca44937d7df	2013303684	20.13303684
14fMjD54fvejXEixZZfhLDNGJoJi3uLKTM	a03ab728df208b1e83f1d39e23231ec30bb494317c062f1296d099dd7e7a0ec8	2000001094	20.00001094
1DyAEPfBznuNzfQbyKGRNT2jfLhLNbwxCd	a047a4e904908ec28be4bff6df59c270a92b5ca111d18a8e9f7159765d2d320e	1999788650	19.99788650
18rEVoPLbCwFbZSL1RtWjgd94gDV415D2X	a050c425e78b1e3673f821c7cf8678a57579434297217ad69c56376daf8813b6	2020000000	20.20000000
3KUqsSuJhJG3S8kzFroiATdSmRdSXkrpab	a0625812cd972e02825abfd3b70a08ae07623a9ef28746c97535819590fa1bda	1968939826	19.68939826
141RGUUr33qwYirWpdm6HsysEHBXKrrjPu	a0666b95c36d729854f33a9886ce8d68486ff827e1010ec5dc300b425ce7c4cd	1999965472	19.99965472
12ZydPkYJXheS4rL9MrVzY5GzZKbxoSLRq	a0671d8e1cf019386e7a37164a99ba56e5865978b2331163621fac3dc005a53c	2000001094	20.00001094
bc1qv3egcvu5hcuneqzdefz9qf86drh7c7zxu48sxq	a0799e9a8c501c0df35e7f122ca3f3b3906e3f3a24eee6992a4c61acbb84a1e7	1999996906	19.99996906
1FoWXAnfY8Tyt2fVPerWNTBufsCRGggS4k	a0bd887e13b82f66fd27d7bb1fc89e58cae7b0a678a22f57e2cd9d75daf89cef	2000000547	20.00000547
17oiWR152Q3nqEi8RfTZqxdFJw2RpH7Lhb	a0ee89bed0ec3d509a04e693eb581fac50eb97521dd3907f261c8941d10c350b	1999715180	19.99715180
39oprTDqeqKFrC8MEs8NspuW2y9pafpyB5	a0f2fbc81c6060301b6d65f0a0fceee4a4f4a600b969454cf62b702bbc601879	2000001094	20.00001094
113DWxWF5LGXxCWongAZbZKLYe26YQx419	a1068c7183f7a0ebe6f78864a6b76d0ab171b9b86c314097024e487519d8bc58	2000001094	20.00001094
113FjLyjZ7bFfCdZMmRcWyTYnpcBZSW41L	a11c66a9740fe0209c0400fc2d540270c9ee781d78af7a4d1f227f802b674312	2000001094	20.00001094
33k9wCXzjwVdfjrNtnu7R8CSKDvVSxkqss	a15c811beab3aec947650c041fdf16ea62a2004a1f2bd80907951062bfdea439	2000000547	20.00000547
bc1qvavtvay37dxuguax4f2w72pkendjx7qf2yuvdg	a1723aa701eb0b43d9508243afbe7087891a51401497f27895c2bd022af04b79	2000000547	20.00000547
3EgZz7sEFf2cRfKzPu4HB7x9uAgDBzXVPe	a17f241488d7b2528e79df47801aeb1cd45493b1abb8b53854e1800f362d37c3	2009959761	20.09959761
1FuJLX28z5FtS98o8iJUAVVEeBRnxf4off	a1a6630e55b9ab94a613d2f80f542e9a5e6958793a9fc07670d8800c176dca60	2000000000	20.00000000
3N9BVRits9r4SMXWuHWZvMUPZtmvu1N9TJ	a1b8f24606f71ab8e6642d756f80321e0f3bfeb2b656a2ff352817ffe6a852b9	2025680000	20.25680000
1Abx2vKY6Y5TFRJRc4D1xS33ReDQZ64Gu5	a1bb9cee62099f55273c6ff50764ef87cd9d67a82115be1bc0e45febdcfd38c6	2000001094	20.00001094
34hdfFC8nY7ct1HcvYTYjXXLjAabge5iPY	a214a0c56803842049d6a0237b3a35b951ff658f21bb0acc9dfb27e56b2ab490	2029484070	20.29484070
1NmrkXwuP4U4sK5DRzHCHnsrQjmuaWQVsm	a22eceb24eabe9463ef54befa03f471b17eb7d30b86f7e3ac354c823f4d1ee7d	2017001094	20.17001094
1EYcghLY8t4ap6b6Mw2xaWBocKZnff4SLc	a235fb5d5818fb0917c26dac2ace3cd0a70b20ef28001957e0645db29c8e60cd	2000000547	20.00000547
3LWmWCAfgPCUU6Ve9ZLtCV8Naz6yZdXjmm	a2837f4773ae9c574bdafb20e20637ee40c4d989b19bf11b4fd43cfd03752292	2000001094	20.00001094
143zxZxGGN5EEpApUZdSrcek99uPcg4V8Y	a28ccd7fdcb0f7d2a81f649f9649006387573452af3ef6010923c02b1add6abf	2008001096	20.08001096
18emy4UG2jxXms6fxGrg8q4Hyk9ziUJRHr	a2a6a2427c7e82811aaeb5f604d9af48973cd1daab3516c22b9fba84c471b795	2037701094	20.37701094
3KP4wPKqCW33vKUHLxaVcNhoYFtsRCEjPZ	a2e02c206ffcd5ca8c9f27706254415c5ee600a93e9a2825f4542c884e2c3818	2000001094	20.00001094
1PNsPxC9eCCj5wWWWfz5eBbNzDmqm6Sjsr	a3460f634d75151bb8a42ac87f29baaf42e1fa6195bd27dbaf8faac30288cb29	2000000958	20.00000958
1Du1s9ikwHpEA21rFsByAf5rXEztaJ7o2N	a36658b0321ba5642995327acdd881896599a1500031daf1e109b50edc2eafd2	1999893800	19.99893800
14oSsAasbBkC3RW4L3VAGPw2eq7ZxKh7nt	a38bcb2076a4825e5e1dbe449f3cc2817e1fb2c9e1cb3dbcc0d630092289518d	1999000000	19.99000000
1B3bWorSUnvAYYFxdHhLoYfts3M5DmUhWf	a391a37d60331acf8fa81426460f28c27ed9c06169a2d8809aca900772e43aef	2000000608	20.00000608
3MWQUtznpDcAqYpTLZiCRfrVQG6uRWH552	a3a2ffa387f250d666c08e105f9c47e7090b256eed4de021749cdeffda345468	2000000000	20.00000000
1HkA9yMbeRUXQEdhcuhrbAHojAAw68zAti	a3caa6250b703968ab46007773a4867359b4655e8192d70ce9be307d2f44776b	2000000547	20.00000547
1F3Xu4yfnJ1ELxMv9kbk1K5MjU6ATaVoTU	a44d9bbcabc52de74e8a568c5e155369409290fb7fcf1b5a585ac6ca596cc8c9	2009285944	20.09285944
1DT7G98zprUbt8gRgLz3UZgKzWt2bhqpgt	a45e0709c9608e6a4e2fb2404c75b7f70c2167aecfceff1a139a408ab12a9443	2000001094	20.00001094
bc1qs63xq6u8l64kgte9vfgc06cuvumw7nxaxlrwct	a46a453cc28ba21d2efd50ab9d6d1bcd5cef2bc96b296215d05f38127e7d6b32	2009999351	20.09999351
3QQ856wCx71aeQmeggypcchNetPnsB5Vo7	a4ce82d4d399d7dc56e841373aecc7fb8a21ede573af19efccbb82a2e363ad28	2020217910	20.20217910
1EYGxpSGUSSpDMo9i6KhetbxwjvvkDCqSG	a4dba72ac04cf4c0a2aacb3bf28a3866dc9fe4a1860f51a1f9ee10607f46ac7b	2000000000	20.00000000
bc1q27p4vhm0l0x4tht4zva465uqhfftv42ngf0sl7	a4e1f17e76a4035285f4a227ca43522a64c8c93d3552ce3e699c56e4a967bf1a	2035843221	20.35843221
1PkoLW18F6yGncffpBpRGTfaEE5QkAV44c	a50e48416c28236715f6955994c0d6bf89d3497d01ce6992cbec89fbbb0c6f19	2000001094	20.00001094
1Dsuy7wwYeow6Ftzsqthvq12a7ieSSDBHg	a533e357d404ea861d5502178877190153c4aae1e1254604f24e1fb97e527054	2000001094	20.00001094
3Dw7AchciEDStek8KzZLXHRc4aMGnTzaar	a5719eabceb4068f9bf430934d0cb9913689c0551ba138c4f6c625edfbf78d91	1999900000	19.99900000
1LGtdj2WRHMzSCuruQw2G7ehxRjy5TJJBx	a57ce751a40d698bb8b81a03baaeb84bbfbab481647aaabc12afc51421445548	2000000000	20.00000000
bc1qta8hqqv25l85u0wryv5k5le5kpvma6ns4gd9gx	a5f218ae981b9cb1c279ddd6ea17accc196e2e5719d46238cf3f89d79db29408	1980000547	19.80000547
1AyFk2SSo1sTL93wauiMHsweCdzNFdRSaG	a62b3c88cea9b19f0d4dbb3653443f3954add3e0bd82855db50b353c3b29d313	2000001094	20.00001094
1h6tSi7H1wgCP3ogBKPxESwejaxjBG7Tq	a6c20e303b80cb9cf45c402fed5c11ffe9ad6ed450a609f5ac422fca57636a5e	2000000547	20.00000547
14UA4HdwWEkpG1PRfiedKNvMcxx4udcZKi	a70aa2245a012db22b71600617232bf0dac7659710179094c758c663af727f5b	2001995945	20.01995945
1EcvDtNsc228w2RmbpN4q8mEFG74wVbUGS	a74c430e38a109e826eb4fa873df3537a4f42e11b8748f20c2cdc67fe4871aa8	1999933382	19.99933382
1GMzAdjucnBi3ZFmfAh9uE1bvGUzWJwcPm	a75283cc987af326a3d82c5d6e3f59fa9c0e5da8481ce38ff71301d242a38af5	2005488705	20.05488705
15yGYEFrZimTtveUBtdRCdZDunLnkHS7Zo	a7548b5e3ba4189e45638ee815da0550c7f082c8f701b16b4e1566a7ad78a636	2000001641	20.00001641
1JwPNxmx7XxgY6ddQmfKGZTK9PUmyYMfAM	a76dda5c5232f3769d5699146957c958f201a5be7d960dea9d9f9e8710086cd0	2000001094	20.00001094
17m4mkEMsjcJXuEVAN2VdqLAFFqF6tPGFX	a7787f9fa65ae01c3ad46145636a74d222f66659564524b96e003347eddfc411	2000000547	20.00000547
12unbkbi7m3n6GqWjjRgVw8reZT2EU6CPN	a77bcf386de2e864b5ae52f5d50932bfdd83387de6fad7878057c02f994beff5	2000001094	20.00001094
1A7KTPmETsREsWsmHrdvEQgrTWv2mcUm1n	a7887edcce1bf74ea52d13d4cc351142e867f274fd3fc968e499aade1f2ddf7d	1999100842	19.99100842
1CKgvop9GVMmz8hLCV8XM31JQSfxvRsBca	a793032e41dd7f789b84d42e7ebd7100c7e88ef7fe91f7e7bb5fc987990a3c17	2005481094	20.05481094
34yni7xQPZzebCnSE9pUPsnLRy7L8nkFQK	a79b518611db8d5e92e49b7a6da7ec3ecfa19822a11887a9c5c58c36ccd6469f	1999975543	19.99975543
bc1qp8mtkrvkqucnazjnznytrja9zwsrpdnaucetrx	a7f8a8732de915deaa36905c9f8fc6faf1c184bdaa070b7ddbe8a775c2af94d7	2000528854	20.00528854
19mH2FDnmW6xMgJwh4bRcZe8uYVWT1Ayfk	a8187c1e20adc166c150f6ecd16940f4770e5af546975620ae024d40a16466c8	2000100547	20.00100547
138brzb1ytZroXtT5frykxLMXeGDZWGRwh	a8392b7e628c44db15ef9424a90d66eb00da6a79ac79026dd0f5393ef254a0a6	2000100547	20.00100547
1M2WdpMMVBGuEquuL4C68sHQYS3cBFKdSc	a83e26395a8647a4a0cba2d8fa39dc58f8ca8e7454aa7c0656a8d628a40a61d4	1999990000	19.99990000
37MqkdyrUVkNXQWVpozcA2T1AhuDKaSkX1	a84448d565b0ff23f4663debf8e1c8a2f091a343da89258e4a9bd0faae3b8df5	2000000000	20.00000000
16pyFyFjS6df3wrEb8wVxvDcjM9WJCcwwG	a877aee9be2109aaa7ed4807d20169136d1c6de9e34c782002352888b8c339a1	1958010892	19.58010892
1B16SC4YhBYku3HPXjzS5EwKVNRmEhbcjp	a880cecd741bc4a2e41c3e69355ab5ccd15dcc87346a7688a3bc66f733dca873	2000001094	20.00001094
3Q4QeLhipjLz7NiniCgM7vFGZyPiRCTTgc	a88ec820856fbf7ab58a9d5a6d14b3060fdd14161f43451478a3f0f6a26ebf98	2000001094	20.00001094
3KLzFZRwYVGTYVaRjiiJBbLikYm5jLa63J	a8c3e47e804e918a7d51bb0407c0ac8166b94b120370076502b839e490bf0bdb	1998993244	19.98993244
1ArJzv9hbp9fXw7yCHkdE2gZ1waqHsTNEb	a8c70d314cafdad68a5e77770c71c5f3d719bfcfcb8676563b5ce6fc2b016982	2010503945	20.10503945
1Jo5bPb24rB9Lr7MxZggAktDkYMKJDi4qt	a8d169f159b26efc06c08f9344ebf9dcb63a0a5ff5fcc90cbe6d24af0b23cb9e	1999994409	19.99994409
1JqxgDECLNBMydS4hQ55wH8K5qkovw4vnZ	a8f529d5f79296bc3c0e7081ad96e23d35e60f5d122aaf559272916fb914fd54	2043801094	20.43801094
bc1qmt9thn6wv2a0sgp7kr9j24ts5ppfmvff3d2egz	a943cacbe82b0b31ec9dd7e0e96145280799e393fa5710c6b572ff96f4b2ac36	2000000547	20.00000547
3C9G4wKTuS3PhUCnvmbx7KZVXPCgxKe8gK	a94b7d8cf42a2f81e732bb6667ced8d62c7ab2a9992cc572a9faf573d1df60f9	1999900000	19.99900000
3E8svDc3ZJ2jYhYKrx3vasr2b3BQW8sDxV	a95c0b4e288f1a35b8c2a9ec6fd1cf2154a4a9d59a00fc16c85de61244376c39	2000000000	20.00000000
18DW9tp562H2oBfQkgFAeAzQr3T8juUBfZ	a95ce23a769711e3e746998f536989b6b803526c6e808ae1b3c7797fdbc2e4d5	1999980920	19.99980920
bc1q3kwnxftesajspm00jac8x5wvhe0wkykcnzs5dn	a97e059c151f153b50f094a2839e6ced7fd613a95f1b5b8a0af65d20ba6a1cca	2000000547	20.00000547
1NtvqM87K4TsAK6ejr8JY3FJA9NQJGWWD4	a9898c6f9b2309d87ad9629cf2b238cf5d27e07140d71e7caa82365676c54e95	1966428346	19.66428346
15eu9DMegiis9BB24AefA7W9QPHuYLNwaR	a98dd8468459c140e8c7cb2fb908ab14ddd8cc6b2ac222dbcd5efd5db674beb2	2003000547	20.03000547
bc1q7sucupxrjwq6lkyaxypxnumnxhalx9ljnctzjr	a991f9a7a20bfc9e963e64cd3762c52d632cb336c441d70395a622e9d7e31369	2044424601	20.44424601
1BQVFvZ6emgJwzSGr24ZEq7xFMKHEHpJPM	a99f060d45062d8777fde5d8a5630167c27c7d4d09138b72e21a34bf42ea815a	2000373848	20.00373848
35nyyjWxqS6NmZU2u2GmAuqHRiAwCTaP91	a9b2b006ee11d4f3e5305fb4987bd7cc41c7952be78d59f2e5076f924a1dae5c	2000000000	20.00000000
17GWbjYR8FtQRkw5mYrEmaHkp8qfkB2f9S	aa1e16320bc1a55ac8647937e6dd97c0988ceb39d8b84103a464d4322e7df09c	1962043500	19.62043500
1Jtg9nCPDt1vtqHtVuojx49658bB9Jp3Ci	aa72853e81d6e38cf9eef1bdfbb3d482f1d0d800ecaac907be37665474c0959c	2000001094	20.00001094
1GMJEfLDzAoWH41HRhgDCZTCLTfK3WvibE	aa7c93d6348b2f6bcf36af8d5337f4cc35973f749751362d89f3e8a8327ebabf	1999896028	19.99896028
39Rw5qWHx4ujeC5tAEneiVPqrmATvDXhkx	aaaf6df1520e4dcfbb8f978ee76f0da960b4a10bc96f04df3b90c4a6f7fcb3f7	2033570240	20.33570240
13iMDMFC9jobhmy9o4PLHAwvB5j2pcMzDc	aacf74585a72c1d9b7e8385be774f96fdb99fa56c83e6084313554d840e84a5b	2000001094	20.00001094
1GkW4MbrL2mX6Kajmq4nW89DMvTUyrV6QX	aad0c1da71f185bfd31a4f01f43b9c06b5fd4dcb099e78065e794bb179e498af	1989312400	19.89312400
3MQ2yiymywzpHsv3DNnYcJwq4s7LxQvodX	aae639e9ca11d588339db6c114774fed9d65846cc577ce59cb2ebff7cc35e5fa	2000001094	20.00001094
1433Zvj32h3gPz2L2XCMMc9E9WKrW7XD6K	aae88b2f1b0c7a01dc9214b35cd5500604d575a84ce61f42e22e778fe928b689	2001522502	20.01522502
bc1q582v2fp8tpnr9vrnulgl2n34r7ka376qwx95mq	ab288a08785cda78b552c41b7ef70a0e674fe481d201c9d673a262c1e7860035	1971229658	19.71229658
1PM1tauDrYukAGBBXSEaDd55BHPVL2MpZi	ab2acfecb73615dd44a04a3e8a67e9e281eb32bc1c758617004c1057cdbdd194	2000000000	20.00000000
15QEWa3ULHnb5iEYQUP3Q9AWf1fjphPyUt	ab36e5cdb9376f05f939f33124d134aaa7b2bfc393cf1c0bc10c19b8f4c73f85	2002391094	20.02391094
17AnQzsAsCq2jR713oQYDng7bPHmwSmZKg	ab3c6a0fc3ed9fa4b0662a107ab33a87fab146a649f835c202b203c0c3dd087e	2022191507	20.22191507
3PDWHTQsGfDhMqkY6eNxcv4imVoEPfontZ	ab4407e368d8bf88e4d7cc9084c475bac36910a5374a357d9bc8934dcbcdf6a1	1972449953	19.72449953
14w1DvaQ3KqGMZLu2cRTVbfbMgVGJ7RkQs	ab58221a262dbe99017d10b2cfdd49ba26a7af36de53b0a2d3100912b4dc17ab	2018115773	20.18115773
1Bgj1uiiuPwYY5wwAmknNcBwFU78xSH2D4	ab7c41114387ef154ad1eddf058db98e5b9a905beaa4c69f615c971445a6ab2d	1954912212	19.54912212
3HVGMg7z3iMyiRi8T7XcRwhaBHEj451Q84	abb93be43821c27f35d4d57814817940904ecb36206746567aa0636e37f3b805	2000000000	20.00000000
3DNevgBpSYFNsMF4LJhBTeYi2FXiNKYAvc	ac37e2b83a5d85469a91189a4ee6b3f7f141c4ada477530924f8fa1cd02cfaff	2000000000	20.00000000
1D5DpDGauQWuhHSHAUvRs4WaEgVFFAhMVV	ac41447388cb90c741d6ceef42869a0c8877624688a5c339423d4b3b3f003986	2000002188	20.00002188
1HRfCk1vZdwugRc72VURnrKQFdV9WKHS6V	ac4bd4f8d27e834fdef73af17c99bfac1bc3cdd60c0ecd36519b505beadf75fb	2000003988	20.00003988
19r8HwmFAgJMeMxUmJvi4KqQJL36i9mXYQ	ac6046ca21e4f97ac8c07a92f61990ac0e162c98495a8c8237517c5b767fee9c	2000001094	20.00001094
1MSKePSbX26L3yH4GhtMRLihPR6warpr2z	ac683aafd03ef7444dfbefa79993208465bf11f598ecc6130cf4af3d902a6f8a	2000001094	20.00001094
18b1nWP5LTDA2eXs5kQ32kMhY8323fYdVy	ac6896e0b222de04737550ac5e03a63742b389085422dbb48f472a2360abd647	2000001094	20.00001094
3MVnc8WfZAJs8YXcfG5jiJGfZd7ZT5EXJc	ac8040210f59c0f7afe3762e95310b2630afa80139ff72a36ce3f9b9ccd25418	2000001094	20.00001094
1BMoJCnuq5zz4FagXxXuTJjshFutnUPe82	ac81bea748fd30df082bf5af26a242915ac638c25e0d207fee6488ca7317ef74	2000001094	20.00001094
1k3VEQtQgSyX5jFQaGvuoNuUkNRXrMW2o	ac87f31be9333a085b32434bc7ea80cb487ec013352d2e4c8947242c38c9d343	2000000547	20.00000547
1HmyEAPsJKWb4YxGtVoV2oR1g1TUrTg18v	aca398a9b3093a05de0d7769a58cb64083a338da86d0868371454dc700eaf37d	2000000000	20.00000000
152Uog3SBBaerRM4zJ8UL3Cz1ctJPURc3E	acadc953357545f8453de690746de0da634ff56cb67e1ea7acd41099d04cd4f5	2000002188	20.00002188
1Dpmn7edyuKz6eqaQXPuKrVNiJ72YXqRvX	acb8b1e5aa9d9d7c90f415598b42797f623533d3702262e7754839a04a76464b	1963770000	19.63770000
bc1qay9g05q35hr3a5zemawrgakl7ksqdlzryxagve	acc9284300c328c530be4f30e69b5a221d4cfb01d8b84162f5b07ea05c3506cc	1987652736	19.87652736
3H5MUHrArb2CHKLSSubXNdLHxQQjcDizmW	acd05e5db9b3fa570138e621dd7f7a960f9819fab96bc16390181761cda541e9	1998694816	19.98694816
14nkoVQ28GRGG14CkzPNtUdAdpXzDbKGdV	acd0a6ee02fd4afbec9f3d4b6b749cb07520152f6e7919be52fc26f922afa6f9	1965200000	19.65200000
1D4JZjyacgCySuuK4XbeR596QzMFXZzQi7	acd86830173957e9b00eb691e3a1985b816961e840570ce3c74d55220f118389	2026441786	20.26441786
bc1quqmftnqef4qf8jkec50ctzh8l2khjnju5cef9q	acebbc6d8052ad8317500954a3da4d21b6c49603a651daf6e05d5aadac8ff33f	2000000000	20.00000000
34dgLfi9BFq3GuWaJmiKa9k7SKLMYcJKEF	acf45e1f25109daec178d771623bfcf3c28ff1651c01985fd9ad58b8d38ebeec	2019800547	20.19800547
1LVD7wWvFknAUBkteqLNPvRWMZeU384gSr	ad0efddcdb4b74334d64c7ef103bd2c8b8d08ed91beb91fe1b954905798bac4b	2000000000	20.00000000
1F91Dyj3bXDB3HwmmWJkAci7tzP2bnpug3	ad126ec25ad743fcb516146970ab00efee05a911a36399f59b0dce6fecdf2ae7	2000001094	20.00001094
1CMZ4J9pCQTYEXSzfs4BYvC1mz4gobGGXz	ad450978e3dd392e5c1f762aca68404f32a38a049ebcdd8077bc096ef3577456	1990000000	19.90000000
3K9ZGyUYwsrfkRDrR7VooJWFoQdmfpTUom	ad4eb7ca08de47cd149b2484dff8ae992743412393d9686a3434207389bed795	2001673324	20.01673324
1HjBC7gH8brAaXCyTYGVWhpAqsyRPT2Qm4	ad534ba28c4d33ffc9e764931d3c4a064f2d24201a643874ec84760243b0cca7	2000002189	20.00002189
bc1qsqpgvt7sh9ea69ah6m03guce270z985hejk349	ad60c611f5a61c24cfccdbd032f1354a7223e9bd734f26f1939921af7b9ccdd9	1988568766	19.88568766
38GbkwuPDcvhR4KLcSo68DdcCDmvECXvbY	ad6b484719917fc00248fad0cf7c25dc2ad437eed7bfa06a046930771578b859	2000001094	20.00001094
1MY3VUHqmT3qZREfkzaJMBHu1AwyVXW8m6	ad6c935e370c8a4c9536d2812c061e00f7cd25641ee7d98c8514bf595d744c48	1994000000	19.94000000
18yLivuruiZ9HQruKsGCwDf5fpAEQMWr3n	ad86c855cf58c4a1bf791d18a327d301386a9767d7d2c523b689efd11454d822	2037846686	20.37846686
1Q9QABhdrG7nRD4rRiD4KdwDPbsAuuXM6k	ad94ecbdae9717783c7370cacab286f04cc6bcd017bf31c8ad060abe802ab2cb	2000000000	20.00000000
3852azXKSaKaGRz11SrGbgkfGSN8ucjR1v	ada014f4446ea3947e58533eddb36bd9bec99bc2a84c2158c277e9b23f6fd530	2000001094	20.00001094
32B7Sq7hdfHBNNuyBGj8NctWddaziMDFrr	add3b2cbb176f7f531373e315a8e12aa30ef06f3d1bb9ba690e56bc2968c1b42	2000160547	20.00160547
1BNWqJaQ9d6CmvRoH7c3ohQXCWejv3EEjo	ade169175d5cb607512008673e848daf340864a089b01235bab2fecf822c3ca2	2000001094	20.00001094
1AHRxKUsCh2RUg1Su9ajgdrCe9FC9m58o4	ae04733fb9437fa95d34f69cc99a28f74ea2f7715182500183f74a1f8c47f292	2000001094	20.00001094
1BRye5xXLbZfRWVqANwddNPmUbsLdLXVyo	ae0ff386b559c1ccd59578cca54fb8529d70b309b3f9d4f27d120d233d2b5752	2000001094	20.00001094
38bdY53YBysyMnXCJwCcdQx4R8zb4fkR8K	ae3492aeec6662956d7e23ee30263cb0c64168f08371fd29e19dcb50d886a6eb	2000001094	20.00001094
197bvLYZQyACk9Tv6k3P6JW9q2XADN2GXJ	ae59685f49eaa341a775b8a737762f9dc73c177f6bb288e8220c4993361130bc	2000000958	20.00000958
bc1qpmd2n4pm9j30cg59ckal6fwh36az5jmptlskwa	ae8c5b97afdbf2d6b7847f2d7b338ab8003ba23fd86726506e02e692d300e5cc	2000000547	20.00000547
1NaJRoB2d96egqCVwJK4jKMF6bNTuWCWqe	aeb9ef50f0f8a9e95d725d67fee6ab87bf5069a987fcc942cd9705d7292c559a	2017961094	20.17961094
3JouAP4sS42Q1FgGb9ZXRdqJwwi4rse3pE	aebef20197f51048ffbadb828c8c27cba5b204ebc8d85d97252d14c23cfe3a73	2000000000	20.00000000
1Dz7zWsVrtU1E7BV5A3LXiQrrakJHUttJ9	aedf5c0e83e2262c2cc832e703a928c0b4186f2305a03b99ba64932c6a91d71a	2000001094	20.00001094
16mCkMt1Z4ZSaKZNitk2PcP1MyW19wHiQ8	aeeb865a4fae036c287a04218ce3be377e90e91bc71b97a07ac6489b494a7838	2003599452	20.03599452
12WurJzasRxo1h3NYuGHfYo5QwK7qaibfv	af18c518ab14f35e6304fac8168c57db03ab3db125d8b7225bc271523858169a	2000001094	20.00001094
1LdZZqbEzDKb74CYrqmiBvDnX7n6b8TYKR	af366b32d79268ad01c65bbcc104f174ac9c3bd265989bc7c47db82db17e4081	1977511500	19.77511500
12FDTt3VC1oJmuTzJLnsZCTaK5fLrvqCmv	af3ae61094ab7c6a8bd1073f9475a0dee08bc97442a1abb59b3a17e1c90e2d92	2003327357	20.03327357
1BGUf1kdbyA1tGm5MT46uw24YqYZMWq1JN	af5e5ae9f7e287899a41eab39b075d2083bfeab42a1b30484854e40e337aef6a	2000000547	20.00000547
1JQGHN7uxAJd3ADsSA83LryYgb2DLhDec6	af611075320bb250e07722da37281944584688055228a9e1d9492e3d3947ec42	1999960000	19.99960000
1GieefHmNrxxnHR544Ud458BUns2G7mh3g	afcb540924546fef5b82665804f45ef1bfb4a92fb7d2927b4af06af816762545	2000000547	20.00000547
1kBdTqyzRKsYJxTMZFoEofvj9kUAYfn3a	afed451d44ce064a18aba3f6ffb77521c692d4156890c0e9420ddc3eb8836c08	2000000547	20.00000547
1KpCRviCU3s5yibPVcRr4WF12jw7daZwk8	aff5902993d2c3f00c8e5ec6bf0452ca471f957cc67f271066940709198a4c17	1988900000	19.88900000
1Hpv2GSjBFPG5hCDVgz46mVayYyXGaRGFK	b01f81cb328b441a64d5e2c17dc5938e85d63f792eb2426ccbd89f711d03b4a6	1962967000	19.62967000
bc1qy9arlaaypk4c3r9ekym5dlyneqjey8useagnfk	b0276010942c474633ea435d6323980df4df4b47a226fdcddc3c4c5bba9fd885	2000002188	20.00002188
1CcuZAiTqHUFzSVVJ2mjwEnDKjejm7edUm	b0434d25f2a0e8f7a1c143e96c51c15322a6e765f8c651f4b02d2fb83dd713a3	2032001800	20.32001800
1HBjupmG1KL8fiT4vVPXKVL1r6XB5vq1gr	b0527dd439ae404cf13ca5a2a92d52faa502d5fd92aecf6f42a0c5e962137eb4	2000000547	20.00000547
1CDm1DfuhigYYjFcjdzk8QCcS3kjcTVbT9	b0803c2f8245a02246b37ba9767e8ef12e42f6b121de74f56913f9dcdf220704	2000001094	20.00001094
19iYeBfFWs64XCwtEGH5QQc53ncTRKRdCP	b0c674d0ef9e37f76f47b89efdf7da5cfb65fff130d3c4a79139886659a480dd	2000001094	20.00001094
1LMMezCSmzUQVn2pzYo8MYaYSPQaA5zsJV	b0f18762ffb9a64ec1eb66c618e296453fc44ae963480c5cb5dd3ae547702195	1988565063	19.88565063
13Bni8UWV8eDrfftCFQQT4dvStSUc5ee8g	b10b17b479a6878e1566515456b66c96029cabca409863ac2bb5131108f9a4c1	2000001094	20.00001094
365dN73K1wWjiHn6k6HdrBbShv3xH4wdn4	b12038ea9b51087e2aa146f01f20a0b68b475a3e9cbcfc82df68c5ad0ddf9138	2000100000	20.00100000
1Njx2n4xn1Wofi5vfjmMRL44C9gQ5u3S8z	b13c4086e47e42cbac13e99c5dfce6612020b43762b36fd97939f78d0675f45a	2000002188	20.00002188
1Crq8kmfDkPiAx9Nh6oXKXmSyHMQCXnjv	b1821a608ee17e2a34e98322a41eea4938c78bc88f166093666044585570a14b	2049980547	20.49980547
1DXWzgPRoYVtiZYa8LkKUnXcYzTKpwhbuA	b19a16188b82703348584a87ce80d8d5b6ef8d0567ea962c93c6340b18df77a1	2000001094	20.00001094
1MEKFWHTMb5DP587MnzAw53iRj8sV2Puzy	b1b1bbf98e26f6df11b43965589ed563a7379d26a3e440b6a75bf6e8ecc7f31b	2000002735	20.00002735
37DnCyhy9TZ5LV3HKB9KwDQnFcMCe2ofVA	b1d8f766bf6dc690778b65b7abcb6d5b595e30a7464a97a2b960cd829d920b8c	1999992780	19.99992780
bc1q0rg26k4d278tf9xu54z57csaydqhts969s3zx8	b20595deae526046efe82ea2983b401216e762b33210d9621c53dec1b165b965	2000001094	20.00001094
182EkGsZBBVix7Sa1rpiABM35TyqMscBrt	b21e08c50006c90bbfd5f301499f4701146396ca3a95ba0a097bc515b769e7dc	2000001094	20.00001094
33aG2DPGpacTuy4CuVZmRNet6S4ZYH5fSL	b25158341a510999044e77bac9edac1a4c8528819690b09c78b0d5fd1a572c7f	2042000000	20.42000000
17NmzboCWjHJrQgN48SEhQUEVBNo4MKAe6	b288c4805c194f20331339ae539f2b4b0e279999e0fe551020d6ea3ec4a39940	2000000547	20.00000547
3GCp945goMjxkQCicJtySFKduBrQiFvKYK	b2970e4cc5313a15a4ed2487645563b8bd2b46ecbe1d013eace831035cbf03b0	1961913111	19.61913111
1CB5YyyPft3DRFkD36ZYTjjifTnsPxfUkJ	b2c7dc8498695c6c63c71004fbcea5f4d1007d63c7acdc6a2f704d87e2095728	2000001094	20.00001094
1HyWM7NmbwwTN3Zv3rgpig65ZAHXD8V3mD	b2e35ca2d1c645ee33dab454a50bd5ae5300b8bb77a3ed54a122ce439062c8c0	1999990000	19.99990000
1LvNEocGr6vv6DQDNQauJXhR12xNug5vZP	b30242303deb74dc91294b2cf133d4f3eb6883aa9cd656bcc1afdb2ac4c65cc4	2000000000	20.00000000
17UjWBooBHjFRW6Wv3HpTSGfcmGn6zB9sm	b333e688f99b615d257721c0cc1055d4825f15756e4b67d8742e50a936fe0094	2016001094	20.16001094
1DyHU9eVjHycz7X47fsCzZfuQWquBTpfNb	b33996d937593fb0f476618892659908eedfb9719dd3d9f97ac1fd880caa679e	2000001094	20.00001094
1J5idFAgKHnaN3mve2dYsv5sFhRkwnD5J	b33fb8429e570e1fc239e2e6e69e5e2c6e5586956f77ad5b821081d73ab48d97	2000000547	20.00000547
1J7WJnTQ7FmvYfrQezXNSc91D7UGoVzyDt	b34fcf0e37d4c541827e0b20bc03daa3a1747c6dc030f10cdee467b6b258ecaf	1996690000	19.96690000
1NKftNhRobSd3P7sz5R33TMTNCD8NhHoDR	b35c9b1417ee17111c0221747feb612150b71f704f158f797b144278651881db	1994737035	19.94737035
12DrURNbeACs6nnjHyoML8UCoF7MaAZS16	b3ad7f9f6c34d6ace497d68dfafab3e7bccd2a85029c38ff53e7d015e54a58e0	2000301094	20.00301094
187fWUTYypPRnAJqnUBqCVBAtzTddHzEBC	b3caec158c2c387baa924c8e388d1e105eba48886fbbc8eac0b85bcb469ffebf	1999990000	19.99990000
1Lgo1zoa6EjfSFuq9k5wdctgstw5kLEZAj	b477cf6bb44f593bc20b685309214f4192ebb657050b1ec70a06e3e26b101546	1999995410	19.99995410
1Jo3Cxei6trZ12N9h81HViDhwC2gug8SDG	b49557466b710632cb3556b39dc00ff0744e79ecf4dddaaf00aa6fc734d41f09	1960200000	19.60200000
38XHc49neGmS1YuxHphBEJZ63norkYtUj8	b4a042a0bc5087a91e37386b346c5459ad5da5001c90b5602999dec1d1448252	2000000000	20.00000000
16A5DDweextzzLTUkiHn8tsv2D1Tx9JpH2	b4dd538f62a032c94e1f9f7b0b677710948c18ea29732d1272c25a3de6cd5d67	2021737175	20.21737175
12W9afAGaCq6572u3QAdN6TJ6wG9NSnLNF	b4f2667018a8708bede0cca8f169d58eeef03d28439ec980fe8898af7614c9e6	2000001094	20.00001094
17SfDAD7SmBWfCBYoM3Wcv5ZZ8URUWoTLz	b51d9d8f8dfb164230ab604706881ea7f69fa0a8761d5e08ef00a5c154c89ff1	2000001641	20.00001641
17WGBmoqwMFfSZoZLhzMYgn89WRvB65w1w	b521538d1deff0e4500cc995181b2a49548f571ea877911296c7f252f63433cb	2000008333	20.00008333
15y99JQAMgUEBM8CpnXh6zM2GmsNxoXB7D	b5253e11ed4c88a2befc5cb0ff36737056bfb4b0912ace2f8029ffce3d0a2e42	1999995082	19.99995082
1JqbrEymdFnNvG3wbRkmL4ux4JvZAaWTrE	b52728e1c0327d27eef600f39a9ef5b2d09b504b0aca64c75acb7b0a9c48fffc	2000001094	20.00001094
33N7e6JH5F7wepBKTTvNFgHUgaT8MqeLiP	b530dc8d7660044e70e3462c1210cecf24e4f28e413027d76a787634c9d7e8e4	2000000547	20.00000547
1GYuTZycXjLKvhRMJ4K2To8XQWEA3beLc1	b594996ce7df53e15db779c9af400b4b48c329a23ec79d8df54d9cd4693c3ea5	2000000547	20.00000547
398rP9qK9kEYu2t23sH6eQgAn1J5yhQEv9	b59db0498105858930e4262bced4b973bc2f82736f201a342a7a9992691740c1	2000001094	20.00001094
137PVCUnNZQcQ6qj92SuoydWFDasWRkxh7	b5b5dcfd1fa78b7a5e936ce91ec600131ea79f895c7bde38aed60b9988acc2db	2038261591	20.38261591
3MMHVLpeaGPoTcPjj8uFmm7dEXcUNZrf56	b5eba792d87b78513dca3884489cf5ee5b0906742df269f972b75d95a9e3567b	2030020760	20.30020760
1LCA4J2ymKakSjSP1Sj44DHiFK5mNP7QnA	b5eda519bb29faa0957c0d700d99df1336fefaefad02628f1c152a022c657a1f	1999980000	19.99980000
3CFLUe3Xb5Bbk6S1555qcUxvncSK91vgJf	b5eeda3cbfdd999f53fbb77c5d8294d0334ab79406d23fb2ad277819eae3e758	1973398657	19.73398657
1FqvSJFbwwo1U64Kf1MYVkj7P6Kds7DDMT	b5f5052557c19caa77aae18f36e7384ae0ee4920a5ad36c1493fee3ba212d7ac	1999792500	19.99792500
37q9acYPUJjaUCFnLyKPbBsgzwCoDCdcuv	b6182ac51d740acd288ceff4843c794fd762a5c49bec848f9c7d0bb7a20e5b7a	1999900000	19.99900000
1ENR4gpWNG2ocZos7ExAdXaYYUxbkowSyE	b63585bc27e60f984659d1bad0bcee77a4c7d70caa2a76d78c1616a8707d7598	2000012774	20.00012774
17Ugm445mqjfxvXMKstRjA8R4wEdXAaM55	b6580bbf37c254e182454007d09af8b724167bc7db55048ffaecbef8bda69b46	2000001094	20.00001094
127XXZMoourWKoQhuRPhJStmSqUfmZ57Vp	b6648ef43ef53dab0b1c95fffa947c0d7adcb536f502aae37feb107de3abe594	2001001094	20.01001094
1HdxZnR7HpW6F5UGtu71xe2Xd1NWfx7Kpf	b6650ade1cc0774ba459d40696dc0037e3869120f4c0ced4828b1aac62038e82	2000000547	20.00000547
bc1qpslnpfsr6e56wdsn70vl0vaghhpaymwrqj0s7v	b6777cc82d9fd5c86a0c3514cdbe557af4bde5805843b8c25ee5d5e7d4c12a43	1998599543	19.98599543
1H4824BPPGswPyEqFuyAHMDjeizsPe4SvR	b67cd486b528f464da951a8bf0ba7555cd7c000b39baadd6cdae21dd06da2cce	2000000547	20.00000547
1PXLg9ZfiJRqwiQZZSqiNZNGV7VbpYEA3J	b67dc12e94da0db5b50e6f57d80d783b39d544f01e4aeeda22903dc437bd8bf1	1998425078	19.98425078
bc1qnqxkkfx6q3vzakk6zwl36wnkne0g624yec3l0z	b6e3d3457b2566868ad364da4558c2d7a5c6a303431df468ba50ac22dc7f42db	2007743912	20.07743912
3BrGaEq8erQYMV9WfyoxFwbhqkLqZUaqHu	b6f06397555145434ae365fb534e131592fc0c047f520a1990bbeaab794febc0	1999986368	19.99986368
3JxLYXXVr17YvU6mSxhodW2eWk7HpoGy31	b6f1afe565394214c6ad916e4e2c5f014b28dfd273831d934a24d08aa4462998	1971933937	19.71933937
1EvLUBz13BGkyWv7tBLKBNqSy4DwVq4fNh	b7110a0d421e7c9ea6ad6123418f59669e600eabe78787ae5df90c1e4f127c1b	2000000547	20.00000547
3ERxqfJMvpoGER3rBDZNkwAmawizTSbBm5	b7195c6ede3fa089191480c665a8207cbbb1e81831b4a049c59e8b0701a4dd47	1999950000	19.99950000
1FPuo9MafQtfdmYa1ECUY2pEeS9tdw2zBH	b7221f501e115e2d9b3acaea0334c23b9bcb4a896dcb5fbcb6ed30424c88f2df	1972705218	19.72705218
1typT6nfXEXmqykto6nWUdFiHfv2S6wUf	b756d232f52a09216a948de3382b11cc033fca35e0706961f7390df75c64c356	2039618704	20.39618704
1N3QeUHHRipDQK3t1sSxQ7Qc2T9P8cMToU	b77deb303cf52dc845f88db117571d28ec6b3b0a4268aa0b0fc7c28aed94d0fc	2032506440	20.32506440
1K6GtyhKKn2SU34iS8vBgqRkGXaRbJ62xt	b784508e005fdab8efca31ac94fb42bf410da9c09f86bcdc7c973a86891366e5	2000000547	20.00000547
1B4S7AJZHr1qFkJgypMGSbYd7ujrr8k4jw	b7a7e34e8330a5f3a2f9c6b848d45a03f6eee6c010d6c9058880a58bcea1f22f	2000002347	20.00002347
15RDQRfFB3bRd3wJm6fuDwsKnaqimVPbTC	b7d24c84bc1c368aaf92ff9915be773386b314c27e247bc236f634fdcd78f47f	2002900547	20.02900547
3GeJR2U1uMbeSVaa4tK3s67JPLk5CU1qF1	b7d987cfadbeb467704d35e9b6e3e25f833246211ce4c1d1fcc7b394c98fb75b	2000001094	20.00001094
3MYB9AN4aLgHr6kiSSDcGccoSX8MuSF5AD	b7da27b87130983eb8b91b9347bc068ec2bcc4affb15ee6bed15bc5668142318	2000001094	20.00001094
14iiuaQDbeR4kGEoabGT9Q2sWVrnwRjQCe	b7e25a524c231ed6b4df573cf32b27e3ec9f26ed403eb34ea7066120345349ba	2000067166	20.00067166
34vb9epPqcgQFf7KYStwvNaQBJCkb4ZRHJ	b8256e066d7e65db67d6929fcf064bb1a130605e4cfde7d8d69f4dda00885d5c	1973786369	19.73786369
16UCPaM1CRMCqXGdb8Naw6rW8akSQbroX8	b84c19ee94b039afc81f483ef5116377035c177b8139a46b115d6a4c0f6f4f99	2000001641	20.00001641
bc1q95zvhkfy28a90pnpmtlphzv9me98u3d5wnhrsn	b8ac7bbbcbc7374e0d6a12956aa7a82cf5dba5194c96d0c313584612d07236ad	1978716067	19.78716067
14urD5Jo1orakpTV3fvn3ypdEerVD4eTdL	b8b8f707f1a464952a85b456f0ab148afe6d6967b01924acb80815a6ae440b7f	1952033400	19.52033400
12sKcuq5ieiRkJvAqp6uYh2oNwkzox3KLy	b8dde815b0e0b5daa5e1e5311dbf562c94be34c9583fa4b40ff1f357a43dba81	2048080115	20.48080115
1PU26PpAsDUUfL6kRDAsxtxAM3rbReVDDe	b90b7b917ac11b8a0f12ef931c9d673930482dc217c064d727633ddc0f68ca8e	2000001094	20.00001094
1LTMEba19wuNyNgtC3njRSaSiRrg1aAUXo	b91eadcdfcdf3971e18496f42815acba86bb8c9043936befb361f70d08b4130e	2000000000	20.00000000
3GdLJ9u7JCxt98az2pM335taiGxkJ2J6Ty	b921d06d7a2139cae309a69dc66042a30499b0a973dbf5729555242112b5bf95	2049124091	20.49124091
3C7ATnv12MPUbydn3nogfqzXKW9oU7MmY9	b9252ac3859adf94e60ed4d7398c5c713b8402493402dccb67e0021cb57e0d2f	2000000000	20.00000000
1MSN4xZ54eqDqJg7RXmBLWQY4E4zwj7cug	b93a9aa22db0f5251b46222a2975172877679b3607ec1c4ee81c452d525e9b33	2000900547	20.00900547
1JzeA6UYZ2WQr3jS8haTpgaLKyA3FAFJ7e	b951e3405c96c889b5db080b94855a45081f7302fba62ea6a703e80a8c7269ca	2000001094	20.00001094
1PizUXBZHp9gDqY6zNTKtkL1aKh1ehycs7	b95df21e7bfa53483fcaa5c4f77338e10e2d9c997cd6e88fb76150b51d5af19c	2000001094	20.00001094
3GJFefpH1bVG4YBnEHZFmJbghPojiZFhb9	b96cbbbe6a623268e49748fef4132081b1f0afc43f771322dd6f12cc2fd1f105	2009519741	20.09519741
bc1qtv4x6dv25m0uxjhg6kccjxnx9w47w72rh2cdww	b99435d4484fb32dc96691f6084c0f33dd32917517466554d136af52e70b7263	1999900000	19.99900000
1HwfPwxkJmYQ12T4eNNVokPuQpoi2nR7nT	b99907b2faeabe465de2419257c1c8d4f0107c3d444c5a2baf249508c913925e	1950000000	19.50000000
12NGib7x1wtiRPqK9vL5oDyuiZhGDPtjXf	b9b10ceb2f099adb11a511ee63475722b2121aba9ad03dc3c6bb5a03b55f82d4	2000001094	20.00001094
35sd9cJJoLVxtE7yRsDjjCmZVvhZQAy9yD	b9b64427e2a95c1461229bbe67b0d42ac8c829e98b6168cc6afeae3feef07e95	2000000000	20.00000000
1KFGeYPXqfeXaq5ou2zMxzJQ3UtVraTjBV	b9d2c609d552bf8206949643b9f6f879925a6adad0fdc6bf91d43dcb58b02782	1988008000	19.88008000
1LzmXXSMvm4WtEozcoVfirham1CZNrJwoB	ba028cdc4f10aa41a31f7c06664189a6d4b9e8e89b7039ecb041c1f1e86ada87	2032707711	20.32707711
bc1qu6w6xpxque9pc4l8hl5v22lnwcsslhpsc662ye	ba147f4a68851ceb035d287a8a4813a87d56bbe8a7ca432333c15f34e0c14d03	2000000330	20.00000330
1AWHdZM1tNRZS4Vk8iAzKgXNso7YVRaK12	ba2da6073c2ffd5c9d6b381d9de5205cd388105d011e11786595a91745f640a1	2000001094	20.00001094
1PJs9SCpWQqL7NwY5ogojz5gxWHax2nRDq	ba5e1aa9838fe9583eca608cfb29bc31cd73ed49a97a24c8f6417472dbc7b35a	1999923559	19.99923559
1HstEVd6iacUHXWdoLMSMRVEG9BVCLSEnK	badebf52cae71a19f76a819abea0c92317bf8ae815be1299253b77d0985f166f	2000002188	20.00002188
17GpdueJ1b7qagSwF7PqG6FQ6MCN7hbSgG	bb29f8a052eae4ed6c77cb8c1882a9a7a770ec65bf7803663dc1063777cee0d9	1999947568	19.99947568
1DKPzhAsWRzjPoW9NDzBaaB8EqnCY74xVR	bb31e29de03dd23cd527b0997bac6e524622bbac409967daaf69dae123bf5c9b	2009711441	20.09711441
1BFTjc1FoqweXZT6DEGQViZsCTx4UUenED	bb48ba4b5dbcd5d5ea375958dfdec8e6961ac7dc20a7e7a9d8404e221046b2e8	2000000547	20.00000547
1AjNHi8VrFQT66zPPfbdNXbeQGi3eodoAw	bb4e8d35fc51a23f670e2426250a15a3d24b6aca35e49cf26def1ac38894b9bd	2000001094	20.00001094
1DiWwX7WKX9AGgRkBoMT1Cj7F12BRMDKHg	bb828793f2dd19345e511121acd94d827fcc88d6367b5a1d4a5e647dd16cf9fd	2000001094	20.00001094
1KgFAo5hfYW699TacB42VP2LnU8UWxHnjm	bb8651060f9020c388b534e80907ae51ece7b1b1a690e757e30d60463bc6e4ec	2010171641	20.10171641
3D4av8uBJLKDsWRgs9bC1B8WiBdo4DTWcA	bbdd77aeaf12a4676cd301c8499a55fcb4044991ef3d89ce21ac6005c06a713f	2000001094	20.00001094
15MFLQCYa1Zibm5FCEcqm4VNrMvHCg2SBS	bbe3c148402ca00070345cdf818c08098a6501acca0e2118262d092d7d569cea	2000002188	20.00002188
3Nm7EW7dYAUmXJrSMZXzz3BHZDsF34WyeK	bbf04ae9fd1bda0446792307cf578bd39dc62b72647e806410cacdb21c44f285	2000001094	20.00001094
14UiixBRstnCcxGQV5UFTYvzbpUkh1VGPY	bbfe629207bc4a3e3f3576c8d5cdd193de211c2e8c0ee4538b3f1e86fef15c71	2035701094	20.35701094
1NWvMLSiTdHRQLCoXXgPNNiFZ8JEBc2aez	bc51994a95d34c1f3088d7090e04f80e6f0085837b738fd87da6ed9f041cd766	2000002188	20.00002188
1QEy632uRjMrLXcTeqWTWGnfEr3aAfRT5u	bc9bc6bc8c1140d88fa47b2ff762402f2736e0414aae9f90cacef1ad2c34f9c1	2000000000	20.00000000
19mgm1iGTdyH9eJAWRggdGtDqX2XrNGt8P	bcc6b0bc3410afd67133be425a40136ef6b66c6529f972f24230b26819302bb4	2000001094	20.00001094
19Hgx5vxHTsype2AL4hFxFaLqUMNWkyNXv	bcdca2a30af3a3bc61bb216e74f7bbca1fad56081696c1165f450d63f5ff1fbd	1999850000	19.99850000
1APMTbcMxkRJ4nj6GGcFc62xRKENvKhpZy	bd2a20889fafec114ecd58ce578e45e46ff55d670313295635ab0df0841f7d1f	2033001641	20.33001641
3BhFGz5sNL9f6iB3FASsib2MCjVA9MUofq	bd31500e17f9fe12b71bc12dab4f1efb7c306d1798ee337703ca58319a176870	2000000000	20.00000000
1HvQAwf5LJVP7JfvF6DZUtvbREieBgsU5	bd6ec656aa4cd76ab1abbba334e2ac987f56d2660c307dcf7fae58ab1235124a	2000000547	20.00000547
1KjD5cmGoMizscy3YKkVq13DhTRVKy9FzP	bd9c5b13ba1084dab09e74d3929a7dd1048fe6ae15c7e7aa3708b7dcd4eea995	1999862073	19.99862073
16EWQRBU3d7PRi25CFEhyuRHDQYtwnuHjX	bdc83dc43ececaa1a400858876f298554b474164b5b7a1505e9df234fcd6fd55	2000001641	20.00001641
1PR6o4LYHS3XJdfoFnbWPSx3P4JmrA4nnv	bde4a046cf849bc355441aab591da23fd1165a6dca9e7fa21e38330df395232d	2010000547	20.10000547
bc1qkh28xllds28vy23626wp8nm5zxje7a2e6jv9tf	bdf9481979be41699dd876a5051d556de9ab126835d9c59f3ba7ba2099134e07	1957361315	19.57361315
1AjevCMEZpdzBHkgP3fozJ7FjgYLedcKPb	be1e5a18f3c103e1ac62552fe7942682b765f3eda97976c722562ac2aa9215a9	2013279794	20.13279794
3KrMSC6XnkTkM8VGNc7ttA57WCy2e2MGb8	bea54e4a849e986e1f7cf3b7787e288c75dba00479ee6d39f5adc91754acb733	1999141050	19.99141050
131nHLepLc5vtbBJUaXMh9bX1NqZuzzRVk	bed2d0b8a6ed8a3738231e5c27f5d4b1db836ddcb13eb494cf18bd84522bfb81	2000001094	20.00001094
1GycLnxGqTXLxi8QWag1APiXpfjTL3SAfr	bee1b37bd6c4eda90e03c6d2c1f491b2b2fc8a533bd84f21d28d561131bebb5e	2000000547	20.00000547
19XcHVaWCwmyePLrB5xXHBa4bHFEqd9LPJ	bf204137c702f13c38e78ab5eff54141d99c2596367a79c408bae16758f26133	2000001094	20.00001094
1Jhe81dPXVbxJM6ZdzqHzTHpBbht1nza5U	bf3242914bba22f6b1ef5e64e2adfcbecd0b6f4321f87f82629597e3f119acd0	2000000548	20.00000548
391sQGGHxCt6tp7zWBPwGosjvj3EmUQsEc	bf3700dc1c3968aaf6b78a14e7fc0666954893d2aa75bfe4e9639a31fc9a9049	1999600000	19.99600000
1FN6xB18Kuq81eqaJdueSjVSie8U5UQ91T	bf5dfe1ef93309fc3d9bedcbfdd13d266daf010f5c2174e7cc4a1cf19fed96b4	2033149900	20.33149900
3PfRdbqdgFgHeFgeZB9WwyMAeUKVnWazZV	bf6cd272168b26899c6e6029de9945eb143e0695942bc30363209fbb571275c6	2000001094	20.00001094
14cPdYPDedD3zJQvey5nYJw8N6i4Xa2LNd	bf7c80a7dfefcb08dffb19b9ef04a9535ef3942ecbc5b890b3381cfe75cd868e	2014720547	20.14720547
1H6tBrBb8wybUMxdRi4k6buiyFp6rW2vHy	bfa5d6a15a6ed740a852d7ecafc65e5e892a476b20fa1cab5455f110478d4301	2005001094	20.05001094
1hKBYftstYs6YferQ2e3pZLXNU2cocgai	bfa75cc0760ac78ea9fe461e2e3ee108d98a67f774c7472611a648399856acce	2000000547	20.00000547
1EEK4MGtLpbYpwnXPDKUhwfBNZt8S4vv73	c00074e63f623ee9131819434d15f18e673bdc097d13e31b3e01c7b29c28f445	2000001094	20.00001094
bc1qyf3uzg9ck3jvva3mcp3zn8qqt0665tx7zpmmjs	c020a81f426f897541e6655695d0352a1fc048c6862f93ee4cfd66cb742d782b	1999950000	19.99950000
1Aa1FVycFct2o4SevDpDvYiYZnU8NESXbp	c02e721959b684100cf7d996d75d2588444dee8fe1fa852fc893439c98fd4240	2000001094	20.00001094
1KJBVSvEWgiLoxJana1eyM7wfC8XuEXXbY	c02eb5b01f1499d139a96e35730991f0a20ed5367adb98ddc03203557e730d25	2000000547	20.00000547
1H1w8MK2GRDMbh9Xc53fnfn86x58HaQD5M	c05f42dca289613d5c14002d2f20c02f40b12962e4200bc69494a0a33830158e	2000000547	20.00000547
16HpEiDTr3V2V4geg6Jnxp785CHqpJUscE	c08e55791f167104f229694636686fadcfa2c9ebd4f1e1be236df25feac68b81	2000000000	20.00000000
1h9wWK8LFoiHqx6QRRMhESSyWKUFyfHcL	c0c00a35f1b4b714307ee8534ca9bce9641d80b6bad9a885ba2e1cf0bfe09a62	1997330000	19.97330000
18tVk1GTedhWytrPBWhfmcyQ9xkMeF6zht	c0cda17c32a9a36c8ae33479543bd93ef16af3f92b7b61313f6d4e20a44044ac	1975486942	19.75486942
bc1q6c309knvpwl6c9kf5xgrru9857u5nvc894n48a	c176d6b947dd97616357dbdb8f763a6e107c75cc95cfd96681d834f46fa1c83c	2000000330	20.00000330
3NvwztMb5B7uTkD8Ko1MBkkWgymKBeAzf1	c181ee5d8885dac1294bc3d830e434a8e6d4f86a6622ddb64d3b807bc26106d0	2000001094	20.00001094
3C6Ezip69RmNn1ieWcP6cp1iSqn3dRWqvW	c184fa6f54e6e3a1277bb21f771661d0857c74a4c758adf04a47d1b48a77be19	2000000559	20.00000559
35mREWLFHPXNcEjeNdga8HSHLro2kYaw2u	c1a18b2bdb374dd060ed354ed71d09a7a519622cc24aec7a1baf2cfc1f529c12	1999998664	19.99998664
37NE9TRVfdLmiBe2ej3HwTapKYwRHaTF5o	c1c1785e8dbf83798ff30574ba977f27e857898ec1811f79c642eb7570dc38cf	1977821839	19.77821839
bc1qjywxnnd9cf6v4tf32yculyq9hyl0q4jnh89gat	c1c183227661678c4dec81e310f6fbd709ddc87fc3159dd07ab2c0c4203ea10c	2000000000	20.00000000
1B9YcKtJckGmHgbaEkcrLbErkYPgv82R5x	c1ca59a1b7e91f9d503c1a93f55d7c51bedd521409272071dace1dafc7d93e87	1999600000	19.99600000
1GZ6CASGDQTNpkqcz1JTChe81rTvYtzGXr	c1cbd4583ad3b596d13fce98d98441e54fbad55b0d303015360865373993b21d	2008889504	20.08889504
1ZMTKYr3EoX6feJreo4gLa3EJreAsngCs	c1e9000983f117f9dfebeb72a81605e54b03fd5af285958e8ebeb46659e326a5	2000000000	20.00000000
1A3GD9vpqbzcRqNHHkkEW5WGqfd6R3iBRs	c1f82bfcfe7ffcba6b5761015811f668568efb60558e6798d0036e7df2017424	1999000000	19.99000000
1LTVVPErJL4LSeCvfjCbLyrLga9uiAjP12	c1fe8f90d5c05344848f7e70a2e92582a43aa19088d32b2339022c0041e53d73	2000000000	20.00000000
14wYhD4gsU6odRaHYJi8wdCvGEU6Se4Srq	c20415f958c879bf1a4385228409f60f7901e366e40ad122405da099c7762bd2	1997972720	19.97972720
1JY3oaQnoB983giAad8aW1Nmg7DNFWeAj4	c20d594e0c37ebbce8a9957b9ce3574553ffc0519e82274c8f0a106cd4ffc91e	2000001094	20.00001094
1AniGs8s1cNeFM8C5UM8DwRx55dctVfDF7	c2181a9dca5a557e8bac7da03b4a172562b37e79c81ea89135d3c05cb2d4ab07	1999997628	19.99997628
1CUac66TxZRkFsSnNzWXYe6iXCmMajcnUs	c22b8c3ce207a1d8b5a14f683493eaa09eef6895ebb19687f6f314e3f671b61c	2000459410	20.00459410
1PTMRYLXnLRX8hcfqjQs1f2LPysy3mLBkY	c2327663bc99d370ad0242625032b6d78e5168c95600f6720bfe4a53ae7be9a3	2000001094	20.00001094
1DcdRh7ACwmpwheUdPhfXob2X7GCk2DsU	c24f834d3dae582b2fa7a122dcd1e9af320c92861162c4e29c8e22a9a52928e9	1999965472	19.99965472
1EGovNJqRqq1xAJ1UBN5dCqP7wZF4r5ZxP	c2706065c94efc70557a1a24080edc84c41c9318674cb38e57f396579ba26501	2000001094	20.00001094
1K5eo2Q5QJxk3tSMnXC8sAHavfS6cjGBZy	c27b2f2ad1a3ea2373585e370f3c85bf134edcd54c20141cfbf46f5b07e6bf85	1984702347	19.84702347
33UwHaGedGyt5tGTymKWgcG4NFHxu2MKfE	c32ce11accf9f01967f3fd2b4652e2717f70d9a225313843431299a5a4aefcbe	2001060547	20.01060547
12qcNfVw52C81LZ48EVUZJiLfazPZEjsz7	c339061af409a1ebe13ee4f799a06eefc4dec5c6f01e9de3e33f113c04cd033f	2008350909	20.08350909
13WLuLj4HmnHas2ofifEyH48HjamxYubZE	c34f6083499178d87e70d1d128cc5a43d625fa2d70aca74f0d69f6a497b066c4	2000000547	20.00000547
bc1q7wplvxjw8rwk8ywc4kt2uhlt66c0nyc57mmgur	c367426988274ab46d3e34c3432492fb92629535014b0607b9475da48af0d759	2000000547	20.00000547
16L1ELExLzWRJV658b4XsWytUZqutDoQC7	c371de081b331c4a271046a49fef39638a5bdce3fc6fce41ddf2f4a140137ea9	2041161641	20.41161641
3MEZtS9KvQ4cBsaZ5ar7hbsV2sxBr9ac5u	c3745e2a8fd0b2003c93ee4112861a3d9439eb5688fe4aa45d4c8054ce6db9d0	2000001094	20.00001094
1N7MZstA8NCW5n2ctC1C8Ayk5XsaDcj5Q4	c386ac08861d72e6b6059a15f02b4d891050c8bcb8ea6c5753a2841e0010178b	2015731094	20.15731094
16TpFcVFVnfHQ2py5mhBmYBtN88euerc3k	c3e39320a7e4cdeef31055d9195917ef5e2613b366551a4fc920ea6bd48ea31f	2037921094	20.37921094
1BHNY1zXbakKeESXrc8g3NxtTkQjRyzf9r	c40414cd48c762c06b040f6e515805645c928bc1be39729ff863d683c731ae8d	2000000547	20.00000547
3HbB2awuZZJLMhyxvkvNKTc7HNzx3pkDr6	c41988befa49220a68bd691f241cd78238f7434851d51f45bd658baf1c9ff4ea	2000001094	20.00001094
1CzskR66maSYmGkZXdiVtH6gLHqcF3pqWM	c43d68a9aea5ef4ea8c006a14198e054348c44c3603915b957d823a477fa4361	2000001094	20.00001094
1LkVDQz1YDjyYYzJY6E41h9JKv6tpQrs7L	c447d0473a5e900b0116459f1e1db2fb0a5b9ebe0174eb54aa868b877ce26068	2012149531	20.12149531
1PSxnad2FswikBetLk5hXJT4f3JDkXanfL	c45eeb89d126e18446e0772ba4503346a585ac5de8dae5dd30cbe27eb1ba513f	2000100547	20.00100547
3MyWkv82hhQj7VdnqdAXTcd3WZbfKXKQbG	c468593e6ec02b3f7961e0b639fb489877093596b8e1cd989b2ea21b18fb4381	2032414276	20.32414276
16CL8QXcM5cGukxB8qihnacwbtMrdLvuy8	c4710d5fc84b1181026afe725a6d7844ac95d86eed6c897c8884e9b6abb12a66	2000001641	20.00001641
1WEYHLkFRQpu19rJ7jDKtTJrGFQVEtBpe	c49b323bf84ab003bf89b4b6bf0d03e69840d7d54c7f8e262b43d520467e0fc8	2000000000	20.00000000
3ErmiKWtmiJZgyY2D3oitJoa4UC9J2XzrQ	c4b31b4628ac4173ee80e1ee5f8881752860f35e0ea9642e0f7f40e419cc3bbe	2000000000	20.00000000
3LaBHn7i9wDSTHZu4j4KrRcn43uQkb1Jfk	c4bddffd7fe5c63f4d4620815bbb1e6c3af7500b079d7a53e1961da734c48a28	2029928761	20.29928761
19AYS6nmeV7w6QGjrDeg5E73hGWtTXPjm3	c4c27e9bbacea5faa1c330c42a8dd85a61214eb0b0f60dd725fe1a93cc799acc	2002001094	20.02001094
1HAkwrRJoWkHnqw6N1oQ1XjQxyL8KDCbci	c4d5da8f768b726576e100d731847b8094d4beeb08e9e3d8b048b74b82383b4e	2000000547	20.00000547
12tN6611JCjRBgvfAQbRrkdkUWCUK5XGcV	c50182ad0e904864dd1384633823fc995abc8a484976ee06b152b7c377a237c7	2000001094	20.00001094
1FUhoU5ugK348ZX5hWbjnwZxPm51DVt9z	c502038c2a873b2713767dd6f71589656daee3937ef4004d9cf063eec0e594d4	2000000547	20.00000547
1ZERoDaYZRfQTwKHCowT3XpYL3HuAvzbN	c50628eeb7a6bf73c5efaf4f5bab77ffc369cffa5287ecd7619677bf34411e88	2000181095	20.00181095
bc1qa0rkcyq62ue3gjnajkrlt48rm5yyph0lkakl5r	c5154ede43fa1dfb4e60f7d0d485b002f866095d8ac9d1b3fe3180b8396d60b2	2000000547	20.00000547
17fZyum4YQuA5Qw4MLJQoDGfrYGNf9nDGi	c53bbc26bbbd578bc340415c2c8269a3212c0913fc903063ba09de9c5f7386fd	2000000547	20.00000547
18TK3HhmMEUp2dFxs4He1mFZwju64zYYqs	c5642db66a03b117ae66165001a05a5510a261452da3d1a043392b68d01549c5	2000000547	20.00000547
1ExQK4JFyLeeKnEfs6pKgKdxSwKujSYWj1	c5714c59048fb2b2988e5512b74e9ac65b669513588a901848642079ac78bb03	2000000000	20.00000000
1N7GBaTgCwNJyeu93k3sYKanWP6mXLF7yb	c574cc5eddf1c4e78dccc4b5d4a4f73321eb7e8086355e77a3a98d1d1b86c124	2032001094	20.32001094
bc1qh7wcpx273gv7j6hrwchneza6eczv0k405avm77	c58d21f2e5373dd86838f67d8d367fd85b3e6863d72ca5b1a010cc517e2f4fe2	1956628979	19.56628979
1NfkryPimHRUg2kDCutpQvVe7EWK6pWYwW	c592841b0897b2a7d49aa5f72734ab8a1a00da89d9ac44d45be4078709de4de0	1968156752	19.68156752
1AMWM9PT5ZJbAdAE9bKrZDcEjr81bEBKgq	c5cb1f90fbc7f82afacd5901ec4ccd786d0ddeac927c40d378d0228c00401522	1975180597	19.75180597
bc1qnw2hkrzuejdjm6uza904k00uqp9909p8nal6a8	c61c30d933d592fde4a571262b0ebf6de083c178436f2fd6bafdd949eb3d1725	2012434658	20.12434658
13TFWXjufvjeynZqjiToyxA7NrwFc2pUCK	c661803520807aa92b1f82661caf25e65f5b039122414bf7a569df082d2617c3	2008002294	20.08002294
1CUrhSRGYkZCiYW7LELx2NDEvzJWaMe684	c6815d1ed72707869a4fc2d6f3002da649b12a043986889a34e7ac70b7697873	2030000000	20.30000000
1FYCJd4Phpu61Kf8mNze2725LnwL9E1xK1	c6970122007380f999f6bfe9ef0f6895a0c69e2bfa37b28018e25c34e256e155	2000000547	20.00000547
18t3T8MZz7BDgxJZEoX2NiERsYLJ6WsTsW	c6a2322ad97315991eb995382127fa1c06f11784f9497cddc95350e168eedb93	2000000547	20.00000547
1EpqZt1JLfXBXgFY1tyE1Ccum4bBjkfHdU	c6b07fa65711abcae10e61bdc67584d8abee664dfdad992021a9e8cd0ed37a40	2043042805	20.43042805
16hDa5FwYAjmAZzPsZEofsJC296qMrveRs	c6c69ac8b1468786933ca3e0a7d67a2b82b07be8aa87d7a81d10534d5065d0a0	2000001641	20.00001641
1PK2dhStdC7doofNP2HeteY6a7K4bCNSQh	c6ef473fcb6f119dd8d04e75ba4f86e3ebc755f11cdcf6121adf369468ebcd54	2000001094	20.00001094
16XZMovNscA7bkJmTB2TxTW7bgEHaY8Ju1	c6f7f21121c91e7bab8837918b9b4c9a4310a8e2d3a3782ce845aa0a61c96778	2000001641	20.00001641
3GhXNtFgPMkum7pHu6uwE1U3xTYWBzNTFV	c73e31c669a9993236899184d48e854b7c1d6221ea96057ba1bc8e7c08298639	1990134584	19.90134584
1GSihsJgC1jZDeYuKGfbtxyXkgV9RCPQL1	c74a903fe5ce6abd4aadb800864360e833e9a81d3078338cc75257f647572526	2000000547	20.00000547
1DENkRfXimvtNRg3Dfh9ZbB9rqoQyDLje3	c7512dbde6f4e7cbd854f8217c5b68ea18e01155f3727155d38b6308b01dda5a	2000000547	20.00000547
1D2HSbjWGhjawumz1JVxDtPXFPG2hyvARq	c7607ac8e1e08d221eabde2df1ddc110f8ba50fc9aad28074bc7bb2301113059	2045001094	20.45001094
17eGauxoHu5bbnqLJmoTrXJ8onad6aimZ8	c797184f167a5d2cc04081c9e0ab4c839152132850e852f0615d3f7f50026143	2000000547	20.00000547
1Nuihtg1xzyPMoEu7qTLEiSsYzBnWgsHK3	c7c198315f379034f32af2fc33f0d8e4e06def85c4de78fa44f958661e00cb76	2000000549	20.00000549
1BeigBvj9eU7tdnVRaN6rphoTc8gfRPLeM	c7f98ba6855d1b5093c04f1411a4c572518792684eb9a74ccdd65edd83f5e1f2	2000000547	20.00000547
1GJo1QgnjY58hmji1hYM4mDQrVi3Q8pHth	c7f9af841f224b4e55adf3b7980a8d6b050a4337537c3443319cda4be6b568b6	2000000547	20.00000547
1GpS1X6wB9LWdntKxQzsMQtWEzWjPSJpHt	c7fc3dd2f0a4f0142feacac778e19983d599d79bbb3283d8ccaaae4942ada381	2028610200	20.28610200
34Qh2L3TXWBeQhPFcV68GW7ojh92EgRSFt	c82a73c38f0e3d69eb6caf4cd4568abcdbdd79820b3691a61378778e38e01d05	1999900000	19.99900000
175gUUBCmEvXipz6DxZp5UvVqCRDYp18BU	c84519e6d5ee258e09eb8913ee6af6615c131a42dc756c973055d39896523b46	2000000547	20.00000547
349PcMLBrWpgUuiaf7rxS9PYKvdsBmC9My	c847004feb2e2637af8e71900fce026c63451023f43ae440a1b78671107ea1b7	1989948564	19.89948564
1A3VBmdZUc2Xu5U9MvyeVPak5BQTpZLw8q	c879c18635c9a895b2dfc9c759b22395156acc18bc4d93802843b41c36f12765	2000001094	20.00001094
1BYHjbXocLtck9nZb33T86Sfz4cG1VRnEH	c8860f0ce59bb6e8989606e5fd6f61463e1bbce9fad00021b1f9094ef62d774a	2000000958	20.00000958
3QsGeb7EkrsaWuaLJ9fc8ELa6BYsLJqHAJ	c89472f1992f59e511f12a25681deaf3a58283a6e2e85bd974219ec7d442c4e7	2000001094	20.00001094
13iaF5B35uNzbJW7Rtc6EnuHoxJMQY5Vy8	c89edd69bb8619bad5775fea41959d3144a8e94174e00bec4c060981152ec6dd	2000001094	20.00001094
18tnTQJuDkJxbvmq36hECPchpTRanEs3Wj	c8eb8838f5b9014a3dc602930346c62080155d0771a9df47a59536811d040c48	2000045547	20.00045547
1Dk83gSExHU5X5BXAtcUYVHBrhmh1iAAQe	c90f1efe898d16da419acef9483822d5aff783376de89c58ac530ea82e113072	2000001094	20.00001094
3F1bwAujo5LXF43MTWLjLyMjMURABkWXvi	c93619e0f5c24f1590e944ebe996bb6b9a4e4b39e66532506bd197b1bb15035a	1986627361	19.86627361
1F6jfELbsVNFMaqjCYkfuY9BsxzCYVSksg	c95aa0d5e8d03f3346316481a6768dd0b12c132a5a4ebf3fdc80dddfac22ab4b	1999950000	19.99950000
1FgFJ63Frn6CbhPLFcs8TQfueaj8BSN1Vp	c95baf786bfaa428cb4f53a640ec84004a764c5d7719908113d579431552b410	2000000649	20.00000649
1PwGqo4grLx1DKiY8TBf1HgoUtP2koTiHv	c9ba977485c071fba11fc3279067ce4c4444020912192b321a875ee2c5e69564	2000001094	20.00001094
1FXY1s3kTFCD1muaJKz711gY9STpznpi6	c9d278e98b49b7850398deb63d98b7f6e6bb0ab9c1aad1cca7d9b5d453674af3	1999900000	19.99900000
1BRtAnbF5dqUwBUuk5vc5bq9QDt1Hc5UKL	ca2b371fa513af61c4c98b63577f051b7473687a0d9cad10729e50624e5cac16	2000001643	20.00001643
1HEZL4UioH1H5RdDSG4qVCkgJaQ2wSAe6K	ca2fbd7f78c6c4aafb59cd69537b034dbb3b11146a9b79f66b524dc3acd6a171	2000053725	20.00053725
1HSWMPU8EZ1jgfcVHtgzMcJdnjc3kFMsUC	ca449581ce2f53cc2da16921a22bc8d9097e2b4b60b8aa9ce6c9f1230ad43559	2000002735	20.00002735
bc1q5k7tth9ekplj4k4lz7lze7mj2xp6gcm9v2s6kp	ca6469febdf712c8f986665129b69facfde7105f7de1e3c2ab0d2c4b75dba69a	2029442952	20.29442952
19SRVESJy2gn1GPdxFgZPejGG9JV282zfG	caaa55a3828267196714a6a017f7d8301b61d1801480aa2f1cff3e98391cd17a	2000001094	20.00001094
1CVT8TKx3qhpJ9Jj64pnBqrTVx1nLMBpFm	caafaef4bc49a80166114b098a2462ea5ddf9eec7b95f9bcd1e909a5cf91beec	2000001094	20.00001094
197T2oEzuKxUugezSNG9RmvmFoUsasGjfg	cabac5eab796ce1fdf2e22508ff2479febd71e4ee4792d8330ec82dc393ab2af	2020155690	20.20155690
1K8Lv4p2BqviB6Q8NDZcVNy731rKYApH63	cad3215de4be648276335abf6077d0ce23655290b3b1d23ea30ad6e4cac1f286	2000000547	20.00000547
1BqUkuZrJJaMSsfe9qE1qCoiJGuZZmAZJn	caffaf43bb48312067acd307b4101715f6acf76e4d1a2f96ad8a7f45986f9123	1992325623	19.92325623
3FkTaStJCd8wtsrrcQsFhd5NWdmWzgGL7R	cb0589981ae0397f0f94a4b072d81cb1c0b379dd29b38410358f583d3e212752	2004010547	20.04010547
14j3cwKMEk4dGfjxzT6QLqBCgrnBDx8APc	cb13d6ff2fc6b9e146bd75901016b31e78f9bb6ea35bfed9bb9caed857fcdad5	1999950252	19.99950252
1FsB21GfLny7WcP3cfkDo25DX5ZbpKJt1q	cb1487c97d18831afe3249d9a0ac9756a92ad5d8c8728c62c12466593ff47998	2031160256	20.31160256
1Hr7ru2YBXgb8kTBBoVXujeHj2obUHZaaS	cb1ed719920beb3f0cc08ccbe33f1df7b58f28a45b30c0ffa9ffd67d77204f1c	2000002188	20.00002188
1CDiCF3tBCUXWUaVgJhFYX8ZHaedeExu5e	cb265ed9787f42f1dfcfe87fd4cc264ba98b8a6556147d8dc4a85efc097a10fe	2000001094	20.00001094
1CWAr6BFUosBu1eQQtg6Tk4zGz2YJiDm3K	cb342b9bc226e8f94414da0c2002cc3a94209983688fd0e385b1c42f54897776	2000000958	20.00000958
1NiV3Q3Ea3NtSz6MqbHTdtk7k7ukMWFgaZ	cb7781de7117123cff23991fc6b3c56cec868b282548034b7a1845e63c98d63c	2000002188	20.00002188
1FCuMckwgAw3iPNPs3AdRKx7JfycPrrb3C	cb8588044da6724c4055e7ca3d718fc1ad3d0a098532964c1670f7034d37626d	2000000547	20.00000547
bc1q6zrfp359a8pffm3yccc7ex5a322yhuf37h3s2t	cb8a6e894bdd005dea0f11755f75d5870e7881adf52e52afd53e72ff2fd8d47d	2000000547	20.00000547
bc1qmqazlsjfzzurhlttdev9hddaca9vu3882m7mje	cb93d502be61ab633afdc615da6f728ad22b88a39e728d3f70acc8fe3a3bdab2	2030000000	20.30000000
1UcjEHJqGBGSbLUR2UjXFdehet6J29j3H	cbafe968cae524d4822738e4c41bb402ffc846f6cd1ba12435d036194a01acdc	1999965000	19.99965000
19QrWABzPuUqFkoPrsfMyZ8qxhNYEXLmcN	cbe310058a8d93773e4b145cc4a8c2cb2208fd1a66670a737242c98ee723c2ba	2000746349	20.00746349
39zf6KJLVBLu7RhHXVTDNvT28txcmTWvNo	cbe3bf243cea8ca9bd9ca4313b514567c1d84a586f2403f5a919152a517e4b52	2000001094	20.00001094
37XhWUBUYpkXB6CKHP14cr4CpXtvoXnnGg	cbfffb92005948eeb9654c0dae6055096450aef0ea541d713538f689532819a0	2000000000	20.00000000
17iKjgJc2TeHvfPgCRQVu4PgLjodqp7gEP	cc44b29b445af3d045052d509d51d1a038cd49e19acd8ea4ed3b9edbb76bacc3	2000000547	20.00000547
1Daz36oMvzTfaKKHynzs6tFDGbK2vecqp9	cc86ab45ec9fc7622bca61efbb20335f4902574f699c61b028a74941ef3d3a6d	2000000547	20.00000547
12dgTQ1VjFxxj6eTUK52zzNjiCEHKeXTYy	ccd17f4d3c69ae2bb97c9ba52ba5399c2ebac40be46c703e4e2415d52a740d95	2000001094	20.00001094
1Kv8AfgMZADqdUyHeozxD9XWh2c8aPGkit	ccf3e61300bafaf7764c87446d525533c4ee0d683decc1056ae5a9dcf495d5cd	2009404805	20.09404805
1NBC7nq4wvyfLTF8d3oVbUnETZqz3cea7F	ccf4c1f5f50384209ac3da4f07707ae6fa58a070f069640f2a1b4da6f5ffa629	2009800000	20.09800000
1EcMWFdeYh6muUABFfqMceCX2pFWy4sUiM	cd00eae6e7280f354cc59b36e04330b8b30d66780fe2bacefc3298575f57fb77	2000001094	20.00001094
1Gjmw7voXn5YFX5ne4gUMn6dREoKF5JmFL	cd0afb429e63dc458845f17a4726cf331ff68706646bba914b5f4ed036af3af6	1999800000	19.99800000
3DsGK23sroEj3bpjTu52aLZeuUgV2Sqykm	cd0b191b4118d1995809b648a6591a74c3d2ee5bc85b4733910c8a872d4f334e	2000000000	20.00000000
1KhM2RvNWwvpeHMts2sLuLRMPR9gRp2DcN	cd0feb20caee3157190d81c778fa337dac97d857385593891151bd52db9c92e7	1989446501	19.89446501
14XNScC5A27iHmPPfUZ8DvXeXmyCWxiVqA	cd1022231e66bf1e9d4773f01428175f7c9fb89bba2a3af452413bbe197e8dd6	1999779287	19.99779287
3F6PhpNjLVTFxtXB2w34igXsM3Au9jVqgV	cd164d3c9b6c9a62419aa057310066e14025324029275d755bd38e58256f4983	2000001094	20.00001094
3PR9vUf5jwU925KaqbXwUP1w4xqwMwHj6c	cd1949d0dc9e0e11f8fc9d7c8e77bfcbcc4ad44967d2900db3f2ffe61c52e14b	1999918367	19.99918367
17f4GRRHUmhR43M77FTNZYAS8d55pJBkpQ	cd198c32b88a6972b714e3525b04c2da37d5828dcb24b57ae8962e79855f60b2	1999985265	19.99985265
3AN8Rfe3QHQU7gHog87vH7XtEq2uvVcq8i	cd33adda7d09777cf8fd0321fd0336599d64dc5eeec59294d982e85a402baecc	2000537541	20.00537541
bc1qtmc8xwladj2kxmusj3qlnxxduf7d0rasl9k5wd	cd382e46bf79966c144e3cb5bdc04baffcfaf5b17e1fb01265b86fc3efa8252f	2000000547	20.00000547
16Q81tXfAhicpbF3R4AYAefPd7Ardw6eN2	cd48bf2e3c7cbb4dd3f608df0bac79b51ca6042347ffaad5b6c6974119fa6e83	2000001641	20.00001641
1Dg1Po2vaYLvu7vndMjqXKh1iHFn9ndwTo	cd6c3450acb457b3c1c8c44796222076a53ee86b0f9e22b663c738b8eb317acc	2001201094	20.01201094
39RLT1Rddqf3EShXkBLaNoyPMWnUBNnkWR	cd6ca6b3a33f5b3827416e095d9f0e5d579b886d138187adf0d6097e9d62ecd4	2000001094	20.00001094
17vbhqhi7XT2AhFPp9kRjnLiHEW8DCake3	cd98c4fb8f9cb296c45f843b8a8717c47c2c492524b235cf0c9821ab9d64937c	2000002190	20.00002190
18F3QJtCsjSnzqCyzywYzAyg5Hgq4cVLz9	cd9b1af970ffe13c06044ccbfa975cae70f3f7d49ed2d57b915483ec6112c377	2000001094	20.00001094
14M929bGD5QTHyrastcoKfrVZFmehB85m2	cda6f95ab519245e0bade0ba22b30645e3ec553eeea39a765f955ac0c3c0d878	1959360000	19.59360000
1E9udzywu3zV6YANZWiPCcRhrAgUA6dKGG	cda955523d21e3c2a99c0c27fe02e23d84f5e17106e8f21b6dbb4ccb410a2166	2009801641	20.09801641
17MiivrR7dTpyNUDekTCEL23xR6TWuv4wR	cdb884b9f2d054ce6c88b507d22242381ebd402f6f4acfa736c4c76523ff271c	1994620265	19.94620265
13SyXk9sPWY7UXwzUS9DojGwW7Kfhza31H	cddca948667f58b516bb5f3c8eaa2e07ff5888ea8cb2e531007b23fd9d8e0f8b	2000000547	20.00000547
1AF51s2btGs7871uguzou8kr2gsQC5bhM2	cddd8d5b3f1a3647918499f202263914462573a71f1855df9cab54b30030b5df	2000001094	20.00001094
1EhiHFawU6xquqirCx2xj39kVMvHQQtSLT	ce0415e453bf9e95f752f8d4c168a3bc0746f2330ad5090a1a11e50d0b429692	2000001094	20.00001094
1DwB1obAqSQKQcGEGHNfEq5jQa3QT7BkfE	ce0d239bb80330b4799b62336432683bfbdf6b60db40fc143e992046394f17f7	1987002500	19.87002500
19Vr3oW6fHgdoXoePyxjfbDbkrLr7k71Ky	ce18e9adda8709698948bbb7a404507f38b3b0390454c893d6bbb14ddc6564b8	2000000000	20.00000000
bc1qcszyf4xj27rfjwhlefya4xn9pqw95c0ezqmcx3	ce42ef53a5ed2e402ec731f26fb4f39d4c41e8728bd991fb1afaf94a5988cd54	2000000547	20.00000547
1KnN6NqQVByJYzBjriN7B8mpBLjLCrYvX4	ce695ed6a1804fd7aea5e6eb127e2b9c15e1b18c0d560b620eab9ecf293d0aaa	2000000547	20.00000547
1K5LyFjFfYqCnkF6AoFmSWCNMNLMfywte	ce83bd2f758bb58546c70ec315924236fc4b98aa59e8fa48021ed8916b874d3b	2000001094	20.00001094
1PmBNYz9bUq5z1sYbzjd6eQtu7BNHbMJAC	ce8c6d16b60e02ff7b01946e075c8abff51df6a582bc8a6e92e27715ed9a3275	2023235245	20.23235245
14ZGwgwCBQVC6tNt5wqdjgfXVQYZa2999h	ce9dceea50328152102d37622dc3b46771606599fa6310ac3a7c227a1bb59351	1983175988	19.83175988
15KHGwwwbxRLXSpUeGtWZMR5qHKdmhfrN9	cec60b0e085990fc900e3a9c625176ecf0fb5f485b845ca42ad6206e30821605	2000002188	20.00002188
19XWhFdLCYAorwJHUk1LpUJ4qZBYs7KV9k	cefa4990a1cb6fa6f4def0ecc80173bd5a343b65be2bc55924068458d3e54bb1	1999895460	19.99895460
bc1qps2vndmkpg03kx53tlylk0ehlu88atjv4tygae	cf06acce6b5ee4d5852d3741928c1c423f7e363f8ddee3c38a12ce1536b298fe	1972710800	19.72710800
1PWHevSYztRgYFC5Dt8coqqo9gevT8rfBT	cf6fab4eb448981dddb0ee94f588ffb3e2faeed45a5baea28714669500559543	2028530219	20.28530219
1KWZVEayzGsrfejsK6pYEJEBLczkLtQ1Z3	cf7141bd364f4046aef977222b6e515f5afcfde81b5b4a9e0ec820dbe4b1387b	2000011095	20.00011095
3G5yx19n2SeWdJ6H4GDVh4nUmksKFmHih7	cfa8a175ca95e71654c7097efd4c0f4c5b75f5a04bc9d2170f0dd22fb9cce033	2000001094	20.00001094
16pLrg2anKL3qUtStn3yVKzwjLRU6o32mG	cfb624a765233b7a4c12df2b827d0f12ecca50c9e4cfbfd8b1e369fd544f44f5	2000001641	20.00001641
3KXosFZUwHpNe5tLcRdNopC3kDdMDqcq2X	cfcbfbd58ed1790aac077d0c4bfd53e4c214596e5b1c399f8b9cd44bb4a8819c	2000001094	20.00001094
1LeXvAvqiVowVzQU9QU9Bv2QUyvn4MpRua	cfd96af012600e3ecd8f4369477a1c873c9f1f1dd5b0bece1494bec29550fe52	2010030547	20.10030547
15FS88SKpN8M4zDyU2ge7P7fSLftt7TtMr	cfe20e55d6fd2186db25cf7019c161371ff7e812ce50bb81c2c11dafb6a31e7c	2000001641	20.00001641
1EJbSoeAjGbJkgdd7VZz6zvhWEkijzT3Tq	cff722df9152a6ab6df4f30f2bb41603620f149eb1d97920f15dee5bed886667	1966000002	19.66000002
1KDZgVL7j6urth3gx12p94RUAmuFhRqRUz	cffdab71a21cc01549e4ac7f8cd69865a1be3dd03a9a48f7e2719ffd13c0d9ac	2000000547	20.00000547
12KwChCzK8beGuH2Md7GbF7HbJ4HKvYwgY	d046021b0a775ff15288fa0859faf0d5e29e0c4d957d392c28cbe66476e9574a	2045091790	20.45091790
1DsUogZTeLbjcRNUvLLbDeR53higAqpNDn	d05bc2d899f5aad4ba517ebdff4e6b8ffef83835e68a42e432172b914cba42d7	2000001094	20.00001094
18USs5WM2PXp484SqvS1aF8CmPGHo6J7Fv	d06792fbb7096afdb56ae1311938790472174bbc2f643f1ba275ee4400c76304	1956688210	19.56688210
1ADLd6SVE95yQcUGE9emk7Y5x2i1AnZKEn	d0bb5abcdb2c1191effeaf8392522633b9900297fefc12398be05bf4c54660eb	2000001094	20.00001094
3P9QRWz68jdrf7c4YPE4XRsK7pn4K2S9KS	d0cdac7ae01d30d38180cc0689cbfc3137732ac4f2df072efc17dce3c593a63e	1990000000	19.90000000
35yXDKtGiTnCMSHm799f2cvpNDudB8tb8f	d11012b1789ab96fbe2f7b6340107a8703a3c0fae3317789c01741eafe2383ad	1984637717	19.84637717
14RtfDQfoaQbFLTZNQnrBSSaYSdzxKpjsn	d111193e606a7dd0476af27df7c463e43387a5aa06b2fb5cc803209843cb8147	2000001641	20.00001641
33wxYcvGvLPx74qMaKceBvEc4d7y9SAAbY	d1264c8649cb91ae8d406a64728d5ea06eac3fdc33ddbd9c2c5bc940c42a4266	2020000000	20.20000000
19LUDGsSAZX32n3TkErrn5QkNMBw5TcbaU	d128d0dfc3db6e912fc9528527d61a1e62ba0d562a72594b32120191e000f5b9	2010549884	20.10549884
36sHqjyr3zKjbeThpg1X731sRcMUVS826A	d132b5aa3266441c3897a230ce74a3ded3a698580924919a542870d0dd75ec8e	1968138455	19.68138455
1LfQGrz1b8PK2po3xqvjNcUQcRysGyBuqe	d1427911db98806487b90cea913798f2d0c69c00a4df1c537881e088b47b6962	1986336003	19.86336003
3HUo3vVCQPyQskbnHJBuzZKh26Qhid3MKW	d162808a251f90020de9020fd14fd25ce58ee07bb21023c4b968a820ef17f257	2000000000	20.00000000
1DweFVLbuNpXBCcm7MRumxiTJYnm1Ef4Q2	d1905647a0f3f1eab219d4b4d3be5c9a1cd98f8307f2d670d38444f38420139c	2029722408	20.29722408
3CMsEeDwb2DBKrydZxfGmV27GhnbD6y14i	d198a507e66a51a4f9e1cb8db35cabc9082fa292c81706d3f0d750ddd71ea34e	1954000000	19.54000000
1GwNy29CAZvijpnLvMBXHLTSVtUWjxdHqY	d1a7af789a65716111f32f0f1c7a253c6234360b32d33e3654d2183b8577acfe	1959610939	19.59610939
12vRDg3gi2mQXyxCJft1bnRtF997CdeKqb	d1d03c0e061bf724374684cdecfc5efd7a0261817e244c22a29d16415eb1f5c5	2000001094	20.00001094
bc1qa3czz7mtrayzmd0cm3cvlysmdr9rptt0nt63gz	d1e63d71e18d295262b48dc250e718cddff471738a75cf40158c180a34c8adf9	1999939842	19.99939842
147YAjGujz9exgvK3QCw8kPL6wAG8yn1n4	d20425011be4d2f633aa5395e8e255838ef4e8d86747264c9efb584a3607a5e5	1980025064	19.80025064
1GFtD8vbT93DzXABEXrWwr9GoUz1ztZ91M	d2107efee7970931d378f22705a19a04a85f7f9258367ad346f9d60a2ff50908	2028443817	20.28443817
1D3PFDjJ1SdfxboSt4pzwvMvBrYwKueJge	d243628e4ccdb304bcf097676465358939e835b9d656243e08d6b9c500e05aed	2041831883	20.41831883
15qfo1iH9TBRySgDgZzaM8TH2KqZQ9VSnk	d26b58d38ca3925730758a33ccde3dd0197c78a9ee369cb3b86d312ea5ed95c8	2026907283	20.26907283
1FAgRLAqtFKGqPCR6urLDWPhPM3esSURcV	d2a3983db03e35ebf52f13ef108b9fdeee48a455ea72ef0b2eb2480c25abc393	2014725015	20.14725015
1Mn2JvH77GqM8oSHkwWEJtrgWBnvuFH25g	d2d15a889eff2931473599f3d1ca158ba54bd5dd42997f48ed9c3ad70862207c	2000002735	20.00002735
1DeXd8YcFfNfdgisA6awB13ofV6C2e9uTe	d2d1c8a87de14ec1d5b28b07120110464bc3712a14b83470377140136e856455	2000002347	20.00002347
1BdoJEkkajCiBzVjtNgjQxn1vLf7DNN8b8	d2ddf5949a4fa57a6ae7ae874d25d408a4ea844cbf0114c6a2325c67195ad732	2001001094	20.01001094
1BC66JKzAEBXEb1LUnBHSp32pvTnMHAfJn	d2df48b2f62a2601ce9e3fbe778eb4be82775634188c46eff51a449115b3e35f	1976909729	19.76909729
3Nwde5TwQwLmHyGBkv3WQ4MBPKXEJkZzx8	d2fe03782386915952b22a423d156c4ceb569bc78093a2203fc5521a26c0c899	2000001094	20.00001094
3Kd4nkZC6XvYUDqo9bLBETjR9wiFj9BZpM	d3027e5f3d85376cb6e3f1149a3c107d5a9453ddf1affc4e324d0dcfe70f1be1	1997027844	19.97027844
bc1qnms0v3jvvplz0ypvtzfzha836avhh5a8nv9tdk	d316bbec37f1abbef64b4cb070dafaa757e492ff70da537e084fd160fad55895	2017921952	20.17921952
13eaLPUhqjqKrVJLtqVTJkrih4idNGf5Zy	d3314850123f2bd24302af427726ffc1abb3424006eae806fdfb4083601167dc	2000001094	20.00001094
3K66CcmsSLtzvLDVPW5NGrPS6hn7vMsyRU	d3402174c1b62481b54a0377deec782c2005b6207955c868cc26ed3f33060af5	2000001094	20.00001094
1DeTMsatkWXxzH2ACmrnjQRoP6cRUtSL5z	d35491a265a58944ea65902048b246da776a1715ed49e267b47d2281920f3507	2000000547	20.00000547
1Ft12gCdT5brCPABqSgbBshZA7ALQ9LQjQ	d377c0af7c0a8b1e98a03faec5bc986f6e3f0b748d47749bee82e21f00c8ee41	2000000547	20.00000547
1HtS9bAyQJVpXgECtPpnuQ7VQjT8cjdGYg	d38af6e4725826823b75b9710e8cbb41c4aab538727be4f6a7416c0da14b9780	2000000547	20.00000547
1LwQAb4QBjcbxpqraPWTF6iPQS26FWU1si	d39484f0f8ec54b0b0e82c250b33dc17ef368771a16ce42a5b1459587651c960	2000000000	20.00000000
bc1q5634a27jqdea67rxkd6rz5r9ew8x2ftczlvjgu	d3a4cfc5949fa51b9cd360a2d9b33c9494fb988908332bbbe44cf2c2b6266376	2000000547	20.00000547
1Nrq4hhKogRqwFZYWaUELqJSTkmkhyPjLr	d3c640dcd9f82901db3a234fc3ce03910b2389842c08cecebb66695f6b44401a	2000002188	20.00002188
14kWZfqYCXVCCdwxqzxSKcPctw8Y1eTcRU	d3cf3e782d11e907e6209270ad04ce0cf9b71c7c2249c7a6c743e6084e282956	2000001641	20.00001641
37aeafP82LhLkm4UaL92SXs5pvDC7oVy2u	d4007c00fd68b9fc761ac786d35716239d585bca5f9b9a5954f8d92556d00c29	2000000000	20.00000000
15QnVLftcWcvZybsQVHyKegpCW2YDuRMCc	d4539b72d84b94968528908345bf3e62c7fb186c43ebea26179c7e9b2fcedad8	2000002188	20.00002188
1NEqShUXfxBcrZwT5W6pRsmzBgv2tTfS3k	d47d3fa2cf8bc6755de8ee326ce6155c7dc6bdd65f3c43441cfb80e435beb7fa	1951672029	19.51672029
1P2eGAZCKrocr4oVCsVPA9KyujMD9soryY	d4a15d588609441f3df4fcb9a3e836a3c1dddcf9824ef9b48ab3d629886c502f	2000002188	20.00002188
1BrZTxxgoFfy6gPjQEBTsaSToRU2GzRNuo	d4a1d4691d69d1b51178a2409945630dea93147b06efdc2363b538ef2fa48211	2000001094	20.00001094
19ksUAkhazixBB8NgpttntxAYbSZJQnWXR	d4e4b043b68601660125691433e114c2e71ce3dd85571af4314fe52d6432dd0d	1975038218	19.75038218
1KXajdm3i3XxC4aGpxfbZr4GAYyCAjopsq	d5118d1fcbaab3ebec0e35120b9eec314ca383e6abec4346c896b4ae8b694b92	1974619878	19.74619878
38a5QdNQAjM8sUMhg6nGzM7pWvkbm2zBsg	d53bc10fb07986af77c4aded019fd8d253e208ffff9d77e10d4e4e5b972bb2bc	1988087878	19.88087878
18B3jSPqwzPjv4XWCfzjMNZ2P7WK6PQmoq	d54ff7725a79c35733ea0e0c1b647fba0f4093e549981fa53e680a0052b49973	2000001094	20.00001094
144WFRvGLn5AZnMG1AMRbSFP75iV1aKbcw	d59b87aa95c2b57fa28d72a23179778de0fe8eb631c260587c182d3b472140ee	2000000547	20.00000547
39RsZHyWieG23cRYqmthHffpgWBmB3KtbC	d59dfd2249f8bc7fbbcdbf72ba2fbe2083222a4d82c3a0382cff88723937f73d	2000001094	20.00001094
3NRbQRuGutszKJxhNA3MKEhTQL7JBvwNAW	d5a01bb1644986b3c32a471e1629ec6984f3aec14f47f1c7a17ec340e13ca711	1999900000	19.99900000
3MDujsbb2pXdRGDngwEfmidxemjyZrrpvF	d5d3491b12cfd5b14c04b479406a8fbafb9066915a30613f7313c6c7e0181af2	1988593500	19.88593500
1Az4QDCF37TD4p5S6btymPDThcM7aJtQFp	d5f6c8e4ed3b899a1e702e21fbb17374a7519439b4c8e165460f8f60fe3f4d7d	2000724620	20.00724620
bc1qay4en9w8upjpvepukhcthjasac89vw7ejv34tk	d606fae5d21eea19d469a1a3b997d75748f5595fffe6213e599ae863cd04cd95	1999957093	19.99957093
17uMscLRNmro5XGsV8t7ofUppAUNu74jc	d60c046654b523c0f085663f0e0e3133380152095e087adfd996a4521e4633e9	2019836658	20.19836658
37NwtCDGGiH7rRyUDWC8SCHfJpV2U4TfeR	d629f2439c146d0e9a3b343caa3d71127255d4ab8fe529820a35d54450c175d2	2000001094	20.00001094
161xztkV3R6fixi59UpdM7dAeKSrwZGTFZ	d6630dd817b01c09de3816896a890f1cc930c67c031ee5c7e6983a874b520fe5	2000001641	20.00001641
1EL54vD9AZnnQ8DjrsLAYyy1bfe187SWyN	d66d33ec86de47c062d52ac225fc05cf796c78fdfe95d2b3f43facfefc5023e9	2045259670	20.45259670
1MyidesUmvVPp1m22AExxRJYJmE6xj1qpW	d6750630b0936a5d34c8a6094151adf01af3f50f7371c831428d84f516687171	1990031000	19.90031000
1CqKrJsHXHTJTRpdrpb88PgqK78dHKdsAk	d6be7b40af51755fc492a46cbdaff8f7dfb062e5e113825f4c879362fc1bed9d	2000001094	20.00001094
3NQwtD1V3NyonGwsgHfNrSZo5oivKXTNTS	d6e159c6b48495d9413c0d509a05eef0afeaf0fa2b6199fabcd859509be06ea7	2001001094	20.01001094
1Ec8QBu9e64sMpRGk2gnJQ5tjkCw6SaBwL	d6e63b2464ec5a389df5c24129714ee0420d8fcd6624330fac55e031192493a8	2002001094	20.02001094
1GhXAw3iUbbnvxpTr4DQvSnhGf9SwnyHH6	d6ece513dcdb9839083756eef0cf594760e2f3947f50ecaf21665459f21661f9	1985695180	19.85695180
1Bpzkwsk3LrY8dzc7b2sCvk7dzuud1DoSs	d7256ff966e9274726e325b7bc0972960eb19c8d0de76f57c3f10d2e701f9660	2000001094	20.00001094
18BAXAL7wAa1gwzYgYxuhEqowLiYfm7zzg	d7504b997bd67694897499eda8ab26c2e342e8a3b36cd3655889fea65e466ce2	2000002189	20.00002189
38K7EPY6TqDGpoTezzgejspvuyqbvzDeBL	d7547dc7432400362e9861a24a0cad394d3ecbbce4cea30bbf51539a9b93c1df	1999910359	19.99910359
1PDfWvosTMBLz3x3b5JkrS9GrKai83XPfp	d75ddc9d48cf151226bd0373a16b29236f1bd4073e6aa9f0a3ed8595698bad28	2009001094	20.09001094
139qcnxbmyWaGdx7ZD64HUZXCcTonukAFR	d770851181eac170f9401a2a033d9ce657d193abaab22f97d6af367e3ad8ae73	2000000958	20.00000958
1BHmdP9Lv8JGQrN4oDyPozXE2q8f4va2MW	d77d62d744be37f6c65b2c455b49ab67ca47d05cc9da13d9fbfbff035b49579c	2000000547	20.00000547
3NBgc8UXhrj1JjN1vt2jNdhpGV6vUP3zCq	d7a4d3794df08e354e17f1cdbd0c68d98133b5ec1a02f4686670db5470a22965	1999943385	19.99943385
1DLaJfH73Z53yk7CuPoE32MNJGc8LKDpML	d7c99d9f443d09e47b43fd1cd30f6273d20c7e40429a4146e661694af8ba8489	1975000000	19.75000000
1CjrV53KqFz2j1fBBf78xS5HHtKDU2PRWx	d7dadeb92fa4b4750f1945c0e373c772e250455270b70ec0ee35c17f748765fd	2014063410	20.14063410
3AExRdy3Kpt7ou5uUcw68p7fcSXDUx9Uah	d7f604442c9130a4366ad7f69124d308b2621a4309d3b3d7cf93ee6b6d05a730	2000031000	20.00031000
18nBLkJ76iew3nG8eud1ozFQfHErTsnzsY	d81b9b13a9be286e5f399162e6c5b1ebd47e8afc7178ebe44034522dfae7fae3	2001890104	20.01890104
bc1qkme8eruz9r0l5m27nwr0h3d68uvtku9tyg7u82	d82f53a2cd7062b4c8f1c51b5b55dd45d3cccbde2c3d90e399f69effc47ad0da	1972995600	19.72995600
bc1q0s8s85455ktchesga3urysnra9wpw3263crs3m	d834326c871fbab2af43139b9302cadffcd11e1f2785155c10233f7f5439f71d	2000001641	20.00001641
bc1q74tsx7hmhqtz3h3zs6qzs5cgys6xpennjkdrz0	d835802ddfdee663a2f79d08b84351905dc0910d0ce0d4f574641a9912a5876c	2003691387	20.03691387
1MhiuzegPKvUCuxPaUFvNWjHN94cmrSpKs	d83d588f9151840e7553cf246c29d9e22971474f30f6591e44427b00049d3a3f	1984995431	19.84995431
15zxRotBayw1oxjyiVyXTCC8DZ3MoLuTYh	d83f1e75475553e282a67fb2f259d14d3d9555035af48a8e1277e9259a9d2936	2000001641	20.00001641
16mEyvSwrgrkSgoBy4TJ5zeQhr7poGnGMW	d84ca6baaf597d8dfb5d3db6c93397620e7747840c3d83cd86d2d8221abdc235	2000001641	20.00001641
1Q5rqf3tvPhh8BRyuT4hXwc9qu3ftVQ6Ee	d865c34ea3439896f3487a9e2046a6e4a241051aa5de8e90662f8a57e2b889e3	1994000000	19.94000000
3HJiaEK2M2oUcYvSV7jdKGyfx6NfFPYvTa	d8691957551eb49bd6e2ef9e55ca229b368ef0c481964a37ebdcde794f0d31f7	2024732707	20.24732707
12VKg9boooZqTa4g2mUw79A38aLaSTb8NY	d87355a11c7039dd3197c45ca8d5692b2e4a04d9e6b6e1c6f787b9cfc4d76ae9	2000001094	20.00001094
1BLvHZiCKwpFB2msHXaTAgYKV75g6XguQC	d89c05b86fc21da7e86c636a2cacdca3aa5ab91ad485cfad111dd2c28e6f29c6	2000001094	20.00001094
39NDndwbQLYdXaLkHQxVm6HMXmxNViKruf	d8e174021a7c5ff505f53ea43e34ee31575bb0c2d56d4d1382fe1e66b40b03bb	2000000744	20.00000744
12VswwyqZz4PZGVp4sxWTdu5Pj8DQHv4Dw	d90f748c402ee8bc271db7feb2583ef0c3b3ed07b5394faad89b20cdaf708819	2028660230	20.28660230
17sorzPUmXoAJ5nG9Mr9kNgwDHfZ7Ujovv	d915b6edc9f978e3de15209f1fa66e066b994448a0aea17dba19be650839e148	2042200547	20.42200547
1P9sU1PvgJggnSbcKgXRiDUJkCcQCYgJ5u	d945b728ef8078f29473a00e4ea1f6c9b8c07b932ccafbbaa26483e21a91bc7e	2000001094	20.00001094
1PYrHCX3euQsBf41txqisyeK7iLkXahrqz	d95089f6008df2e314412e4c613b66a5229d154e9c8d68ddf8f751a728fcda25	2000001094	20.00001094
12QrTUGg2rmicix6n7hwTsjs1XRJYCEwRn	d95462ac32a9389d2b1898dc558e83360c84c1d574054b3f8fa9f54a378e27cf	2000001094	20.00001094
1NzMbcCdfABoY6ChiwTEG38vVvVyzNQEsh	d958e2697ff9b1cc508fb0812d004175aaa6a55723bb7592ac46a568ef870c3c	1999988480	19.99988480
bc1qymgtfqfzv0gmpnrlscs7l4sevxgv24ydmvqwlu	d96cc1d3b0bda588774acd6bb8579b222096297fe8ba738fef9cec6b0ba73ef5	1991529780	19.91529780
3QSiUofAbKojqGSNCZdJkbhpr9oNqCkFaH	d9764765d80c5343f9797655dcac553dcfb625dedd3bf98f436edea329bff219	2000001094	20.00001094
1JFucywK9qwHiTAGMWzCCCjXdpRLzekiQ8	d97c27968f23821584f99784aff29f91b48bf1bbb7afd3fa99007c7a1c45570e	1999850000	19.99850000
1Dn278RRDzLjDg774cyECrnCYedHWSm3Xx	d9b8764e239fed38c67a6ddd53cef42a8d7ab080945eb054ef9826255ac41c6a	2000001094	20.00001094
3KzqMmnYQtDa2HXjucUHMHeMBwpuwEHMSD	d9e268675275f2fbd0220f27ba33dacc5b8649199e3eadae5a62d683e76a4f56	2001910600	20.01910600
1CRc8Y5YA5bdsTUvasonoxQy9WSPzg8Mze	d9e45a63d9ef855006244a146f17118fc8e67ab4e06bcc5a835dfccb7f8e5fbd	2000000958	20.00000958
1B5giGjnW456GDWoDo8mZnntxQSsWEzQ1e	da034bd74a6c52befddf7c5712ea7a6f2257735388bd7bf4aaebd03add2905a4	2009901641	20.09901641
387D33pfXTcc39MJfA2hmLPApb4VbZNEQP	da2f5420dd997098a20e887b712ecd2cb6ffd8ed9e28b81d0d5f5e60e7d93106	1958283200	19.58283200
1MViT7NcKzvuBLrKhWjCaideZXM3qhD9dZ	da435a9e2a40e7fd489b4ec32f2d398ade0f6109678b5f1597764e65218a390d	2039907959	20.39907959
3EuUwsmHFebzHFJNNMdstUgU4zwZNk1Piv	da6b6efc87efcc675d47be48ae19f5c44bd1c524e111648c166c2fa028ec4dae	1981985851	19.81985851
1JfPwsJXZsiyJbM9pxvySimr9d6z7qyGcV	da7d6fb630bc5464e05c117f0b5645c33beea0f899b7a8f9fa0f5a5084a3e5c7	2000095006	20.00095006
1PSYXkFg9Fzc8eiEBQDupJvWe9aU5T8HNG	dac2893db5dbe59bc884e91299899607f53c71e8261773605bc3beecbc2265e0	2010000547	20.10000547
3K1FNHtzTQajQoPUsTpbsEKzkjibJsAa7Z	daf5426da5922cb59f775b19697e860170b3d4cecb464782211d2f8ab395a19c	1999900000	19.99900000
17c7WkVohurY8ssH5FmT51LXdJKgomz5wp	db12bc52938310b01a2a23f4a333453d1acb0b75a98827aca360002b7efdc4c7	2000000547	20.00000547
1KCcZZcWiPYpLZa8yNaXLGMjTRQPUigJxh	db13af4f53be97128b71e2eb4b6e634d3bd6de5fcc8f090384c5d01fa8cb702f	2000000547	20.00000547
34gPUv9pgFuJryr98RBD6vp5F4izkvP7qW	db16546a98b67348347b755969d11bdcac88d0242996da0c41093fbb31a807e9	2000000547	20.00000547
18DiYHqMwNcai2bKFiZQ23Xi7XkAimANmU	db305fa4dd494c31d5ead83e93aa12ddbe0e9f9924b80bdec9b0a8377efa92c1	2025070664	20.25070664
1EGDJJ24dg8N8HjrV6odkUqstBwePvb6mo	db4bf41821bad615c6047cecda5da23bc380ac3ea52306a70349fa93a047637a	2000001094	20.00001094
1QAr4Nmy6oAswifwLYYhMyb3EGBtibv46a	db8bbcce3d9864de6a70b37cc2ef22eae3a0d2e8b91af1b14e54eeac2094235e	2000000000	20.00000000
31pD6nzKWEo42nBQ574wRLeAQmUX9Yd1FQ	db953d85933ba91aca73d556c88cb88d9965dd64f3e21e98462a1bdc030552ab	1962725031	19.62725031
355YQqYaSecVURPbb27REWerQ633D3sjSV	dba6df8a8f1d3fdc1781947b855f3c96b39ec640d75d06ff74fecd3a7f0b4e70	2000000000	20.00000000
1FUXFGaBThmHXejGpmzMTsVGSoEddV32PU	dcc67a31fcbcf98e4b1f4a31ce733527f9f3ca9a82486c113f2e5b58fc20f0e6	2000000547	20.00000547
1MRD1cc2QbhzrbXQzroRzT76f6m1EAXoY9	dcdfbd3c43a5bce564d907cef280783eb423f9a7abc77a2c8afbb2753a5a3965	2000002735	20.00002735
1RH5jvowQmhFL8iVNKhco396Ja2mAp7mW	dd1d3faf1e9d81b3ce432a16dc1c8bf3b3d9ad7f4157ca613712c854680cd32a	2000000000	20.00000000
18G7Mi1E7Gvo6HBLZJPYZDynAYz4aFYUZZ	dd3adc2816018e025f85acd7c927b203e6cf5d79e35177a002a8af84270700ae	1999563526	19.99563526
1LJkuG5q1ghQRnHCpgYydEqRQeBL8yKnvr	dd64f6b87a3f9618b6c0fa5e71f6f4c2130ff62d283112cf4d0ce32a78ff0295	2000000000	20.00000000
17XbFoEyQsE3m5oFZAVEirKueGyaJerMN	dd81907be8cf6fda83863cc49408f91ae119cdc909e77580e59c4b14537469d6	2000001094	20.00001094
1G3o2RHewC5M8n4LnBmYkNSBVChrinYewY	ddb93e89c78c9d02b3cfcae0757c1378c67dcbe2cf4d643b081001974a358fc3	2024442338	20.24442338
3Dk2zHNn3Bc4FnFi3U1nwCEEcUqkvt1jGg	dddf405c10514bba4d4ef64e5aacaea6c1af7fa5be436e3096f8aed0e9fc9c42	2004178173	20.04178173
bc1q5m7tkkggwdwyfmgvu2r5j64m8nphlvsr0344pg	ddf73067efa12dad788c3c8654b6c7b7c6d65ac67e86e0dab3b8df013612d8e1	1986972736	19.86972736
1KkAx3qv2DMeH9NMkZDNgUn4dhBaeHxFGy	de18344e2b889a512770acd8b06c09b8812c65971d2b0c1c3f9df4f19a8dbf59	2000000547	20.00000547
1GLeRuM8UMqa2pVhhBSTBVMwsinmXKQoKM	de2289c530e2d0074d83b001058dbd0c04f171d236b88d2a13be672b0c71e37f	1998650112	19.98650112
3EaEuxHKTY7VeAnvUaRtR8yGerGvRmBaoy	de327fcd53cece29a970ddd0b6c61698e42b3fbc2c166b6b3c88d0dfd5f2552c	2000000000	20.00000000
bc1qnfn950ne9a9sdqtryts9vxav3hdvmdecwj6jv4	de3f747c41997bb332e02f581f8a81e032eb2dd4972e2e2feb3c8f50764e4d29	2000000547	20.00000547
3QKKZRsw5HgBrmTjYYW2BuurmPK3qhnSMA	de4536031278bd2aea774c1d6209a956f51dfe6e0e6c69f20e17f3e2147b6992	2000001094	20.00001094
bc1qnqcsyg7r6sx2pay46974xe2a7czhjhldaxya7y	de5c1991fb8df9b55893b7325c7158175d1846db6393dec771a8aa18fc3dd7e4	2000000000	20.00000000
14rm8XBYkBnXwa9m4KrB4QtdiFZ6zGSwsZ	de6592498bcb8ce698786fb9f75f5a38d1412c12e43588b33ec0653caa492a37	2000001641	20.00001641
1EEYhec3BLqPAtLLKLH5TsrchNh5AJ4m5R	de77b4e73375f1a4ec5d3c2f22ab3c8cde86f674d864d7946ae0573d4d541d39	2000001094	20.00001094
1HbjZNnCYGYJhKeVFzPpgyWebZgqaL65Tr	de922b2d92310496120b65a4bda8e59d6072e4ed1c04cf87cc3603e4a64da98b	2000000547	20.00000547
3P6qUkgMTPf5voHLabmonF9taZ3oCYXcu3	de9af184a80ff3a7c0288e5db46829c0acd8f773928ce66de5944e8cad9f2453	2000001094	20.00001094
1GpBU9RNkdhfh2wDAje6f5RrZv7UmrTCSa	dea9e30e379fbb61efc530f84b6a709a7b7b58530b636eb949fa51c13b8c2ff6	2000000547	20.00000547
1Gu5cCGvgkCHcoMcz4PncLLTVD8raEoJZK	deb2289ed47a22d68971fc4831d6a297937eced2c9d2647b0c106238c98ce42b	2000000547	20.00000547
1G4xhwyuJfAGPres3dJj3EPe4TQwH7NXzW	def8230be2e0e3610bcdd862053682ddaa598258894c3b06d09c6dd49755804b	2000000547	20.00000547
1AggcsFFeQAKgskpAtfXyqANJiHBqYMY4i	df82b8f207bb60911b1bd179fd7fed2b912bdec2c9ba659ff0f2712c64623ef5	2000001094	20.00001094
1JexZHRoHHMibCuYNqinU7BbtvDv9reUT8	df8d4a09f5192ecf7a7974fc18978e6bf89a2e6b3e94455b8334bea825dce69e	2015001094	20.15001094
16h65Q6SwWct69pDFcsP5t2ENSb7GFpNQN	df9cbe396dc1d77365161afb799644662ccfa8881c35d9c0ed31f4d76dffd4a0	1999988800	19.99988800
15Zxu22dwzWqni7UnQUC4srHf5sUADKFqV	dfabc2bb71e86cf29af7a2ff8d7aee5175c93a31247c8e442cba6e064a82012b	2000001641	20.00001641
1BvzAVqZtGUAiJ3tb4wijX7fenGi2AUGqz	dfbb0c9681cbe823c1c34198245473745021caf312baa89d44037c5fec106697	1950001800	19.50001800
3Mf1qstYpHNdEEEyX974xktASiWo3iNXLN	dfc2d10638b6d39efd2d30a0d81b9888504cd1e575368a39639efd94aa240f39	2000001094	20.00001094
1P9ZgfY8DJz2UTtP9NJoF4kGu7ZFRWirtN	dff2e7d9abd8023121fcb09f9f2d0eb85a29b273f7b6c78e68970740d2b46fef	2000001094	20.00001094
1La1jjTdFN5tRb6KNxARwaB1daVRb3GvMK	dff7817b3b2ddb02eb99029e88a1ed3c8d097a73bfabed136219bfeaf76293ee	1955390922	19.55390922
3G4xgWhUu6RdPQyKxKPpgpAfsz4edhd1p7	e002ed3944fecc93179e2b6515cb846e21ab4f9b701cb1e176c2b37c29be24c1	1952021549	19.52021549
1Dvy1T5k3hKPegB9W3uNCY3wvZiKarguvh	e0035ac20226c38fb5dd75c1ab8827c1507684571fe3612c20a1a22ac85e0350	2000001094	20.00001094
1Pco9jiQK5gkHSp8DeSFJHE5b2UAVp44R7	e029512abf1b1ccaa5c45f1fa3537aaa25edf485216321a84b9a26a0faefe512	2000001094	20.00001094
1DL3pJydYFjZZ5AiRNRGmSVFhmnpHfSLz7	e032e99e6a895ddb54eaeb7c1b57e09b2f42c83c4f955b9f21a01c36e957fc4a	2000001094	20.00001094
191pbHMKzdQn1rvgAjbp4b3iE1CCruxMU6	e05183d8fbb57caddfe4761cd066f9a4e8a268e4d21373f11e38aefe690b880d	2000000547	20.00000547
1CbPg84qKjjjGRvC2h84VH2ZzsocaB8fr3	e0c81fb036a201586ac1e37e61b051588d7e3090615c48361ac78310a4a5845f	1978140000	19.78140000
184NzFbqp5wwSiaJaajZaCwqsvVTJHH98W	e0f649e624811dcb62320d69a856f853ce17b44bcff8f1fc8d7323e121ca7085	2000001094	20.00001094
1CZgCbgHYZsaAkmBoqozogHVe3PGAtW4UZ	e12e16720bc7b163721ad8e48fb1f4471b566deb3445906812f992f015c5678d	2000011094	20.00011094
1P8YCZrTZyzQaWGjJMD9bJ4ev6Jdwsy7UR	e1359831da7c29db24b2e03062e66d7b5f4589436dcfccd539e07ab4f5994008	2000001094	20.00001094
12KEfdMjeXdgdfqNcUrpEgLZ2GxeCsiWNy	e15db71470bc3c8352de80c956090e7676c563ef29824259c200274e79c11a7f	2000001094	20.00001094
bc1qpcfulqek9u522wejvuz0vwvd49jelhraed6hslkcxyzv0zn8r4xqffe9c4	e16c9dd6313c5fb8fecb32385062566b2d8a53696351681d6b12356fd8abdba6	1999992400	19.99992400
1GQLjyH83wkH1StWHTbedRfEUhsjfCu1MY	e17f5806b8590ba3c474f9cfa4474737317c335e180440c9b331050ecaf5d79a	2000000547	20.00000547
1NZj2pVvBjXrCSw4yRADuXHA91M1yn7Exb	e1a36946e2a1362df0ff300f1253047708fa123539ac15b9ec3fcf1b51d51ced	1998591375	19.98591375
bc1qesfqzfcezxc64g66m50aqfvlvezcehp98khgj7	e1ac33b30f1bcb9dab3f3860301d9346923d49cf7bd631a553c2c3b5e31cefa7	2000000547	20.00000547
1KMoQJkzURCwLr3FGDRNegoBXXnw3s71rT	e1b37134d042a19e8bb353a847620e46a5d5e36e4c1a7e27de42e266219017e4	2000000547	20.00000547
1KHZMrcKmH22sZ8sDTA6dNKMJtEFP9ZY6Q	e1c52ee5a8f2ea2e8448aac7b452c9344d778695f311c35287aad1add63ea3f8	2000000547	20.00000547
1LDZLdkYGxUJ8F4Liu8Jfkug7UVaFWmhZp	e1dc94cb2bae21476070863cd72f71e92691b58e68ee263a70dc0c2952ac9803	1996422853	19.96422853
1Ni7XSJ7gvNJQdNNxaz16yh4wwSJbNMfZY	e205aef9855f2a8a7b1654134d46791315243c45fd9b22812bdfda893c085a51	2000042569	20.00042569
17kWHPczYLvi6p2KXG5xq5bQCf1V4JuN7A	e2133ac4ab8df960fbd6fb7f375a909d0e2637d1486add9c2de4c9d5871cd32a	2000000958	20.00000958
3HkEGpT4HgQ7VzSRXdi5X5Vh9hnxDtDWjU	e222971df6f1710167727cf7d544a597f989098857fc6c2b4e9390ed7523a17f	2000001094	20.00001094
18bQPC6UcutGxMa2gYwUWSHAdXskUsck7i	e225da9d3dda05e9922edbdfcba337a36e171524501aa892085846123b210ff5	2000001643	20.00001643
3CNhTJF82sWGvUYM8T877Z5UUJxAker6oM	e24cb58eb82941f0e05726c95b1c0d7e2ad3e83caa3ea2ba5eccb7eb2008e70d	2000000000	20.00000000
1qwDdVDYXdqoakmgjh7ud3WbywAgS98Jc	e2710f98cc1cf1ab52f42c17d0327f0f0f78ea626046c1a97d4d390228e89c5f	1982782404	19.82782404
1JHP5rjUL9NcPbVzrcDuc1cRwtAzzSZsAW	e28a44bfc57b6fc3075fda3e4fba04837c02b4152c3f61d6af95f9997201fa77	2000000547	20.00000547
bc1qzsaaksjhjmtlpswepl7n3j3zmay5mfeghp69z9	e290e11f073f0820abdb9ec4cc6b81d9d01aae11f17fce5b5e9ae1c0661cb232	1999960000	19.99960000
189Eioo3X61C2SGqLRGbN5DJw5kcx7R3aJ	e29e3f3bcf2e05e8000566349fa8f4095f084a9fc1e2addc71f11dc0840bd801	2000001094	20.00001094
158M1zZmd5M7YCqS5wcFHa3ixps3XU2pPG	e2ad826e821f9049b7409941b201b0c5d9fd5a2bab9d1440356066fed478e2fa	1994000001	19.94000001
38f5FVR7u8Jxu17sqfjcsdNmY8s7r6CK2y	e2b29a0947700dbaf35109dfd70be7058d131f7daaeeec206ecc1bdb2308ba49	2000000744	20.00000744
1CLS3N7Kom71wVpA1EPg9hNEHdKqoBxpy3	e2e0645213e7173fef608280d6edc534a2abaf42ba8558c5d5aa8a82a2c1f5f2	2000001094	20.00001094
1NjP9hx8MemA8AtRXWQxep9X92UvGsXd34	e2ff02ec3bcdcbd60612d55e7afd6efeaff5e8a2dbfc4dad2cb1324c4d68c5ce	2000002188	20.00002188
3MxQiVNZTtvPVXXgS8AYHJYqBuBvvkCkwx	e307600abbc5fba88c24de797e65c331d78071a65701cedbd6a626bf3f21569b	2000001094	20.00001094
1JNFXcgb4gFT1A1S9TNFDeB7kPPXfmYimn	e3289c709546b4e1f6d8dca54228646731ba87cdfc354126dd07b015c9bb627d	1999990000	19.99990000
185Q6nZK2iA2YtLXBMLLe7QhFKAKTykrwp	e337bc54ffdd8af89bc73b35d990aa9f347ac1105968ffa102f1a62802323505	2009001094	20.09001094
1G7qgtCNNLx1xKvT6ycmRAT2WbJA3nGrF8	e34c044a65edff9d99c8a3d9dd962d6fafb14cb2268a86d813ebca54f239f343	2000000547	20.00000547
1xxxtzAkynEy8PTvj7bPvcP1Suveibc7j	e3816fbc598e26bc811cd071a3a4445c7914afc93737d13fccb25c45d99da37f	2000000000	20.00000000
3EpMWHEMvnjeCAboXxELeHB785TSTTDJcP	e3a69b5455429e7b9314ce7f9e2580e33b8aec6a925436fe763150b42aedea5a	2000000000	20.00000000
1PwWhLNRbh2QWUmgBwCEj3FN7fKdGfJkgk	e3d9506b1869e402c81d0a8ff805d68491e5c040be9e5966fb24412933367f55	1986630000	19.86630000
3HwaxXG7Hxc64JgTGEGVkMMCPkpdDzkrZ7	e3e59bf86dbc9edb4d1921c81ce226c69f12b12b9d0ea49a1c2846dbb6cc9330	1989999833	19.89999833
1fvJJfPELhgyYoL4qAzeZWLKG5kL8kTfn	e3f6dfe34713e4a8db4fe92db94fced86f2608aef15cb61b26c0ff22bc12ebfa	2000248599	20.00248599
1EQhd1QbQ2nBvy1UvDunQoamgbzH5quoDg	e3f74f357418b432058013745f18dcc243ea3a3719b97ca06e391966ed9a7b8b	2000001094	20.00001094
3KHFeehxjovzabb9z23jG4pxmUHDRhyW1i	e3fdb594e86f4b094f6ff680ac77b35d0028c6282ab7f5d90679a8b393197890	1972387022	19.72387022
1HdnBfEDXo3tNH4HcYHckUSmuP4YoMRsQ9	e4094339ef96eb7ec7100189be37bf84a8d97f62cd0a53d3035867641c367cd5	2035020792	20.35020792
3NBQrq3DUtvd2RME4uCt5t8WwsYJDptxQx	e41d41e4988ad13da485d47d0fbd7c6cbc270957927f53f8e8cb94c94a0eb228	2000001094	20.00001094
14paanzgKs27V4LtBJJfAcqPojmUi368RL	e4372d03870bea00a3f0fa3674cf205b3626f14d2d639f293cbaeff637375d6c	2047501094	20.47501094
1LWyaRCYAekb5r3QdbjSku4pGcDEsE6Mg	e497a53665efbad501d330a0b7bb8d059ae48d84e457c8ad2d0238df6231388d	2000000000	20.00000000
14boUFTEi5a2isv7SLFCUZNcHKPcZotZdZ	e49d13f3f898cc4f98b803f4b0cac9696df523ab0d84e65ccabdabf6dbefeb08	2000001094	20.00001094
1CwzdJMhgs2fRBkPZgu4RG3FfwgMeriCzL	e49ddb79d40b636e82d6131efed551c9372f6dc223cf054f51a3d357250e2744	2028090547	20.28090547
15ETPcHz5GWM2irDgks51nrULEGVZtFPkp	e4a62a252337a2990edea4c0fac02eaac7fce7432029769ffc436435e6725862	2000837847	20.00837847
1Pjer3Z3wAJvVgE9FHrSwbwFJBTseMhgEp	e4c0c4f2fdcaae4fa33e3e6579075d21e4b6ee87f384fa882a0e064a591c68c8	2000001094	20.00001094
bc1qt09y97ephuscm4j32a9tf4u850yvh7strmj6ce	e4c8f1109925671a25d138733599d7d31f7e6473acaf3c66c361c8a5a4d854a3	1999996999	19.99996999
17UVBzJpWrQZ2V1w8CcD81XYE7mSfF356H	e4c902e6d0334e8a1c553652c8a7d4fe6b1d8e7935c4323d7b157dc634f32d90	2000002189	20.00002189
158C3HPyvSSDaxr1fX3mvY4tMFcTcrJAav	e4e55215405c7324c8fe53119804314cc3b77522aa9a07c1deadcbdd4ee99bb4	2036005641	20.36005641
18W3dz7P2B7m29QzNGjJKZ1yHuqxNrk4rU	e4ed2a6a0885e2141eb46751201955108753863722f000223f0caf31b3d8e2d0	2024450806	20.24450806
1Jj1w5ASYPr9Yt1sZTNWd68fTX6YS2b4g1	e511a762ee7658ab38a9cb51a1207ea4945b876ef05941705427716787ab0613	2010214921	20.10214921
38vXc4WCN3z3XsXc9U8nEuMnHesg4dyZQ2	e56b22488f648ec0d355ad6fd87cce7a588951cc41f66f5328e23aeb41c93ce4	1999985601	19.99985601
1DgkAAawWiumGzTyEDL5KJ8rD2hGq9bXYg	e56d7e86587637576069f10e6bb8d9c814ac610528d1ca972caa3a47224b9a79	2000001094	20.00001094
3NSart42J7fBdUA4zBDp3BrcCMaVXKUNg4	e5e33bf0e3a62e54d681aa44064daa57a400486cbf10ab5fbc19bbb519d0a57e	2009945167	20.09945167
3Eoyy2axJHYc3UKC641Pyvf1z7NtURdzBb	e632888b4329b325f02fead031acb7fddabcfff9392fb10009209493f1ea8091	2004986228	20.04986228
13XBWaEP1UGC3pXtTY2u92ZgozPFQWS2yA	e645b9e22661525749067ff324562774248fae2e1ffbaed052ec4cf89102bbba	2000000547	20.00000547
bc1qhw23j5prwsq5udzm5qknt3a2ps6sfsqp449ruh	e648c9e64c76d1e6a7432fc792e36fc8ac80e0c2ed161d4e273b35cc1195c434	2000000547	20.00000547
19iVnjfoNETWtDg6g1YwFxcCT6gj4hkw4z	e64de67c3eeb7a41e8e448b3253daaf3e8e33e68befa60c928afd70fa6552d5c	1950719000	19.50719000
1BWLju22drqS2fDMZ7t1bTy9a2cQPkecBN	e67377d98a8501e1bdcd3ab69cd2ece3c36eff7d4ec626a1b17d4d361bffba88	2000001094	20.00001094
18b7vRuAjJ6BMC6PbCVYm9BUSCaXsLpfwN	e6ae838d4a537fc706b9edf56d5d9a09ffd9d78e6f38c9765074f0e594478121	2000001094	20.00001094
1EJNASrkHCsHb1u17TguZmSY4aMKFc2B4w	e6b0361be4948c14cb752ea103c9b6683f59d677412d61a7769d2fdc4db2d081	1999967998	19.99967998
386uZhPzgskisCvcswkXLd1XEyn8YzSgpo	e6c0c3cacefdcbaeb6943eb4ec50d5e16ec732af54f58488eddd70ccbaa9036d	1999900000	19.99900000
1PgGfSTT3DB9XDTrj2NGMgv3VsV5bmEXyQ	e6c34eefe66b7de404eb6734c9122716be556791173cf41076bc7d81020737b9	2020139136	20.20139136
3BhWyoFv6pNE874SAgj7WgMpNjh9sXHUdu	e6e54b1318273af1b7db1b8124468a44d8825dbb1f99c66fd7ac56fef3676d6d	2000000000	20.00000000
1AFUL6rQ97p7v5Ht6xmqqLZfgZGoCRJpPF	e707c57f80cf5cd8c48903b28e8b5fe1e8a8df004d1c83f048a9e1c8be109543	1999000000	19.99000000
1D3QJZvgTvVTDcKLjNsh8u3Jp834yyBZnm	e71029eb4900b541cb1ed2a92e6e174e20f1c185676d9a490e4fe96cc7f056bf	2000002188	20.00002188
36NqnmUkcxxUwLUBjcp2Y4oaGv94iGzxGm	e715f28880a994504ad93278ee7fcb41c971b3883ec78c29b7bd883db9f03b2b	2000000000	20.00000000
1LcqGuSWZ9cg8mcXNXi3aHrN8gT2cXcHzP	e71770468f9710089d79374ee9bc484ef2552aec7f32fb5ddeacc3e6ce5bb593	2000000000	20.00000000
16218esdQr7wZDz7sVDZ1aatAx9rQ2vh5i	e7463ad05f917b417a64810eabf06680a85600343f461c717998fc7b4234fd3a	1999850000	19.99850000
1F1xUSH3SaRGD9KuMSNoj9v1nVrtv9qg6E	e77a08bcb7364c5862c800e2a47748af9651e9d19008e9ca4705e2df74a5eb1e	2000011642	20.00011642
3P1k9p6e2LP1s8XDJkq5ajPtDuZZeKYgBg	e77b1f8a2fbe72ddec8581215d3eea1bf42bee64a346d81386ce0437cc47efd1	2000520914	20.00520914
1Cus5tPzSVBfx7vzKNKL4CJWeRKFW1CFZG	e7bb0d44234f1798e5e826c866c4803c92484c13f55d1a61b0c6d0e840711d39	2000001094	20.00001094
3B5udbQpDZEP5AK5H4FWa6gGGmiHYT7Vqx	e7d6bc99d14085ce58d790d70f86862ebe99f61857c592b8248ecd576d420318	2000000000	20.00000000
379hohJfQU41gaSeMoFr4RbFiaaX7vUQ49	e7f950aebbc1550fa6a31c6e7ca26f8b0b5ab829b16c98c9740cc2d020060df1	2002001094	20.02001094
3PDqs219KtfiSRbSzoc78Ty1ioDmZZgw2x	e81c4ddb75a4c75bd953b197629ce563d29f3a13d90e818b218c794da2074d46	2000001094	20.00001094
3DVhCKcPGiSGGp5mnuZ5iM29iUSxVXE5Eo	e8230e008e6d8cae4e8f08a5eab3591a9becb2bbf9987e45a41e6127df4d0d29	1999990000	19.99990000
38kfMB1KuaP1HTTFTY8yxBXpq4iJNnWsDy	e8232469922fa56ce092262eb780b84f59c32e23e930f44d60be3a48be61df52	2000001094	20.00001094
16fp5N91Pi6bZZqiFwom3QeHxaDFGZrDz3	e830fe6414f763222409b961f8705d6c3f0712242226b36ea8ce0ea1abf187de	1989900000	19.89900000
3BqRTBe82usE95As2Q3hfaK6qxkgA2heKc	e845c942823ea5971ac67a74e8971db850e3e714955cbf615c0268b8f11f6b70	2001001094	20.01001094
33Sb7Pm2Yd1HtuJhdDyJC3Yju2vXNJtzAt	e84f4fadb51aaedf627eb535fa8b61b6879f4d1dfe8d13db64ea0bc63ce4b6b2	2000000547	20.00000547
bc1qyd3qpfccvlpg2vy0ve0zqqdp5u4ke4mmn9l5ev	e854042c201e0175f95b027838a585f044ed400fa5dacb4187e83aefa948df65	2024200547	20.24200547
1Lpn9tdxZVajVPP3jyFZtNAYqUidyGjBfo	e8655bd110965761d1229711d3f352e0cb6f5c1985a27e59ca4c29ea04e0475e	1983800547	19.83800547
1CJBn7RajPBc8Ei9utL1yxoKgxW3GhkuM5	e8761149a1004289d984f13497ec46108fedc068c9ad3b1cad67cd558fd34f95	1963061715	19.63061715
1ad4HH35WKSSCPgfZAP6CizHejYCXo9US	e88ec941a31fd4a6ea4429a6af226255c004777fd291a29d52e43395bd90de61	1999000000	19.99000000
1Kb9bEcQUpSB9rndcvnWEBTnarfcfEkrAX	e893db71a43a4d2d02ec8dbced6b48c07304695173126a6903cd3e0722566ec5	2001012694	20.01012694
14vaU6TqxvSLT22mRKKwXU6RD4eVt7DnkJ	e89d91f85540125b4f4bd8bdb096753bc3ce244d85ef275bff3c1070b41192f3	1980050109	19.80050109
1Fd1uoPPC1WW43UKDvnNqDSo3GEYaZVhzw	e8ad6f310b5bdd961104168ea707c7ad57ea8b6370e1ffa59b52c34381969fb4	2000001057	20.00001057
3DVF7DjiWUuxN5CHNk1vCTP8bTif6HQnoQ	e8b73b0d5e22a4a81dfa3fb461eba850c5afc51bf8ba58e556a4c3582d48baa5	2000000000	20.00000000
1KJKHjNu8q9nQcbULG2fuxVsZZtvrsdtvs	e8b8422e7c24e0835f0d2237345b25208ac97d7ef3f2e1a2cfcdec5b904a85d0	2005235776	20.05235776
19hZHgZt94uXxSJhWDqxMpEZmN3ctvVFvH	e8bcb32756ac06ffdfe23aea167a87e6fc22aafb4d6369e72e78c7abe3506bf7	1988794681	19.88794681
bc1q6sw67lzzuprcnt0afn6dhzye257kaljaykj68w	e8d3d912749ab9740168f56a56088569fe65167163da8e01eea444025666257b	2033663280	20.33663280
1BcEURLuzycVcP3gEWM2jbGmYpYzBsbnVs	e8d8f116f7578bffe457e2a4e12d7fb9cef01926a1c42c86d715035f44348de2	1999985802	19.99985802
1NhwP2P7t7yHK7uS9tqvmMgAFpjEwhu8Gs	e8ddf5fbb5c6524986eabd2f55ca02e6ed07f345b671ddf9591aa3e869f6062b	2000334011	20.00334011
15QXeuYbzXsAnah2EhbFXh8NLTDavszZf6	e916e5ef40a9bd4bc17b5beb09607fb5bd4c90b392f3362ecb50ab79f07d79d1	1988348000	19.88348000
3QyGXQq8A5A9GZxFtGaLWfA6QyamnmrNpp	e9192406e1e8357d3d8ca1f7024d0316aa5bd99fe0b6629c5e37fc61ea746516	2011253641	20.11253641
3CJWJLh3W7zJJrN7XvU3QwgpnYQU9gNhvu	e91a8180499a683fa4a1ed611463f8b5ca22301240d04ec19fb6c030bedbe6ad	1999964744	19.99964744
36r2Ft38PruCcdfiFECsxWLkmvKFUjcLFq	e9613b06b5df12ba6741dbc603c1d023fe983835438fe2015c641e180d0e8286	1991890000	19.91890000
1LjRbMZRGBqe7N7LV3qUXnrCjMf8D42MkU	e9cc090245186d8856eb63ce4a53e8bb253dc53f9e162d7421af1126ad7a3c28	2038357739	20.38357739
1KXC6S8XabuQPpQa3329rEvnwyKAy8WSaD	e9ebf6c1f14b27a734731822a20e7d5cb8f866e37d03f8190361a6ab3a5af81e	2000201094	20.00201094
1N1NKJxMbBns1KaCLPeypseSnazmQodkMg	ea1123033914ff300982c079706692813c91c7030c857b872bba830a6f365bbe	1988714910	19.88714910
1DzKuFTie7Lgd31V3nZTNfFq1N6gYb7fh6	ea523cdb973c53ccbe3b64d416fd3ab055937f0710f062390df6615c6a67457c	2000001094	20.00001094
1BqtsJVCJddzEz9DddfEvNVLAaCdF1RcH6	ea5d50d7a1c8a72243ee22094cc010c90c3e9f0279b028e59809fe56ac30ad29	2005001094	20.05001094
14Frfgcnc2JFMdxp33f7sxSJPoR3gpyHP8	ea712c8afe66f9cda377e0d7d1bd9a63c71bc0d104c8abd0309cdc7fd689be0b	2047606444	20.47606444
1C1pX4G5z77QXdMNKNGahcFAWvZ71rs4Rt	ea753035042a2a387c490820c5f08ca5024003a1ecf7cad5d87b17c04a1b5ecc	2000000958	20.00000958
13Ph31f3PKg6ZtMDFXgcUsWA8bZeu6nmdX	eaa6b763d68ce3450d997ee4fb2a4f83e340399e07cf83a099b92c9f5817724e	1985322525	19.85322525
36U3kHgMDcfMpomacAf1j7DhYbutHPZmz3	eabb0f39b15df907f8afad1e8e6c269f520352b68ab97374a7221848a4b7d4c2	2010000547	20.10000547
3FGvF9Li5K5m6Gr2mJ2ztY5Pc4pTbP9u7h	eb0c90d75463206bb05c85a6dff8fca0095ec2d5972f1f085fbbd55f2af1cc47	2009951094	20.09951094
3CD6dM3mbUvyBVGbtsGaEePt422cAfP4uz	eb4177c33690938d1f5ac8005430c4257fcfdda4ad610a284db49328f690e8df	1999900000	19.99900000
bc1qpysqwtwz2uczqy2yyv7jjf0tfvv4jedfwng093	eb56018a281990b1829ed105b29fd92feb7d0914673aeccb32530fa30071dc4e	2000000000	20.00000000
17XNE5b6G72waeRoFx6ypwMGBjMevTNBhL	eb60f6dbf8f13db543c8dc6dc1a584ca99c8686509f61a719bef26abfac9045d	1999950000	19.99950000
358dtbkRaN2HwX1gA8FuXBPeNrmGtFmVLS	eb611600cc47b71d8661ed466361224573aebdcc4fee79f6f55be1c213991863	2011185299	20.11185299
1GsE2PfLwVQa9vfmCoFYbhrmmPtCZM4vaY	ebc0b161ac488e0510802833f403b12676b96601a124a15713352e31b42bc0db	2020010000	20.20010000
1AfuNGXMYUHbaYFE9GETTNtcAgpK1ePDcr	ec3a36349a385249024d4d5ea4d1fb7904d780f4dd5e68e55ae517073dbd607f	2000001094	20.00001094
1FRqDUNCVoeHwbBCzekArC31ERhLXCxW2h	ec604e7bbba8a734762c0dffb6595445dc3a70f79067cceab0455a84bb4117f0	1975134277	19.75134277
1BaYKCqHUbfFsgv9ZCBSZhbKH1hMUevsa8	ec7b224a3d2af5e9ebeb477f17ac6bd799c68f3d7813f3ce91cd3097a56e2791	2002701547	20.02701547
18C4GVsonzhc5eqenHmsbpYNA2TvdkA4nT	ec8f5de1d5c68b25d005718ba5177edb260c64d93448eb1cb17602c69461403a	2001001094	20.01001094
1DNf1Q2VGjTGXxXqquaurGwYWYzqpLArP9	eca41d53270da06558f83909804d9bdf7d570c4a8fc8b0726ba6eb963c96b1c3	2000001094	20.00001094
13es8tQ84GL71XwxeBv8bqU22Lh2zuX9d1	eca92af9d324fd323fa35df9084491f457d7104ca988294e5462d0e955fb3034	2000001094	20.00001094
bc1qnfwsn7mwvl38vfc5tphvwzkuw945czycu8chh2	ecc44424ea6a287f63bc6affc08bc08533b8b99e6c913d83a948de9e1b0fe6a9	2001334381	20.01334381
3FmPoDmiNqF1DuyyqGt9F6Xk4V5hTpZjss	ece23299c977411bce0fac1ad3f018cd6cce6dc334180660be5715f4fa2cb1c2	2000001094	20.00001094
3QK7okjSa8FcDBpn3m3T8qTGaW1R4oermt	ecfde85e6c6fe266b0426e839317990ef492bddfa4de1e9d1c5e78cdabc63b71	1954533930	19.54533930
12oNppTkwGTSQrBEeW2ATmv88wvSKD3kMr	ed021db4665b156775c21139da67498a3666427d20861b93afd626ba5a61ba56	2037426921	20.37426921
1LQrazcP9CmMd6ZLxycMtascgPmoPTGsGA	ed085edbf5f79175e024675416d846efa1caa764246fb716352f1ade723d3131	2000100547	20.00100547
1MywCYiRWXudMkhADmXies3rJ7K5uuQSp5	ed28e88af011f01c3b1c11d976f61ecc55c5a77ba5398a6c282da1b15350591a	2000002735	20.00002735
13vLtpxQVADettaxrBt2A69A2MRLCSbZAf	ed2f981b371a30337cc0b66125eab358087b2ac6a4fc0b71930dbd59f694fc00	1999993230	19.99993230
1Kxzxfiq41BrsoZZGhB4FonGgMRSZhYJb1	ed4a573b38135d150002ed8cbf99006c45bfaa92e33eaf2d33e9f161480ee470	2000000547	20.00000547
1GBu6rubpigbamJNKsDpC23nw4saVNFjDj	ed5164d3f521eabd3bbb69e9891f2c94b6852ec63a500dec0f233f97f6cf535b	1999950000	19.99950000
1D2a2mcrkxtdAPBsgCnS6ZfD5Qoy6jYgu	ed576634339f48ce8ac76a7393d81bb24e75e216205247d7a9da9f5f06c0d020	2000001094	20.00001094
323m7DGpsuW6Qa8npSY5TyMwytvZVfVmWU	ed608218c9a89a24abc0627105c26e2eaf0c59c6803e520206c0f1d5520929d8	2008397528	20.08397528
1GqvXzqnRMxpMreMGtqs3syBEHesSQKrB3	edb2f619df3316642740b6e5333d36fd7d1782a9be1b1354eb46678f6b89868f	1998572488	19.98572488
3DHYfpfjFypmu5xdQvdQFgSYfK3XSSE6JY	edf717d4f3c20a0ef79fae70cbca9eaa949da0514a16d6af1a0b8bc57f40db4a	1999720000	19.99720000
1CZgvMvH5S6nbmZJLsiq77io95yH9PQwtx	ee034a293f36946097865a29ada45998ba8fcbb8f3fb1505bd5d1004f5edb60d	2000001094	20.00001094
1jjbZnGGmrHgCoeqm2VTKbGVNiQkDy2RH	ee09c0e1e3be9bc2d72666c3563031825c6e9ec2402e2aeb8373eb5cbde3063a	1970888935	19.70888935
133LyYwd3qjfqcccwEiSSWkhxFDHB3UYkR	ee2ab86a05bfb84d54505a3dc2b17975a7e6125c736145f11acc49856a80667c	2000001094	20.00001094
1AUNMHALJqAXAZYdYRVeRahy9VgkmxHQUg	ee64c87616ca5b0ef71ab8bb88554f8632364ac16e0bff881cfe228920bfe0bf	1999990000	19.99990000
196K1gdJDszjjAQ2pJJ7QQYMfdwREdy46z	ee737bfbb2701e76c3ca0424737c7f712b0aa0d443352bdfd6e5e49b54d7d59c	2001357262	20.01357262
1A67mT71JYCSz2jUYX85gBnXMTENjgwJqH	ee8085c3949140896d94b1367514fdd7afb2ef67114d4b676c28e8d30c4d7cf5	2046490033	20.46490033
3ByeH2BQkAHmGfDA1ZhwW34USKoD4ZhvLm	eea308c52a4e9edb7134689d93f790f79818b2e07c755188da3c91e5592d1673	1983932766	19.83932766
37p9i5Xr91Mgfb2zKy7mR2SeZ5WjP3XPfr	eebc52eeee03490d543e1d37afa2f45f70c5faebb7d73e35927f00e4bf7d53c8	1999986649	19.99986649
38XUmQmVGyzspiCMxdi8ddVShiGgWB8tdm	eec4a7738bf6c61eb5ff8512dbefb339f056efe31eabdcdb4c57e129aab7d92a	2000000000	20.00000000
1HUqowNDJp52uWKMt5pfBqPEkiAoKLGvVV	eedc1726dfa5cb7d4550098da7dc39f343a1a5161608b1070438e31c9898e0e3	2014500547	20.14500547
1CbmW1dj5X1ZiE6WxjQrivJdp7YGDCzjZi	ef20eecb34bc606f3faf02621037315f26c4cc142011f5d62a27167b885e03ab	1999997504	19.99997504
3MTSMQ4QXmr4pNCt2cLHj5XE74dYyHjain	ef38d36151f5d13628fae838f1e412f0477e694fba2bf734f736ed1201bfb20a	2000001094	20.00001094
bc1qf72zxwr8dztrmdedlxmnymgcfdkur6vt3gy0cx	ef50505141fe23b2240a2dcd64ec47c79ef2a436f31d0cb590065bf5c8d00933	1999000000	19.99000000
1J9sFgZoTkJSVYnn7QZWRfAgsV5iyJnZp9	ef65a1b429c221c4f13b3a1c0f4fec4420a516a7d7a42a022583ef60a277d805	1999950500	19.99950500
15m7795FRxddgm68Uq22iiQXGJC2RNFhtK	ef7fe925aa787bb4b05bc483743e0d6eef412c1b85401255b0271267c035f16f	1999985265	19.99985265
1DSaiD4RfJca7pbLdzivyC1BcxiJXepuB6	ef8a14ff12a0234ef4a88ca4637c36982d6adb6fda076598e8ee18a3ca59791b	2000001094	20.00001094
1FF87KLvENe5sw2c2q1cXDLVvz3TfgASKE	efa94ddb4780214c1c69b21e13069f504b41a8c0261eae0143622dee25c42b74	2000000547	20.00000547
1HQ3Ufj5vCVja5XeJMqUrJMRke1hS3P6aK	efae2baaa33c2c3d8239184be8d2c6ef8345437c598bb5ecddd3303c46c0b9a0	2000002188	20.00002188
13kEYBfRztwA9N1YcZyoaQcisqGJCHzLux	efb60d6de08576b64a37f5fda3f638bdf3c007420e53a9b9f7f16ce41d0d45c9	2000001094	20.00001094
1N8Lg19dCaFSzNxzCXpj3NX7NbaLvg4ySb	efd07dfed2c7cbdb2b90c76089a5067d55d3aca31f762a380b7091483235d6ae	1999900000	19.99900000
13NTmGXpog1w3Yys53qjKAtK4mXeg8pRxF	efeecacc8671f829312e5f2f7090e5ca5dfe7d224919edb7a51af00fbcef792b	1967051199	19.67051199
12L119YGjhHL3GTqSYBGCTFv15aNzE27eQ	effaa0521e67c7106600ac2ac9c19a1486e18297fccf5dafd7d4d64b2a57107c	1999916550	19.99916550
3FkHNeUd75Zpp6PKLYoi7qgZBwNpRtqxTw	f04c9dd754dda6c02913305347a073ab987487ad19e8000af6ec1a47b590bde6	2000001094	20.00001094
1Ffc22y8zf6Ysvw1evBZzD8wXRHEiWEZWb	f04cf86c639d7830444d264c37dac65f6033b5dda8642b69afae62ae58afd66a	2039701094	20.39701094
3FcJYsaorUpueXAsX5mH66AhuRBfb8jJ3g	f05d233f2ef4bc609ef10f888c3afdff1cb1c3ad3d2f342707d1f36c8a353d5b	2008033223	20.08033223
1BCiC5AWydyXEsxZPD6GkgD9PkGA66iApY	f09897a08c3060108c9f7cecb8fab401d08642393ffb51bac53ea28051734573	2021003000	20.21003000
19i1xcUPLFR7JQEqSzbgcepVocYhcrUm7K	f0aa5de110652737d14b4622ea31c7644c82581e0b001eceafb3e4080be3c9e7	2000001094	20.00001094
16HkUEAx26bzt3aAYWXEWSUt6hLcrbhA7c	f0d1f31a2dfd86d7fd0e9087cde300498210d26c00f384e5288fbd6629504392	2000001641	20.00001641
1NY6vwGvBMw1sdJKSV8SBCgUKVXrBEZHkA	f0fc31fe6aacadaf3121f7dd993af52d9176812ba9f81c8c56b5c2cb422cd83a	2000002188	20.00002188
1ADwEhcniJYT6Dv4SCGzVuJ29mqsrpDt58	f0feba78579c622161c6f4e4680707e9f339ee931c1fe483be81eee00c72a788	2000020143	20.00020143
3C1VBmfCjrKvVPYSew3kScD6JD9TzoSnJv	f11e7498f210d14c7c86dc753b383f96b2ab1615a09f10cbfbe95d3aea1d1566	2000000000	20.00000000
36UT9DosiiCqcbDr4GP8HzVv17DGxHrzCa	f148ea0e18914abb9cfb52f49b5a3c7032384668395475c34a210aa67eb038a1	2000000000	20.00000000
3A16ZpwRCWbwbKjLqs2UTkN4YiA6udrhxQ	f14c6ec4a5ab4a5d0c1c8bc961dec2f2c43879ff50205c7a46a105fd5c7baac3	1998985048	19.98985048
19BrGjdDAov4LN7U3KHj7vwFJ6Hqrv9DvQ	f16f12d72eb5d057b11207d11c39141215bfd6cada8a4a66dfbee675498318b7	1964922917	19.64922917
1HBfSe3FQbcFSEDBCPfZpCmeEuQ1RZGJBP	f18e9f5ccac383fa541c49472d686c3fe30afd611e6691946319d160cf98e50e	2000000547	20.00000547
38mhgNjCWicyEgiqGbS5LPGmfReaGYzuFo	f196f48dbee46ff5648436e2a1e11ece96bb4869a4ba7ecd37c36ab7e619f608	1999854317	19.99854317
bc1qe0wze9k3yvucy7ewrz52w2j23yq6awmurn8n6c	f19df947bc19e83a20a2b659466892f5c48ebfd5cb42f7e57cd507c853b04701	2000000547	20.00000547
18KAfXSYKgXCMhf7WQk7jCh29Fay5uAtd5	f1b7ef09da3d43d87dd4b72d039b76ad2dd8d653f82af98e5e7eb998297de6ef	2044867961	20.44867961
1NLJq97WMzUTGnYqDNiCnbkNbwK39pRgAS	f2092455a635159e5bc5bc7b28e1732dc34885ea9d2c2aa834a06880602e60d9	1999948926	19.99948926
19vaqX6BsQ5TjQrR62miFfq2ubvxqtbMnR	f22f2e56e3070e7d7109619afce9dc8b7838ff03f0307e90f480c17ef4a3b9c8	2000010374	20.00010374
1PJwR4exPVWwqKUnwemmkzDn48TaKfzipu	f2687d5a174df3c19481cb28cf02b0acb3c4eca3e298905a686f76830ff645b4	1950377100	19.50377100
16T7HVN15qLDjLxX3WYr4qu2ZsgZZqc2cC	f26f6660e18fa084ea2dee57d35524901049cbddebd8cec1f6fbdbfcfd5767bc	2000001641	20.00001641
1hzXML7gXUYzeRUS1cZFPyEVYmN938BiS	f270ed79a09e94f6f6db4c8ce8850a1328f72db2a5dc094c083695cf97f3ceac	2000000547	20.00000547
bc1q9gy9y6dpejslh2f7qwfqgqfgrpqrrx82tsdm8v	f293b3ba83e9fd0916b6e4b86423cf4cb9073a39826f89050f4cb689c548e9f8	1962363580	19.62363580
bc1qtpddn8vtuffhkpykdc9hw38092j7850h83gnm3	f2a0cc5a55ce4838d7697f94f30860be78adac2d9b8c9786cd8ef2195a20779d	2000000000	20.00000000
3NRcazFYbtWMDMAw6ReHd5EaVMsfBrqnpd	f2ac1d5b75055fea68ee8bb7bf4ed2570e3a3da023713b6c32a5cc07e536ab91	1999507542	19.99507542
1FMiCmLuDaar26tgfLdSDw9dHc9A9Pe9Wk	f2d4c4def807dd0fb352328d0443bba0c72405be6d347522cad7a63496d9305c	2001930213	20.01930213
1CyeFRyfsS9ye4kmmV6jBGcXvHkiuRVTBg	f2e0267358cc71b59fc4e21967c4190f6331a088eab9abbc1643fdfc7f609fb4	2009975736	20.09975736
3DWDUJsT93aLvGrR3Z8PjGhoKqGmA4kUZz	f2f93e9f0f79d27dec3c6e4cc59b9948dc5805cb56e6e2f3ace139fd1176190f	2000000000	20.00000000
1GJTs1HGgwqoJ2Wa8QqpiYuGEH2UAobHqt	f2ff05c007c44d3c0b535fccb52bf96969e01db626dffdf5dac700ef6b9e1663	2028773361	20.28773361
bc1q26wqkx0r9vhqfsn43xwlrx8489ycc5g4nmjrhd	f30ee2a8447584a07987d02822fc0383d9c2ca7ce4bce7a3f0b7deaa055956b8	2000000000	20.00000000
1NmYCw4bMuskaxD6ndcZvwHQjrwqBrkzwL	f315eb96ea8bcf22d7fbb16eaf36b4b2b67603f64d221c3a67a5badb29e704a6	2000618815	20.00618815
1DPaz1Sdj9AWEzsvduY4wA1FxX14Y2XDsP	f3266a88e04c967ecdc42b4edf478aba371f5a77da2c3cb07589310537022902	1999949262	19.99949262
13druLLATqTxrBrmkcTsc7nX9z5obBS4VH	f32ac70f1bf971e62492307092c76af8e341d2a40a0d55fb493a21ebd278f676	2000001094	20.00001094
1HhX2gH6EiHJ1A94TjbQtDzfBUxqFtc7Q5	f341e7643f09ca88633e4ca8685fe236c4e3357f60dbd72ed9295736bdae059f	2000000547	20.00000547
1NEmvV2v3s9tsbU732kg52pkcH64YPQbGj	f35392cbe2665dae2e1d0cbd4816cb0d5af38461937c394943e5ae209ce51f31	2024950402	20.24950402
15sPqHZfVQFbEuaL4XueFdmiQMDsvEExQQ	f3c3745dbe28124a9b26a40c7cf66253f663af600723d29ea72b955afecc5534	1973592544	19.73592544
bc1qhwrh3wyz36h9nk70dw7yl6d57rt4huw3ymm6jq	f3d25440bc0a15180a61322ebe89a7b91945443560a1600b40762db75f95c902	2002243832	20.02243832
1FiryfduT6vpTpoWPTPV7gtaDXTYN85XPE	f3f59b6058cb5827b7e6f3d090d3828946de36ea2d61ad90d139ba500aa4a825	1965932699	19.65932699
1HX73s7vern4J3dkmfcFGowKqBiGyTV1UG	f41128aba1a9ee837b30c5809ace892b57660e40eb6db878d942eff3e9294d17	1980111930	19.80111930
1Cvq24Lva5wHprYAce1ewf3uDUXMGH97Cg	f413779d3e6a11996560a2d6d357372ffd700f538ef8b56f66db112eb251d7d7	2007210190	20.07210190
14TDJ33q5vdgVvET2quL75w5L7kvyfd2qF	f4576de0f90c58d05457bf668187b91606cf6ffeb077ecbd4e28befb4593d5a2	1970007761	19.70007761
1EYmdwYz7YsMTfePbxxXC4RNq599hjRzL3	f4626ff81b65ac86b81628d9df848f68261d865e21ef1a61e2166900ba5778e5	2048290094	20.48290094
1GpbK4iWrTh3pvFoApY7VNVvJpJgRvdNG8	f465dbbb5b13453ae7254c83338fa3e4dee47a9c193be9cb628a12450c379c2d	2000000547	20.00000547
18WeqEJeKA1ShrF2hntx5omQ14ax2WRWwa	f483fe629319629862447145293120980439055af0da2753482c3f633fb39dfd	2000000547	20.00000547
1JaewAqaf9U9TS5bqiJVmRXynkz4axhWLG	f4edf06984352bcbdd93ba402b52572bf82664429f72ebf86cfcc03f0fe02f8e	1992643076	19.92643076
1PDpaWYQSLPM2rdrz8L4RUHAp3jXCKTxrm	f4f1219518af7c3f8edad8f94ef8ffd2b09ee4ff58d807eb5fd045ccf117170c	2000001094	20.00001094
1MtXuC4Ejph3Qfvjd1HJXhshzXi5yaBFrb	f5bdc60b2297e3261e1bf109f6e946827ce748422e9c7cb763ce46edf2483922	2001626794	20.01626794
3CdNjx3SgFh4XeTrjq588sm6XcXh93BvhE	f5c07bd84553d33c71533b39f4e386209562d95f091b038f59a8173e445a60ac	1990000000	19.90000000
1DXeyjZXcT7z9hHpwXdMmZinVsfS1TXHnf	f5ebd6c18bde370ab7a0616a8cbd4d7a96fdb18a80487d1d71da03d22a7506fe	2000001094	20.00001094
1EvNTN7S5wumCYom5MSmz2LpDGUHeXhNPh	f61cbc5a061bd8c6433911009a3f1dbf6873117fa3880f83e52bf5bada34fa28	2000054547	20.00054547
1PHU8ZjFaBwyXCpeSM189UMNHWfSNZE5eD	f61f16e87087a349c248f9f06a0c5faa604d62ca259c051bcd19334735b9cb6d	1999990000	19.99990000
1CBriPAT8PhNM3cFezZ7mggrXnHVW6Jiv5	f6a136b49fbb951e62b35ed4f804eaddbe52e9709a24faa592be8d1e13bebb4f	1999973000	19.99973000
1M5vugWjjTU2TxQkQyyGVmpjEUJ79yERJ7	f6a5130b38c2e740aca8478334cfd401f794d8105c11c256eaee99097654b427	2000001094	20.00001094
3Nf4ZZCZ2aA9Uwe9HS7gDaMuvNFs7r2aJS	f6acaa24ece89edda652129a2489dc63c3ed5c2a80c0dff21d5df968c6caf6dd	2000001094	20.00001094
1DgBDHwtSPYjTG23x7SfRnEwNFsoYhTA4v	f6c11582ef7f7ca678a85aff46eebd87ccfb4e37223b689bbdd667987adf12fc	2000001094	20.00001094
35K4J9EHTHRJGmeqnbfmGGC7b6NHgTg5ds	f7017766ce8f71b0fed110cc40f5242d2520743a489e3ea2e3788ffa07134aac	2009951641	20.09951641
115ebeHQYWL6VMyWc4gAopwiBau5CbCScK	f748a80d6a84ddefd61b10d6bdddbb95629ec78afa87f3ece4d2d71e77b9fa89	2031295179	20.31295179
bc1qdpaq44479kdz6qslggyn0g3x3dfutvxvxz9t8u	f79f35fb64654fe158cef9184d0e0d24259fdc65aeeab2a0d2b507bf3243b575	1964286668	19.64286668
1HqQ6sXg98yqZwXFswtKTQ1Qhv8CfiedaF	f7d5c06f32f9b1fbafe98023a02e6e19af762b582b048aa53e53cade3e2a544e	1950000000	19.50000000
3Nw3hxeGwnmomjWyNtM4uZTLrhWxo2oWMh	f7f4f97ccb501830707bf85d80838324444e07ca942309bab5f81d4e6963661e	2006834904	20.06834904
12HfYFiE8rne6BYpRUYA6jMtmDiYcLwo5P	f82ba7931c100a11b512ec4e481102aea86d28ff5d4cf9784d29329015566896	2016001094	20.16001094
39f2f6aS4aN38jGte9cDDe7RLRtnugP8os	f82d2a8c8246e8799f2ee281b7ab592c1fd44affd59d3b6adfe9e7d6dff74b18	2000001094	20.00001094
1CWuAt8nXVVxZ91W2rQgyxjh6fVgcnJVcw	f83b091a0899063238afeeffee330ad8e99810118adb51878d4472fee8f36f26	2000001094	20.00001094
19Lxzgdm7oy84RxBJJXgr9mJpsr5LwvCAb	f8898e575dc0335a4cd2b201c8842435231eda0c8f072308230887d59fad9ee8	2023840547	20.23840547
1QJyW7oqW5gWuwuVU8Vdepp8iqKxLwvBmN	f896899c12a2b17d0c08d04160e21740a92e3267e88c31149e3e08f99c7791df	2000000000	20.00000000
1JztY4Tcm7zYrCAxyrTYKwn5b1FXgD657P	f8ca56f213f495c60199d2a6f1c18ea03f3e8ce3cf2866099e5ae16a89ef59ed	2023132551	20.23132551
34zxhmNKPfAmJrAMYQPotcwefTk1nN9aqm	f8fcbd7e95997d6347573f2d0d31242f4c5c0caebef4ef0d2d83c57d6704e207	2000000547	20.00000547
1F5iYFDzyAbt75MPSTDQ4ERg5ZGBGJfjoz	f909b5ef9c52d0db35e5a2f33e5c417d464dc747ec2f5c5b7b8cfb8b2c94b277	2000001094	20.00001094
17HEmBJ9n5384hG4UejzKQgrCiq2sKodRq	f92270d72c642a5c990b25f188fe72afdb001e5bbaacf2466e3824df10d2bf2c	2000000547	20.00000547
1CXgbSGD6fDZ72gnMKYUKTha3MuHA2DNyf	f92414de27fec8755a32c0c964c5cdfae2925977fcb1511b0cc4ddf32bfd3071	1999776585	19.99776585
1C3sm8xMjB9PqqhYW2SmeHaotyEiHtFMgw	f92ae877ade7391b10eec878bd99bfa29c19d52f33804dec2883046d27845ba9	2042235768	20.42235768
3ERGGdYhRS5H7NRRmrtMfZDLL159RNbgVC	f9326765da24a8bc4bd0006d0a516182254cdb3842f05fcd117be39c37656cdb	2000000000	20.00000000
1KCgzWJ5DjzwpUQxrk9ZWPFsV4Z8oc4AZV	f94c6ba9f52fda965d72a78c0a1f2a516db884e0b66241e42a817597109178f5	2000002189	20.00002189
32Z2MWMhNXGccwscF9gVjTWeu4MAbgpcSh	f9702158c47e1f2537da172c2e64a083386094a42bdf991a9aa41b25f6f96577	2044100972	20.44100972
1NhdGDKnzrJgnkuDEFAdx7fT2prbTEHiFY	f9a3a0052e32f606da5966f99bf3dab58371f402f35399adced0cbbb6802054d	2000002735	20.00002735
1JFrKxgDnYvW7osSGrj8mFWsddonqioLJT	f9adcd3d991b5cc74d74837af911357dfbdbb51404b4fc1ea8c169311b82b5f3	2035367159	20.35367159
17SeWwYBeEnYHkWsfdxYSi4hFbfhSBRtay	f9ae8975aea142f2ca99022d88ca0b870253ca0d21755d0b9cea0cef546c42e9	2000001641	20.00001641
12LCknM2LiQFF9hhXN339QXZKLwfWthiKQ	f9b320d091d30df6ef9eac8773a7f52dbbbf1a96ee7e164066ad46d25e4a674b	2015283343	20.15283343
bc1qk46fmwdffd572v58zyy0lc0d0nftpc53xvdqw7	f9ee63eafa0d5fd890d95cf04a8c30b2e8c64a12c4eeb174712732ffe9cc24aa	2000000547	20.00000547
bc1qexswuqamlerfxcs496g6wu49gs3s5xfkgft543	f9f22f0c612dabdde878e9e952a063dcc4851504e068670f7e36d4390151b75a	2024229748	20.24229748
1841cR5qDVjGTFUZA8K1Dny27b9gxaA3od	fa2ce77649067fbafd5797e914377bcc96418d090fde26f601b0bcb99f2bfbcb	2001001094	20.01001094
1D3Y32HN2GW672RezGh8siruXy4m2aSi8F	fa4f5632fe36ad7e7a7d58730be80086d87ec0258b2a312be0474fddcebca2f6	1960754192	19.60754192
1HXnEyZDTsUS61Bw8geALVyvfhgxE745am	fa5ec17530777e6d4745565635f04ccc73ad9d32daf0a01e5094996df0683206	2000000547	20.00000547
37ZDVuMbTp2VeNN5fqihSZikrDbbNRHgaW	fa7ceb153a7698889d6405249742fb2d534fa1c2f9d0ef68eb71078d5917e938	2006444526	20.06444526
15q33Bwz2Co86vmyUkxnvfEX31xNnA3Yeb	faaa9ddc5a300e2c9320d6bbff505348246d9dc6080aec306725cfd9a707180a	2000002188	20.00002188
1BWabCi3ceo7huz7drkkL5vCe83DTxmTF4	fafea421a2dc1a27864dd694414f6c9fdc4346bcfce1148b7dd5aafb855a772e	2000001094	20.00001094
1JHPPo7G2eHDCMUQGtheFMQ2htnvosqHx9	fb2607fb36c3e56192def15299625cd0f4b298f06705fea0f82e6bcd374ab504	2000000547	20.00000547
bc1q2mvr7pfgwsj399wk85xqax8whvn84lgprmlqf6	fb78af81463033eb4f56e8ae2bab5c94e830fa863a3922a0d7ea75afcfbf7853	2000001094	20.00001094
1A52ZuH9Feux6tm6rLfRbtgnnWfC6fdQ8C	fb9a9ebc1a24259b392c1d40b089575d0de7480d1a71e7788e4371f408495ea8	2000001094	20.00001094
19eWUTuYwkJA5GdwCVbwvB6VHepmTrmLxQ	fbbc712fb687a60ec1dec3e1a275cdd62c3e49828d2ec1ad9ed5e1f316242dfe	2000000547	20.00000547
39Ve3puadPkTGjwDUX8Tr6uGm4X6aqY9V9	fbd20c41562c99f3b7f8049069c93dc2101af99f84db392e7cbcfa879922cf81	1999890348	19.99890348
1JEcpHq3J1V9bjqwNGCgPG7oPDvpmwD4Zk	fbf5d25aceebd1134a246234bc6d41a180946a5347630cb9baae771c19b154a5	1999844668	19.99844668
1AQnv2fN8XgqaiRGRYcinMshG4LBswHuqx	fc4fba57b6e3ad7fe0f54294fd60496f6e9976f365d2ed72f031d7f5ae04a798	2000001094	20.00001094
1MSJrNvrjfyEq7htyqzetMBpjVWsVaaBRp	fc5edba97daab55a8ba9ce15d8ad2df28b25f40abb0fd593d21058ae270f5c07	2000002735	20.00002735
13WvU9RsHJuXd4WeEPuNzcA9CXdHDWW3rs	fcc5989060f686e765219dd4cc9001f7d12749332da8b81b4fe409684a2e8c0b	1992397847	19.92397847
14E1Qw3NV8PEiQ45JKdW6P4eH1UmtzrUYK	fcd1d62f04296d454c2a16dc45abb38bd76ea6652911f083a3608b5df866f65d	2000001094	20.00001094
1BC8p5Tw5aKHb3uy3E6DMrRfspSLVgpdtf	fce579363b82be90d4621f15ae0407331140f6a2691e72338d630a7b90b4a066	2000000547	20.00000547
1eSnz5qpAcavgU8yfUKzTvmA6SGMEX3vX	fce7955407f65dc4a2161e194cfd9c67e617a4c18f74af67cef2841709f920db	2000001094	20.00001094
3CA9KqXNnFH8pHDLZKECcybpAVvPNXD96S	fd0fe2d80f9e4bedf0a6f137b0e86c7e71b7ade39b1195b734056f6f8bef8bec	1999991516	19.99991516
12Qq2qxTtApxgi9qDbm4BC9yqBGsT3LWgF	fd10f99b93d47332162ce84b46c28e18624d60b469c0d5e8806436ffe3af4f69	1975161792	19.75161792
3HQFCQMdeBkwERTwikNsTX7sNx25hhCFyR	fd40c539ee63252027fa68038a36627389537aa813f31bff799b7770ffc4ba35	2045742039	20.45742039
14ZeovEPfvvx3CLKEop5fufx2pLRt38L6S	fd4d024a1675333ef60688cab03958f93a494ca1da68408a50c668a6f917f200	2000010547	20.00010547
1DuVzgkFNQr66RA8MVqMsEARePJbwDz7qg	fd6eccef15a39a5a7b6b3a7fa737efcb5bfbf3a3d1c6a56ab7055f2a0796ae13	2000001094	20.00001094
1NRBnAbPbHLu4nVmdv6LyHVc9yeHumKQrZ	fd8e3dce43843b6cd59675d38aad021ae0cf33d3bbc6f888d2ff81b6c18fcc27	2000002188	20.00002188
1Dv41qVwfgHKvvJ38oeAQAEiyHDzCBVk62	fd9b61ff7395c06d15e98c34522fc8a53539ec8c2d5730f82f3497cd42d84878	2000001094	20.00001094
1P9b3asXvwDzymobaSG4t4t5NvTemocUir	fdc981e8dc8a364d4c5c0272ca75cf656ce3c43874d422220b2a0b9adf9c828c	2000001094	20.00001094
37Y1i9sF1LSHJUmzFgBEUV5PsM4kFGmPE4	fdd0dcb9f19c78abff61d23c308ad60bb9a1fe20fadf44d92e00d0b08d921294	2010994395	20.10994395
1FKyDrarhmHZ8BNiMq27g5nobArvtqJB1P	fdd75c7f9016a51775dee17b8c0b117bd1b4311c855e048c98a16869492c260c	2000000547	20.00000547
1K3qkLKffbEf69AiwoND7cKqTt96gMqf3p	fdea3448a2230aa464e10d08297dd948052acd04d6ff3b3b6f234e80949f1bd5	2039001094	20.39001094
1MzTdGKQGjcH9prmT2oG7A1WXnD7gRhdM2	fe41ff41f331df8893e6294800676d7796e8b5f0a6e7a3c71a73813f81c4a67b	2000002735	20.00002735
1HvfvG6PF6FEGYQGr1QWAnHgAK7Hhfuwa6	fea44ea1c33d32d9d9b89d2e76fd35e10c2381c1337893cb147c1453d232fa64	2000000837	20.00000837
bc1q6f5jle38ck8r5wdhf9z8eptca84qwuf50k2fj3	feaa821583c51be178f260c29ba7c30a3b5eccfc563df0ac9d3dac9c66896466	2000000000	20.00000000
1QEJtMri7s4kFMCNxkVYfDhPtx9EFpB1bf	feac41e39ebfc29c588079fbcd419794739bcca271e536df085158fa4a99219d	2000000000	20.00000000
1Jf5rA1VJ6JR9PZHq2J74PzAPjhfVtwY9m	febf579b8b9bbe7c6d670f57559665d959fa97b6c3a8f51f111f7e139fca8eb7	2000000547	20.00000547
1Dr9XFTYp8o83jPzMQCsvWEpsBLCbxciB6	fec687e5b21077e12178b8a34dff0c6f5ca8a2d6af790364e54069fa5fcbb50d	1980000547	19.80000547
16cuts9vdTbRy9m9GKu9VdYYgN2pAi7LAE	fed51bf96be076908d81675d773e0e70dcf05d7f8b8cc97e0dc166bfc18a3c5d	1976472204	19.76472204
1Aydo7SMRJUHTCpYNR4638JQKkx1pgAS3B	feee5edbd381b71a5167869e2af9ab7ba5c8ae8914af03ffc32d06687abc9ead	2044979811	20.44979811
1GvrkwUh9P5HbTggkZLA8Pv9i1Suq5v4qb	ff5b7b577defb94202fffaeb363fdf99ed4f1a2e39efefa8c71990c85e753361	2000000547	20.00000547
1CVCtmMASSwejCsbAoiBg64zkG1sHsezYN	ff5c339d3b1599fa97af372f4c47da657446517071c753e026c8ed856a158830	2000001094	20.00001094
1NcWuoYUcZV8Hwm4zYVDrGds7ASPEVKmeq	ff9dd48b652845168814db73f3e40951dc94cc17e194e08db2b059df3eb2a55c	2000001094	20.00001094
1HPE2LMdTE3AyX7jzfKpPQXJKafcDaM6g9	ffba6dcb02e39bce22667f687760dd97e63adb9a96f7076704a881fbcfc9d4ea	2000002188	20.00002188
1B71GQXYm7DKXoqS2Z1U4xdMbXUL9p5wHE	ffc14d27fda4beedfbeeec2afb87d1956079750f13128cf8c35b016d223853c9	2000000547	20.00000547
14Hjj7wMDusX8D7FhB925MwPRsqfd8etbX	fffb82f2770cac07f50bcd11d35c380c6cbcc7b0de79d0475965ae2fdf2c07bf	2000001641	20.00001641
