scripthash_hex	balance_sats	balance_btc
000501f1301f180f651c6be1e83c10cd07a5f4c4817dd94e0913b17b97c41f26	1982143700	19.82143700
000f8fce2d49a6d472d192dad26bd8084cd18f2ff04ec2e154da24ba1eadcaf5	2000910706	20.00910706
001c6c34279cf8408f06577efc1851edd3e08215c29ac7968e86033356bd0924	1959859382	19.59859382
001d11297776c7d68c8d974acabbd7a365b7746236e2ab9bfc4498c7c8414934	2040699652	20.40699652
003d2f68c0bca171ac59de545b36f48c0e628aac433cac52de196da2d8a5012d	2008872477	20.08872477
003f452d9ca26940bd3f178a147d06a8e63bdcb4120ab4154f9d6b867585017f	2000710602	20.00710602
00511696e1746eb6b9994a9ead0486af81b7d28c83df9f0a2fad6ac905226655	1989987752	19.89987752
0066a006b5b7dd3cfc0b03ca943c180cfc7cad593d60a1e897003596c6c6510a	1996940494	19.96940494
0072fe81179c1c7f0dd335304e6ed4d88bb9f05f88592f8ac386b691d9a6d005	1950000000	19.50000000
008fb4438659c10cf96cbb225e39494fde46ac6a0541aa137da928b68ba145eb	2049469730	20.49469730
00979fe7fa9bb4edade718164c0a28542b139ee9a3ac66919b1faa5e9153801b	2000000000	20.00000000
009fd825d0a2c0b94a06ca74e243f4df63716ac07636e2e14f2d86303900b985	1996756050	19.96756050
00a72b811e05339a707197c1e79a7274db7ec562178e58ea1c9e777e558f9ec2	1999994338	19.99994338
00aa2b408a9edbd9aaad5ea43bc4010888d14650ff04f48d75a6a71871912f16	2000000000	20.00000000
00ab5c413ccc6e1e1803a1b33e88c897ca8f4a6775ae0e406c3aab2591501b95	1990963880	19.90963880
00e13e332463c1687248c5aeddad5e84d17ee0ccb236ad3971c5ee114fa6d931	1986500327	19.86500327
00f8a0a02e55464a0c4e3dc01031ce8852f4932ac461e596594bf504c3d74bfd	1999999792	19.99999792
00fc12a96f8ed680c58478fa918d98db355ce1e7e9b6c1e40a705df1e1b75c27	2009548005	20.09548005
00fd041ac3eb1ade6b99efb8f0a579dcc2f7ae11c0f3921cae8649e29de3aa39	1969996854	19.69996854
010104cbd8ef7ed45a436640a0fe14fe019d1e83d3d60aace410c5f3c8ae6ebb	2000689510	20.00689510
01646ff00f75c3f0eff09aa1c8bcca69a80f3c9205254ce5ec0d7b4728688a30	2009990001	20.09990001
016e5d3b53eec0450cfef6c10d40707df6334cb2fd0b9ec99b696003999ce740	1999996650	19.99996650
017371306d34dd53eec9558a5540535aefed0c67f30e805dcad6d1689492e446	2000076816	20.00076816
017a1fc5d14572b04770161c162b4a1fb4491a546f5296d503b4a21e5710d54f	2000100000	20.00100000
018055c0a304111dc3f113856a34ab9d0349046e52ff95038c04f4d49ab5cedb	2005957969	20.05957969
018d70ad8b351e81a011fcb61c6b771f8f7ed69db2b7eab3deeacde5e67d4dbf	2000000000	20.00000000
0192382ef06be97b351533fd78ce13f8a85d8893c0a52962283b73f5033be3ed	1997924282	19.97924282
01ada7d26fd8a2c4e4e98267faf466201ac0a1777a29826dc3a96f4871491d16	2000000000	20.00000000
01af81fc3d310efd4e0820085439231a4aec5dac98544a156c0afeadeaa71e51	2000000000	20.00000000
01c9b8a36316b3629681eab192ab57ef2a33192e9a9f317a91502087b3145ca9	2027984910	20.27984910
02009a646aa43126526c262cf46fe01f8dcd43a09ef72c0af4192a95a3e0f1c1	1999995000	19.99995000
023a26163b755f453e42ff799b920284d27309018c551ab1ff8f4071bb707915	2027004306	20.27004306
02402ad43c9fd5630f6bd9b3584e78c8196dd4bd8a0c4eabf47195c7ef897889	2017314547	20.17314547
027b1c3a6ef2e06fb257003100e5f2d354bde8d9bd970ef3888138e18d13ac5b	2000000000	20.00000000
02948b95036a0448b25e0effa6d69bf3a9258ecfc9e5e5be9a834c7ef467bca7	2000000000	20.00000000
0296cf66f39b12d700060f01a8cbdb4e618acfcf72aabe5d77a80103a315e08a	1999995508	19.99995508
02a06da2d2cfa87b7cbd4e5cd30e3c8b2dbf3a2cf473e1ba1ce6209fb21e9caf	1969678294	19.69678294
02af42042562f163d92128042f91637c0b740a84d3e0dae6a832e10ddda714db	2007595228	20.07595228
02ba521fcfae8af5d5f7a41a4768cc7764888faca3306b4482d906f8e5ff6e77	2019871476	20.19871476
02c3c5ac5120f64bf9c16bb708ddbe8e70156f1b6fed4928aee9954e49384844	2000000000	20.00000000
02f925df33c6790444a2b44505419ea0a3a071a066ed54c8e05a2c47dc40380c	2000000396	20.00000396
031427f4315432adddd1e02f250855e56705fd3a7c4085de3031af96138e4d37	2000000600	20.00000600
031dca2a23f1f8dbb9003a81a09140f45cd13a79f883b1f5714e8db8cc1006b6	2025245326	20.25245326
032097c3291982d1bed1312a4d2578f3c6e80dd47d556dbe110aa1c355870ad8	2005535148	20.05535148
033758b1bbfcdf698309fc0438f8143b8940ac059645956ebe20b5aa97db8270	2001713981	20.01713981
033f27fa72a9fe80ca419309236fe4cabe0801102e9357dea85d030d404aa563	2038021263	20.38021263
034c8741a51f927c24f68a71737a2508ba23fffda6d5d2c68e90aa6669398ddd	2000000000	20.00000000
035de1979331e2c46c78bfc881f56980c24640ba3ac1b803bf3766a3effce450	2009990419	20.09990419
03651772fbebcc028d7a8bddb30f42d86e83b765a6707ec196a6626ccb252a4d	2046198731	20.46198731
036d98f0c1984b179921d100f264b4fbc2d6f4356ea9f40037b08739106c34ac	2043455400	20.43455400
037942fef8f06702db775a409d471873f5c092e2ea29b6eb1d4c14c69ea960cf	2006056553	20.06056553
038601a83458e2f2b90e81a128ad49ddc6209c5c2394840b35295ad3ebbb961d	1999998154	19.99998154
039531e15944df2004a80095a2fc59ddb0ddca612518dcaaff15f5d75ceae13d	2000100000	20.00100000
039d6f672f6ee16f1ac41821bf7c9d3970da48be3486c9b6cbfb21d60a4ac246	2000450000	20.00450000
03bb7e112e51d0f16457ba41276c51e7955b28463532dc4b488b4ec93d1896e2	1982415668	19.82415668
03c45ceba77f4f331d29f4d0f968308b6739e2ed873a3a8a4893a0dabb0793dc	1957811579	19.57811579
03cdf5a697777384aeda5cfcffe90eb2c74d5019e2c421495dd70d03313edae1	1999999120	19.99999120
03d0d690b8369075d0781b060e91596dd9c100843bf387b328aa6a3b60a6bac4	1993550786	19.93550786
03d68e2b8274526abb53242f2805171004dfd5c01d9b32f02e3a02491aacd050	2000000000	20.00000000
040787fb231cd1800ea48a3aa42fc5afbeade56e444e97d60c2fafb059cc8670	2000000000	20.00000000
040b43c24fbbd1c212eda710c884a07d92840df9b5177ec6ca2cb92afa0558d7	1999920000	19.99920000
040fbb0ec500e8fe928ff86e5dffab151ee67b8266b9a93cb4fbe0f82dcf3613	2000000000	20.00000000
0430727d628613f2edbe0fcc5931f3717ce9bae149efb292a96a17e20bca7e0e	2042047906	20.42047906
0430cf8708e96c74f5fecfc74f9a3de908d86bfbd32e772eea04e157d76fb887	2049161647	20.49161647
043a578d3d3e06ff8157ee070f2a2f0dd42735f71744650bafa3362e3801bc4a	2000000000	20.00000000
047207c0b7e2af9b7e2c4751984bcf81a755328350d69ffc54ad8675bab27dca	2000000000	20.00000000
04766331a372a9e8bccb467f81c73ffe177ea27de94ed78eb039fd0df998b2b0	1962267937	19.62267937
047aca2987f54d9e63bf928ae43a3fe843c358f6980423a8416cc10c677626fb	1969456854	19.69456854
04c255ba3325b865fe43e38f3eba16a9564e1e95a7ccea882ebfa3b11826a51a	2003900000	20.03900000
04dc8f6c76af2816f4b2fe40cbb61ad17602153e7d6d4c590f2927ac34b66b82	2009990419	20.09990419
04efe0c6099ad935ebf2ad58eae2a55d4e747173c9df2d19bb88bc962136ad97	2017670526	20.17670526
052b88a2472e6a63f14bad8e2a1874051e54926de2aa89dd4adbd3d1a1f178e7	2000000000	20.00000000
05425633fa178bb5a8ee20a29775e7cef84b90d8adeb19f7749f9ed01cf80eb5	2000000000	20.00000000
054e7e82807169f960d4332645c9091408c280e48fec27f72924b2579f715ad7	2009710777	20.09710777
0559608a61378255e006fe3bad910e02cadf1620058718dd8618f092082b470f	2000001206	20.00001206
0587f1d728202ff0dbb62e28b724e24e538fb35eb756d96bf2e3550db3ba753c	1975810450	19.75810450
058f113e0e5a297ea43bf1ace2d040c04d8734e013a5ecf5aa6ca48e8f398666	2000000000	20.00000000
0596bfacdf6306510690de565c79e09d11018c9d14dacc874c82264ac7c3531c	2008439031	20.08439031
05a16182277adfc4ea941046ae975e2d54e7bae7a1df310e415ec96c064fdf23	2000000000	20.00000000
05a9da30a9ee28bc06ce6f541820e258c8b08d1a17f851592ad7b6e85d974a2c	1959815416	19.59815416
05d082348ba5700ecb7b5dd843ef57fe38657d01470a06730e7b775811abd06d	2000000000	20.00000000
05e266680dbcc7f282b5bb0ba9bd4ef9ec488459689833fb1ccc9a52fbf7c200	2014532766	20.14532766
05e6f87e9b35936e8ec9c6c57e80f7fba52527741b257093e78186240be967d1	2000000000	20.00000000
05faa252c9e06fcdf273fbe37ff7efe69f9800a731e68c236949ff20d4320c7f	2000000000	20.00000000
0603eafbba3fdde6bd638910a3dcc4adc4ca52d98d459edb5c263d07338c06ba	2010375170	20.10375170
061281452622efc9f4e8899d1647352738dc21b86dedcf9577336566491c44e0	2020732323	20.20732323
061623c55f93d6077da9b78d8b0596a06c477408676c36ca6f8e8b54aec1d3d7	2010716366	20.10716366
065094b0c0979cf3a7ee142b86b47ff59eb7664b1d3dc3ba46eb3d0feb4afd44	2030465000	20.30465000
06597e6bf208b6c31e4f540c750389b9efb2ebbcbe63b148fd6fe683cb4fcbce	2000000000	20.00000000
068b8d20f96d883ca86d996d864e5ee4dbc730d708c32af4767b33ac3aea682c	2000015536	20.00015536
06e46043f482c3cad72e0fc4658ac5577fbb82f25ba7f2969932cf31f35d5f4c	2038658089	20.38658089
070f14ae8d933671ef090894f32f739774f23cd674002a8c441306e8b22a5e75	2000000000	20.00000000
0718217d451e26f81bb30d1dfb457d351503e90cb76d17fa686c3ca0738b3626	1975428938	19.75428938
074d5f541eaeed7ec358bdef601da259bd6c5e175395e82802eba9b8d4db3c9f	2000000000	20.00000000
0762b1e85db824d6210d6aa40ff497949619eb42e72e1a280d1bdf593a6255a3	1990976196	19.90976196
07635318662a33758e6485c16f609cf05b05a83217c8701c7e107e7663de7937	2000324270	20.00324270
076426954319e1d66dc6fdc019a6957aee721a14d8d47d96a2953a696de07dcd	2000000000	20.00000000
0765f0ff994fc609cb58eef6ba51d312a8ea6df3008b2b00693fe9221b37dff4	1958551610	19.58551610
077a13f5f3f57d758a0aa9185895d9a8994e726cdffe5ab97d55146da6731e90	2040315173	20.40315173
0791648fea088a3c1eaf12e156e88db4cce104fa75b4aed01b9794c707dbaf30	1951300000	19.51300000
07a29554cf66fb18d420ad0b2d9e275c1974a50498ff66d70db0bfc2a65a7a9c	2000000000	20.00000000
07aa09551ed57bf8c384a7cd5519322574f13bef4f0d0ad6846a272bacd32664	2000000000	20.00000000
07d8672b7fbab034f1e89f2f3e51cf0e5e46acbf808057a1a498b07a012f722e	2009654800	20.09654800
07d9facba623758b3ed2ea2c337f3e5f7b2fc924c4e8949d192d1b4f81af2a8c	2000000000	20.00000000
07eea913dfe4779f0c168daf8ea6bb3dc93fbc9fba1c2ef2b59b92c579667a14	1991726058	19.91726058
07f8c087f525ec3bc6dc4a5cae44a0d75afca169441ab32661a1745fd9cf7c0a	1960983393	19.60983393
07fe863acb32979ed8ae7a696a8a7e2ca209d91193919dfa597b53b600525e37	2018485429	20.18485429
0829d87b17bf629f5ea803e366f5d13c0b5ced9fca148ef4fe1c0d62445c5c9b	2016988700	20.16988700
0849d3f34c59ed9325f6ffc1bcba692cc21d23e74955733a91656efd3d8cfce7	1985848942	19.85848942
087262ce777818640e33f4e8631c8e3fe144116e10396f93baa91529aff363bd	1998630493	19.98630493
08786b819e397355cc70137c8cba24cd7bd0c5758626e1618ee276692501133f	2000029000	20.00029000
087a8d12b2b9b87ff80706603a91af116e1eab893d839119c7a23398cc2e61fa	2049862095	20.49862095
08974389e0e3a6b6ee12758e6460db0e303d84f66c03b47cac452a5cbfd84535	1999970000	19.99970000
08af98d5f71640d22265104335bfd0f7cfffcc14202c95bd15a0d5d93f4000cb	2015718361	20.15718361
08b91548d395e3deca702587835686fedab191cb8f47657547545c42f3535692	1999926796	19.99926796
08cc875b5ce6fa8ac50dfc550cae2cc2a771e933901d2d04db7e553c1690ca5d	1980498034	19.80498034
08d213c27d329177c193da13f526c6913367ea6fc1644b85a53caf0e3b3e386f	1999991579	19.99991579
08de4ae5d7eec2dd52133ddb61aeaae6b0f743d9a1e8c65ec2ee0b2c7c4392a7	1982449666	19.82449666
0901686a6f424f79c9c678a661cb94f305b1f7f237c67da9816f48bb0adfd754	2000000000	20.00000000
09090754ea75e29a4f8a76e5c9e515769af68d7004cca3e830f99e4530427471	2033825000	20.33825000
0911893b9fe9e800cd848638c141c60a6ae240a0ea87a1a1c6ebb30484cdd637	1950000000	19.50000000
091e52e80261ba35d7637d7df05d901a1cc21a640c961112267831fa808047a7	1999997046	19.99997046
0930bfc93d61f502071221f110ab7241f2f4890bde2431946b4e6d64ade22957	2004836120	20.04836120
0957a24baf3fbadf70cf86f572812b4b75a89af6ff5f7d7bfba5819a2608e23f	2009488300	20.09488300
0969d61eb897b351bd393b5ab4fb5521cca3c7c219c536a8be3096c86b358616	2005717000	20.05717000
096dfefede8b33b0208492763a98d2453da44929fd8ad70031abddee5990059f	2000029000	20.00029000
0977ed727ccabd215571973283fd1e10b3dc7a7e335dcc8136cea4be4fba517f	1997467600	19.97467600
0980d8d006e16e33cbde88e26f87d9ada331753a1013060e5845eaff54a51ca8	2037789711	20.37789711
099a1f292dad4ec04d6cfc200aa11d078c92d3fab15705696dd279090c95a3ff	2000000000	20.00000000
09ad6ec64df3f682807a9201e021a9cc61febc77e52a77dd349e26f3621bad29	2037361444	20.37361444
09b7ab2a62ead13e72a9b5926698bc87e6a89f68721849e0d9a4df59c5c0afaa	1999982510	19.99982510
09c6636e3d09351efeee55f279c22dcafecd6979a89d6a49ed55e25a68b5a88e	2010423999	20.10423999
09d5a07527fa68c5e1d700bbd9d3df6793feca587e70cef370832c8760842ccd	1989989575	19.89989575
0a14dad169b1db3423ea9aa8328458b0e77c54f8b327963c061918dddfec8a65	2001000000	20.01000000
0a37a55a1501761a2c926a288f8112a3e1a8715f521854ee1a1a8854c06da349	1999999169	19.99999169
0a48e83eb3a9588427f12522954858e258b3a8554c8f30969e9647ec8f70d57a	2001894689	20.01894689
0a5c89e67863ba0dbeff0885e5fda014b1fd3819d624fcfb9280535f0d7afaf7	2000000000	20.00000000
0a71afb001afb2ef428f032a5166ac920dba97fc07e5360b5f469bcc94ea6e54	2006486100	20.06486100
0a7347c1ecc500565fe182087686d87c38023bed6b2be0823d93f0ca471a7a75	2000000000	20.00000000
0a833c0e1cf3ba4e911e14bcd7c52fad623dc6d708ac83fd3f895bbb9f6ee175	2000000000	20.00000000
0a95e525eecf8820a43ec449ee137e8c20fd3dadc0a958f91c50dc74b5763f36	2000000000	20.00000000
0a9876bdbe1ded4d59ed91fe600a9c9dfef8ba55f30d47fabe32916b8ce3ac29	1999998570	19.99998570
0aba1221b4b0ccb30d79dbf9a7e0481de7f66e34bf5f7c86fb9da3fb092cf810	1999997700	19.99997700
0abe698a1976dfd0b6e0a66c2298e0c3f531c3586d551571f4bdfece27ca40fa	2000028530	20.00028530
0ad10d0df1a94ba78c1d6637755d9b33f075f042fbfd6b016c931e86e390f2dd	1992608146	19.92608146
0adc696a905f1145e47a4351c92e076c83218198f193ddc577b0ef8d5d68dec3	2000000000	20.00000000
0adca03460b8eefef9cafb7ec3ff862352b5b6503b98c75ee72b4d2570d7915e	1991323680	19.91323680
0ae7c78c5267f7add328042eae8830a0c9a8594abc0351c0ecb1a6f18e0b8f8a	1999976000	19.99976000
0b07759ef49a52727a4e4cb3b7955c348044461c950ee8288be3f98b38f02a60	2005224536	20.05224536
0b0b9b324bb5823fc88dd4f58c016fd3e799d58b15d20dedfbcf0ab5901f2985	2000000000	20.00000000
0b1ec5c45c0014ff9cfa561e6249ee4cc82b356f30616ae548b8797ffac6a2cb	2000000000	20.00000000
0b3e81e9762e3401bb1611123afe86ac8b452a9c46cbd4965613b7f7959b51c9	1999984328	19.99984328
0b90e1bf4de3f7bb50ae794d4981ca738e436a7b7a512970eee734974637c4d5	2036036457	20.36036457
0b91c1a82dba8c12ce0effa91d0209b98529035baee014fc771d387b25f033ff	2000059000	20.00059000
0b97ee7963abd316bdbd3aa13a08835a9688ef0eb53700782fd85f26b8412e2a	1998979515	19.98979515
0bcfdab9416ea8679c74acbbc6336622cb25aac11acbbe1fddc1764f0b8fe0a9	2000000000	20.00000000
0bebe90f19711ed483423f90a309ab1df482da229905cc1beb8b5e1a4f929d66	2010408900	20.10408900
0bfe085fe61efac9122eb6c0694e80bce7349f426ef5ec23f79b4c1ad4e56182	2013756930	20.13756930
0c0c8728dc1e08da6cebbc432a9a46fbc7a2cabd8894b60815c63eae40f92720	2000000000	20.00000000
0c16deaba1eabdf5e5bd5e7817b439c40e1f8a1f0a010de192f657d30cc97bd1	2000761000	20.00761000
0c2ab8b04f25548a74e13980c27b306355e00bdb9bce5fd11099c05eba21554f	2004559100	20.04559100
0c3827b6bd8e75d4f08701f344a1b4c55f42e8c5d96b3461a129bf3d2c022803	1999000000	19.99000000
0c50105fe7d58674bd14cd426080eed1e58b609864e4a1d010cb98f490f8a667	2013506384	20.13506384
0c955a44c284c375a9ab4c7ceac43afd7e732ae6c8c9977a97d7b075e7a0e1b6	2000024000	20.00024000
0c9fe6b160dba1b85d6231e8b10eb6ed0771ab960911f09274f853435226596d	2000009200	20.00009200
0ca5087c384a4469e2aa100384e5c56d5679df8fd5ed5cd6d0cc7389a4acb1d4	2000000000	20.00000000
0cb0943be356d0fa698b9fd3a2b56220af23630f13118dd0b81531929d23fa8a	2041012273	20.41012273
0ccb1ff49847b5b70afa67eff01483b4ed50910714338dcb878af3a4dcc09406	2000000000	20.00000000
0cd580b922a384d2f5e30bae1acfe1b4d3a59733f6fcfaf198e8c88259075fa0	2011043100	20.11043100
0ce6ad659d0b0e928248f1439ecd36d56a91788a60fa9d100da94ec32053cad4	2010000000	20.10000000
0cfabbc71b229524ea705a80b8e99a775aff81df147b9b869604634a1242ba43	1988528629	19.88528629
0d078ed98eac4c72fd61b0f632090cb6b8afa894301d300dff12a02c359a026a	2000176500	20.00176500
0d41de2abe3b67e2f00089a4103b20c7a528796dc010502ebe5cb4e07f2e1fd7	2000000000	20.00000000
0d6b35fd732a109ae983f226b946330af3698fd60aeaa4a0996621c994c57fba	1992425655	19.92425655
0db70a52692dd79293a3b2ffda7daeb8e223b4146ce98720b1a43c3a8dadcd30	1999562449	19.99562449
0dd431c9f112ebb34d54d30f808cd8e8ecedc9d3fb1d4bab79a78f31771bff1d	1951264339	19.51264339
0e066a7dc7989d084d7048c0884d5aa71bd2bb463ce9d3cb6b7b25b204ddc3de	2000960000	20.00960000
0e0bec75263dfe95660d75f9f91735f746e3cd0b50ad2a547250cfa121011400	2025710677	20.25710677
0e1fcef7e5a9ea1bc92ed7c7d16f498d90942c3a66bd5db7cb85baf38b862d58	2014460647	20.14460647
0e2133212120b828006dd0dcca0bbd160e959db5b50627a6ef6706406f518a53	2000004787	20.00004787
0e35ebe7598a563f508255cfc379a787fd01ba7b191ae450ae7a8a840e3b829a	1989986202	19.89986202
0e3f5aa2e9de104f10889eea9d4ba69c77b0e69fc09cbd1b31fcfe862384fb69	2031097185	20.31097185
0e48de38bfebad0ed4ffb6d4131f4bdfb84112c5c6c22525a8fd58bcd5b4faf9	1996752000	19.96752000
0e50cda713b57dbcb23f6e4bb6ddab14102465f9aac0fff3c6d1ac7590921b78	1982979859	19.82979859
0e763f4f4a54a3bab14244500d093432fd55bfb214bb1f160fb8adf65bbfd0a7	2000000000	20.00000000
0eae500a6357a6338108ae0aa975c8b68ac0f8f33224cec4a088762641de544d	1980000000	19.80000000
0eb6e7842047844052b084a387d7e15db0c71d02cd75fae9d1252d874af8a335	2011215509	20.11215509
0ec19755cb8b3b6f5946637c5414bf8c4f4239ffaa0810d630c794f68a1e36f4	2009990606	20.09990606
0ec401b3634bf3dd7c8e3979a1757989646003870c78c9b70397d4744d5f2545	2000000000	20.00000000
0ed17c257de73edc918ae1a0213f0f0c046c99216d1c6f8c626920d26a294271	1999997570	19.99997570
0ee55daf24f54ade912aedc0fc2cd145682333f62a94e14fb820112a91241890	2000000000	20.00000000
0eefc6743372bcc5690bcb34a68b870ffef842ef0668686b0cb8fd1e26adf549	1958447776	19.58447776
0f20e4b3bf4d49cc36856debbe6bf277d458f41fb3bd732ecd4d3cb8688b992d	2020000000	20.20000000
0f268f83a9f603a3ff93a135864586ddcdce5444a13881a0b79610662932c057	2005034064	20.05034064
0f33d46f001e99b3b848cd5dc8105612bc440d4616664455d0128597b7a8d470	1984538857	19.84538857
0f4e208e28b2cd69818dfd2ace6c02a9040c41e2de839f29a461250cb0f3cb47	1974202115	19.74202115
0f59ea74c7e342feb99c1aff065250de2ad371f6f07d038ddb1440b6180572e1	2004948950	20.04948950
0f6c26adfff52bf7b92a6f8365f9c039b575838b837228e15441208f774a4761	2000943078	20.00943078
0f7352b314f53e5ca0d797946c3201fad5fe3ee07b8ead724597ca2817dbb6bc	2012945300	20.12945300
0f7ac56f4cf3266dffdbe87268a225a7daac0cf173b2f2a4054d055925e22164	2009990001	20.09990001
0f812a149f8d3071233763bd99f78f5b5722450b814a9a449a9024af08413577	2019677967	20.19677967
0f8166e54ce3f5ef090afdb4a51416a00fe29f0bb7326f86acdc87d35524b709	1993904772	19.93904772
0f8bf9910b570edbed405ad1375c8d247df86f3ea54b5667081b67575580af44	1996719480	19.96719480
0f8e297b785b6f139d25ecfe9560a68c32082e6431db7184fc698ba17bae8983	1996743870	19.96743870
0f912720ed0f9fe8b0439e454dd1de163e60091c6b10c6941fc04a1ed4fac6be	1991493198	19.91493198
0f92dc540aa3be9d2ed5e838d68fecc92fcb92844f9925881d3a77cc3aa59add	2000000000	20.00000000
0fa31b592a741c283b7beed8e86af77103c25adc63b30c33070860b96c6cf39c	1979805092	19.79805092
0fb398812c2fe5deb03bc44d68018c8afe1c29897cca0bda6ff7066315888a29	2019927359	20.19927359
0fb93d4a36e47597b2550968bfb04d7eb0d186d9aaec4af06041e0bcf126b7c3	1961046150	19.61046150
0fd3ce2e8fc2b67bc891b30abc6ee0bf4092ccc0964a15eea8d54e58f3ea9c1b	1951874710	19.51874710
0ff266da4e9ffabd0f6205fc734eff3295696237385fcd6af8c65356b4dd03d4	2000000000	20.00000000
0ff31201881692aa2f9d9c551729d91f027a9904f76fdb5b2d3053d484212660	1990000000	19.90000000
0ffed50fa5bca0f0701034cfe416b3c5e602556ff7b8e38dcd65aea63e89e8f2	2000689931	20.00689931
10044c2d01b7c3b6d96944d1529a2424820f99167c0d8dc9cdcb44cf7273ab3d	2007137899	20.07137899
100511c8d67de68a8d5f3fb8f256b8b0b8bb814f4df92bcd0aacb9178af28ffc	2009977739	20.09977739
102ed3d1be659c3583b1148fb917f121395623a4abfc0ed11abd87d3cc1de69d	1999960000	19.99960000
10429cc3e12fa6fd19f3a28ff702cf59cbd7741cc2bbef3179a093b5f3ed9d82	2000000000	20.00000000
10470c6e5bcda311d2cc0a0a848e0b93826d0f76f219f32381fdff3c89ba816c	1998999674	19.98999674
104cbfe1a30f2f4565b98ebea9bdf36f72ae2fef6217710c61da44473872380d	2000000000	20.00000000
105cad2fdce262d2ef53d1c94c45fae04f035ccaa6c31536e29551a68e8563f0	2000000000	20.00000000
106affc42bc03de86fc5be7f68a45ddfaa88ffb1b0c9f3258abb2bcb84ef65aa	1997513903	19.97513903
1074b9b0191d56a41e824e145fb5a8a10dc6163fe1119cb1d388d792e3c51f82	2000276974	20.00276974
1092180511f084e63febbb3e87c63a27c7a137c84abec42380f4ec3a6f05e4d4	2000100000	20.00100000
109330beec572722ea6837b3d02f70da41cab388028bfbc592af68fda8a1d0b3	1998996189	19.98996189
1095fce46882c97adbe0b55048983b7244962d642361c1552a384c34c26661ff	1953089300	19.53089300
10c2880ce4b69a7426b1f84633a231619d977026045ff18a1aa83e37ab9211bf	2008488166	20.08488166
10d1871d952ebfc4802e72b5baaded6cf1ef1523ca3b0e7333ba4b2e2db72689	2000000000	20.00000000
10d2c27d07a37620c350b6b20a1364e018a3fdf62d6c3fc5981cb7d038b9f284	2043631548	20.43631548
10e48d708e65d0c0471042fd2dc03930336c956a02960a3f4c6e92f36e6511a7	2010391715	20.10391715
111b4402608366d1e2d42e15c390d11bc228885efff6f0450e4f288f7d21699b	2032404086	20.32404086
111bb2476c1db2a237534089e08608660c70818d5783c0b69bd23396f4032ea3	2000000000	20.00000000
11200a76744e3d7e924677e0af5f629edf67dfbf9d1656128cab1d45c1940863	2000000000	20.00000000
11270f2e686e64d41b5446bc18e7487985e17b4bc3ae8cb3d0cdad0dfabafeb2	1997959451	19.97959451
112f8035b5b7ad0cf51b90b32c6d6a8e638bf12e09ad9bc393d673c3a9e21c6d	2039890195	20.39890195
11415f08011d98d4377e087b5d9491aedddc0ea8bd8a23ac6369f78736ce55dd	2019996011	20.19996011
11619a7acab7797b062bb163a793ccb823d97f5b1e5a31326fd4c835d4abf721	2001790088	20.01790088
11722242981c575bb998581b7827466fd8af7c1fcf1db899b24eb0298cb7fbde	2000000000	20.00000000
11845fda6c871bb3332cf33834091361b128fdbef8656b40dd959b762f36e626	1992017180	19.92017180
1188eb2f81c5e510d067bb56086807f2fc7c293378cfd2c641930c48aca69f6f	2000000000	20.00000000
119c08b2eba04cd660e9be03db3e59353145218c4dfb364cf16d3bd217f53477	1959839321	19.59839321
11a0e070f4c788e5bedbfb0243df406f5d1bd73ba6a16ddb988de094a018799f	2026804500	20.26804500
11cf5b231a040b5f68cc79e2d2b7f6b46c97974d0a8cf20ad30e8877a91d23a8	2000000000	20.00000000
11d689a3cefb7253416771f5d6aca749ddc1c380d2c6fe525cd56c5525bfe7e9	2000000000	20.00000000
11df4cee1ad6510aa662f1696582ff4d49c693973fd162529c29965833e9c434	1969496051	19.69496051
11eac2e07551597adf2fa680d495c0b5808e0389bebd88d58965427393877d03	2004807000	20.04807000
11eecda8089d0fca0218f5218d15eab4275c155053f6b393f31c28fb86d4a255	2005122073	20.05122073
122db171546f1b014daef2a3a9b9eebad31c03d9749c80b09aa57176e2989c31	2000059076	20.00059076
1242d929434fe3c5c1426840f65f76df90097c47939c4894fff842a786d0a306	2015645278	20.15645278
124c516b6751b72d43f9b25cd4e1eac1e3ce0b39956ad10113f78343d3cc2de0	2030723153	20.30723153
124fc2fd60808362900bc8aa18955496e7f5d57a706c291ebf659fb976f60732	2000000000	20.00000000
126820469bd8049899ee82bb4af20997b3458a6dfc3178f519de0341d882dda9	2000000000	20.00000000
126a621b9f7f46c7eb5a68da02102974a7b5cce996d73e5535ddc5878fccf5de	2018375348	20.18375348
126b974c2c6cb2f1a070aa5b67775b9e8557e60c929224742a81bc2811c32314	2000000000	20.00000000
128541dc0245806c68e9b727e79963f3ec23c290bab5e31dfc629fd374239902	1999999272	19.99999272
12896771edc8994d43b6296bc504ab825664db6a61ddbb250dc235d76d3ad431	2000000330	20.00000330
1290712986b03aec93411de78ae0b30520d894978da33b7473f6481743cfb213	1996772310	19.96772310
1292d3f2405367cfbb9711d6fc41dd8324921c3c1a362f64f5d114daabaffe86	2003132151	20.03132151
12937df0e3312e485d049cec3875db3ebedffeaac85cf55cb83df397f4db888e	2009292266	20.09292266
12a5d95207740183627921ecf1dc8f72efec52f1ef533391dcd7de2f6edede49	2019751929	20.19751929
12a7571d87c8406ba6730baae5160b1a4e58fe410064b80249382be25b52f3e1	1999810000	19.99810000
12bb9642592dcb37a4ac0d8d885ab2547fd6e6259db52c05147735e1c7403655	1999997107	19.99997107
12e522e04c0fb89a347cc065a9cef62125903405fe7b013280a7f4c398e235e7	1950317016	19.50317016
1300075f39c5d741b4825754b6ee2f06f3137454c0f93eb61a3d3a5d676fddf8	1999970101	19.99970101
1307f38cc7f001a78496bc27a9aaf031cbad447e933d36dc1500043652a6c7cf	2047637100	20.47637100
1308a4a70a34dcd496bfbd9abf2b5a623d7ad30a66e78bff9bcbe2ba19c668ae	1979685198	19.79685198
13133f29e35589b3b7255448a1540cefe95580e2c22a673d156be40e43e02eed	1989501891	19.89501891
13163a539d69325f7933d7b409d76fd8c4d032cb5013b8f0038be54b7df2a079	2020000000	20.20000000
131c50d0c37585c4bf412e82dd76fc5d936478d7bf6437abe9a570dc1ff1105a	2028488198	20.28488198
131e8ac5d49533a95a3427d8af24a13b225b97ba533bf7145887d01b1b6170eb	1999942928	19.99942928
1324b6d82024821f1b11d3e0be7be552b8220dc9eb05817c82df350376ca9c3d	1950000000	19.50000000
1337256c9fccbf4ed15fdf9de7bd6399423269a6f96da020595482b8ad5585f5	1987997129	19.87997129
133ac00dd13720fce371c571e1eeffd7412aef0e3ebf087cd83186f23dc8d776	1977267049	19.77267049
133d348d7753b9d842d2ed999bcf8535d5e77913eeaf840069d9ac886b44ebe3	1952555922	19.52555922
133f101000fb42a7dd1fe2f182e2aedd7bf351b2b74f13663c58f103c364e544	2035705437	20.35705437
134e27c5db0b353f6b71a33e6cb738342a859afdd8e4096dd3a856499a5d9b9f	1997583024	19.97583024
135673c99d7d3907400dee7f1ede255ef81493ac26fe1a0fd957f268a8cccd9c	1964399060	19.64399060
135f612ee47de595031846147ae5df7943ec261e3f84f4a7f2f78eecbfb9ce6a	2000000000	20.00000000
136300ddd71f3a1d4c2aad9f545437e931f1eaff031159fa7b47351d20197f42	2027518055	20.27518055
136f81cc50fd613d84cf22021350ba03032132a5a69701a57ff28fa11c67a1ca	2030000000	20.30000000
136fe2ce0ba3034ab833763ef5e5c9ca78d835b5add0dec0bd60dbfc9a2dc8ec	2023524113	20.23524113
1370402898608c7b2dd44113a0f2fa52c6a8f8133979fdfdcc2c39198c67150c	1975816829	19.75816829
13739a46eee4a110b46b6b5139d8145329ed26650738b1a1e65914a49b57f36c	1999889426	19.99889426
13747d65ef4c9338da5ae726679139e8a1cc705a93907e116be024057bac0919	2043313566	20.43313566
1384e742acfe08db02ef9eb494943c30e1c27d4628c1a06dd9bd75784e5f875a	2000000000	20.00000000
13912e37f6861b41431addfa49d8434cc301f0046de1301b3df45adf37e9a877	1999184958	19.99184958
139fdd4e2ae99d1ad89433513b01eb63ce1b5f71f873df94039dd9efedf93ab2	2005119000	20.05119000
13b40eb7673fe055ad757a9da994cb996addc2cbec434615dfefdeb5e27c7a4a	1997329172	19.97329172
13b5885ffe3a717deaf43b6e0959db17dfaeb9f022a284b14f6890c5f243f570	1982287865	19.82287865
13b7061264eb91ef91776ea09085ff71a2288c9f999f2bc9870ab5a05f2d883e	1999928976	19.99928976
13ba11918ac4a84687a238258c471c6561ac1d8363b25cacd042a2279c2f9d31	1999999010	19.99999010
13d03aa5405ff229e1ad33d31ae75cc8524982a406bb217eef0adb1cbd807c89	1990108129	19.90108129
14226531a150f19210b8a266a4a97aa2822295124d67b4ba1e414f5c02fdeeba	2000000000	20.00000000
142d2c2aa168122a4d3f85c2d248f4ef8f1355756f75bc8dbfb023e1853d9e49	1999996800	19.99996800
14497cd83c9ea686590fa008e8e217bf00c51d86d9020d96c4daad289cf5d8a0	1975394150	19.75394150
144e306d75063719c09e86a30f4b9a0a4222acdd3b86cb897445a93fd68bbfed	2013441838	20.13441838
14651f5386786331d20438c3ab7634d818185125444f4969f6f0615e093a527b	2033518367	20.33518367
1491e6b55d99c15a033eab88fe3df5555c10d72ea810e24e0865c49afd68f8ea	2000000000	20.00000000
149f98d4791eaa1fbc33edc227415b3c3b9f6b034c810872a8402d09cece9864	1989992543	19.89992543
14a3e49da46313b7458c3e631d08b98f0e6049fe4b6c63089865be6283885773	2000000000	20.00000000
14a5293cb2c656ae0d8466b6014885d839df7921dfbf2036f0771ffebcd4a454	1999987615	19.99987615
14ae1eff34781df6fbf9f80f9e494f91e8d140eb129f1c1da12f8b2f575a5ae0	1973136678	19.73136678
14c5557d4648ee0d64eb1e2743b7bd88c47a3257db3ad63f72d0a82e895de4bc	1998333312	19.98333312
14d5cbaa3c6e6ca365c4b3a239b3601cf9686249727cc97e7df33a6764fad966	1950874200	19.50874200
14ebe990a75e25fca588e3636df0d5cfe5343bce92def92662a42ddc7616a078	2009990001	20.09990001
14fb2411db07b520a46ac9004b71a5761416d1c316dc4fa793386051138a10e5	1966277081	19.66277081
1549586ea37daf4f833e4009188023e0656e8c2d0e3a82f0c0f9d536c163b622	1999977000	19.99977000
156130354a44638dc0dac3f0ac3a51a9537d1b5c3b76de9299d2a27be218bb90	1989994000	19.89994000
156d649c6b48ac80bfdc7f26c849fb4947c470da561879ff72ad1a4f61574273	1990808905	19.90808905
157163164bda8ad8dbcb3e90a1ab3de63b89610b04e484c13793ae81c8bb5060	1987446355	19.87446355
1594bbb8890728382ef484750cca5e51578cb8e5de4377d09fd5367e0514b83a	2009990001	20.09990001
15bcc086b1dc24316041dfcf32f17833772bb9efef36d73dfa8aac6c5091477e	1992851971	19.92851971
15c37be541a5830f0a5f30f67db2f6cbf07d303d97771a2e897c85ec711cd2fb	2000000000	20.00000000
15fb09458fe0e1a797e4720e0a78f3a7078506faea33650589a6fc6aeaaa1ec6	2045299213	20.45299213
160498030211c672608bbd476068dd1716fcc76d25911e5555fa3d9ee2155172	1999950815	19.99950815
1612baaa1147eae155b169f070cde462a2c925ba6c04f2e0e8f657879c1cd304	1998983268	19.98983268
161c094e1cdb1c67f32ef36e5c5ddbe01a923d7a5c0bf6b3b90c8c379eb58d1b	1999896447	19.99896447
16245d6a5f336c9617f3b8b09905f062ff9367c2d5e4774226f4eea182d67a2e	1999996892	19.99996892
16385153a7a28b43d5a95305226b2ece6ccc944be641125b4f3a6d949466b8fd	1951603526	19.51603526
166932271091b614eebda0055e55fff081347b4b1e4272f24fe551e9190d96d0	2000000000	20.00000000
1675e7c508dfa2d8e94f388e2d4b9f8a6d506628024f4a316f3d366cd026718d	1999833000	19.99833000
1679a9945d0f6c6c3aa10367c6da34c55765b137f6af8a26dbbfc008b89d85d8	2000000000	20.00000000
1692fdef498976bd0ec5cd25fa3eb08712f1c6490d5f171e9f6416d2c81428af	2009985402	20.09985402
16a085755f300c0018ed4eb8622e703e363b34bbe3afc6b8fd54012332816877	2009990001	20.09990001
16c124446e430d9106b9b66bb4fa1fb24e1baef2565ebaa12a38c963209ae817	2000000000	20.00000000
16d3739fd579d0751af54ccbfaf1415d98582e284cac187b2ee6233d381bf011	2009989330	20.09989330
16d9ebbf50c7c4404bdb57529fa3e94aa51e8915af1ad85338454c7a0080f81b	1952089485	19.52089485
16fe08f7d11914c945e2b110ee8bfe754f907994bf306da264d2b8f109b6d27f	2000000000	20.00000000
1700a8b584457444890b5fe27e24406d7766765241e8a2bc50297e2ce66e2d8a	2044827680	20.44827680
172c32dfe6ed3a7e2422af825ede797705ddcd23fce0e7e75778480730054d69	1999964736	19.99964736
177d5473a7534c912ce3232a0482739a3783581802d30ff0242bfd8df71b2196	2000000000	20.00000000
17970f1a12c86465e178b60af3d8796b80241e48a76e3258275f591da6d3275d	2000011252	20.00011252
17c09977b6483c8e27f5e9511ba18830d36b0c5ca6fe8364c803e2fc9efbbab9	1999637269	19.99637269
17cf619bb6aa7c98b947f3252c12065a63d1fa6e1148fdbc951a5590a0b77f88	2008465347	20.08465347
17df36ac14318bdbfa097c2f34cc088268bf33880cf81b159b5360838a0c08a8	2009365056	20.09365056
17f1ac580298257ab773944b7bcf5e2f437f1b1ed38c9671ee01fcf0157920f1	2000000000	20.00000000
1801a2190e715cc88df529898bb6cc2c67eaea28f3bc913204e5a00a72378f47	1999997000	19.99997000
1802148df7c650ccf52199dad3f4e9fbe44046f56b1462ec6431b88d11fbbb6f	2000000000	20.00000000
18044cd153349c669c0d7267d0e6d427803fc4e4d583450ef1e8db93ef246102	1974250399	19.74250399
18165ea12d2fbb24e1b0dca1cff192a6a936dde2b2f3046f6be5dbc9f11675fd	2010193319	20.10193319
18302c4d362f3a6928bc4d3d70d16ab718a894de73d731f76d319e27834273ae	2004050230	20.04050230
1844ae98314135f5e1f00d9955efd652e064275580cae5e5063c8f432c1d8d5c	2006774043	20.06774043
1850da08d58a541f44216216b66ac453a6b14c354a992b6b055514f1a1c1db24	1999000000	19.99000000
18560447d3429ba75f9da54c128188217b8aa038b6df1f8d5c3c9d4d257c7524	2028407316	20.28407316
1859dcfb37ab450dfdbdd73d9b7d72b2b41d771b985d093c14ac09d6943b4555	2010923211	20.10923211
1862f0d4a65ed9f0559611a4bfa89d625210603cd77b4787875977ae4a075eba	2046963465	20.46963465
1863970b745a05f647ca97fa5afe50a8b1e8819b398b9091ea7456ec4375c53b	2049397555	20.49397555
1868b5e42a95502292aa97dadeaf17daef88f9d397ef0940abe150ee1b705b47	2009990001	20.09990001
1869d693b986c0b15859e7443290247a8cfd79db9897f07edcf4c7042f6ff28f	2016308000	20.16308000
186d2b9155ca3a99f4bb6fa01fec299fd68b15030dedceffcceabae35a8246a7	1996197677	19.96197677
18723ebf51ae9d92148e0fd3b9491c096759ce6a51fe4afa8b7971c5ceeff0d2	1999998609	19.99998609
18833d86c490f4c1de52ea5d61ee61ff42b382161c638fc83bd63e0d0e956bf5	2000000000	20.00000000
18881ffe4b9f5c5dd5de474f8ab666cd333763bb34a3a7c40b0ff904579bafc4	2009990419	20.09990419
188ddf9b7e4f521b871d7e8ca1cec9c6bb4aff2b9da2615f2046c560186082ac	1990000000	19.90000000
18d1725a7a60114c58f88263b4a42056238dedac548dc48c196490419bb963b1	2036225033	20.36225033
18ea5f88bbb2ba6a74a12ba951ea39817d400bca419ad4b83d4a0844b4b224b4	1999994000	19.99994000
18fd069dd0d2dc02bb1b0b2e26332cec562b8791b2949b2619d1133ea9af6885	2000000000	20.00000000
1912148bacb721827e219d3f13ae25cfab1c7704b48afc7d97ec15273d052c30	1952940828	19.52940828
1915766495cb3782bbc816dae500a5b89844518b5fd09f08b60bc1caa0b1f214	1966000330	19.66000330
1920ed8ad9b189ee5b973510a85f4306c6a31e0a26c9d625ddc7e2cf029df749	2032697986	20.32697986
19335c6eff22b89e3001a0618a77c0c443218064d66b833ead5e072991877621	2000000000	20.00000000
195c98ab775fab5d52a9eb4200eac62febca15c52af62c8c27bef54cc4ac941b	1999992512	19.99992512
19614763f6357f906b8c587613c1103c2ea8e3f53574d4c5b457867aad3e3043	2037770988	20.37770988
1963123446bb8862ae310af066434fc012d6ad3e630ae666f76cdf10558d2528	2000985000	20.00985000
196dc6e0fe1ab540643645552bf6eb3aaf330cab3c66a5751df6fe5a30cff0f3	1999956739	19.99956739
1970dc1e12807298a808a0595048f9bf22dcc619d3616cb49ffac54d66aaaca2	2000000000	20.00000000
198034a908ba76b4fe87f3bdd212d8c23674837240dcc9855b669e1780817168	1999980000	19.99980000
19ad66fec8271bc9b428efee9523623f24c46bfaa8b5f9c2848d6f0ff6f0e6f5	2019688839	20.19688839
19b5d0f521e4167f013ee062b594cc952dc681dd889040106524e0eb0ecb0fe9	2000000000	20.00000000
19c8a3be4cc6bde80396033955d12e3662e9cb98c576dbc56b639ac3343fdbf7	2019067300	20.19067300
19def3f4d0bf3492aa3e3acbdd9c14065544d8b6b1dd3e9e9d0e26c70d0c7611	2000288000	20.00288000
19ef6f67f0f6da0fe854e8e548790df9595c2aa396fbbb121fe1c81246430f3d	2025673500	20.25673500
19f720125a16f6163393485ef6c3dff46571426f6f4936084b4b281ef3a6b36e	2004643426	20.04643426
19f9648b7f9fc44e5ba99889a7c3343e1a2dbe84ab2c4860236312ad9c2a6daf	2000000000	20.00000000
1a15403ee4b6d7d619f7b80ae41d9d4736d86cff1a8ce9bea1a99b5282e68c25	2007444312	20.07444312
1a18316a3b49010fd86664aadd598738d115814c2d561bbaec5fc0f53becd8ea	2000000000	20.00000000
1a37f068371d2dc8da09848a618dab133d081a95ac681c330fdacbbb15216b44	2000000000	20.00000000
1a38b3e7896dc8401a8c6e1e6133f29634be91cd5f3b2f9dbce9be7786c2ef34	1998530978	19.98530978
1a3c955bb2e79d85dfd849f0e2995ea0f4906a1e94f25682e7d0405a618ea600	2020050341	20.20050341
1a592d748166ffef1ce8d3ed72f07a6a468bd0e545b6978d95951cb6a59b69b6	1997532108	19.97532108
1a5e9576082a4f4f0b8309f885915811e6b269b991a7fb3f1ed557ebb4d95456	2000000000	20.00000000
1a72a2c90afce9e702847ef3b88674af966b67c43fe81fb17fa3f9ba3f542a08	2000000000	20.00000000
1a8516a280c1658b9c9afe27ac35501b09f1f4033d8bcaba0ea658f368e6a7e2	1999715344	19.99715344
1a8e7dc33d5d1f874cff30ae5817db356cf3778666d426524761f1660b4959f6	2021246866	20.21246866
1aa6cd67b406c16276b1551c5b2eab2348514f9e4d23554e16b5df470ba7a7dc	2000000000	20.00000000
1ab843128037cc7c92504421ebfd3ff07c3fef1727c612b5c6d8e8435be9409c	2000000000	20.00000000
1ac6711c0765fd7978c68d6031b29e3b3845ec0f333714d227ad2fe428963eca	1999950000	19.99950000
1ae1aa1490ce36dddf29921aa09df80a741582f21b1ca7e3400a0bc832aadcad	2009989990	20.09989990
1ae3b67d5e4fda9be163f277db49cef878d9fa7167125c3d1904707b2a5f9d45	1954716531	19.54716531
1af7e9a50ce117f78815626336827303b46581389ce033b39a523bdab9e6fb8b	1996747920	19.96747920
1b0171f225f508c7e0f9aeb0be4a5a09549334deacfddc0b92de9e7074aa1a0f	1999996208	19.99996208
1b1b68b0a2446577bb211ea0ae472313eec4c3c559ec8ca155cb797431ce0b51	1957860949	19.57860949
1b325c2e60e032b3ea7ea2a5bd4af3087e50083730db055a313f2f3c97c850c5	1952057138	19.52057138
1b3428b4e4239b086b443edb1b667c151505da7c2abc4351fe80253c2d160c2a	2001440600	20.01440600
1b3b8e967ae801010702d5758bc0bb3641417f1dd14406080a212b19ac6c4dc2	2000000000	20.00000000
1b60504585837793dad242b441c678c2a872ad9d767375ff72210f0012c792d1	2000000000	20.00000000
1b63a05469b54b410293e90e1f4d24be57dc5ffba1fad4e8bcaf385e9c288c28	2000000000	20.00000000
1b63cc5d68e3f065c90f42f4d2ab863073b4e9d1e7ea75f3a74891c4b16464c1	1986926464	19.86926464
1b6e94402aaa755eba58f2dc7a01f775822562433b2ac9111ee0d9ba363a8d5b	2031803982	20.31803982
1ba00d9dba3abdea76302cf0da4d21f570f2c38f1ddee1d123f135ccba036c18	1954507091	19.54507091
1bba260c6f62a05942277eef5f2571b2978a2fe901bf062f30b7d8f9ea94b44d	1977349164	19.77349164
1bc3122819d7cdaed07f3d5cfed1e0736a34fb37cfbc81118e07e31f9cfc6dca	2000987330	20.00987330
1bd559d8ed25c6d8d9c97e2849d526bcac535d2de3082ec16bdefd2253aebe0d	1979998995	19.79998995
1bd985b8a102b48add97ce48a9c2c68f9bf28c09f07ec22635de79f29e38209e	2000000000	20.00000000
1be08b5305963370a62c9e4b3d2ad91afbd98792a2dd12538df8ef5097f64661	1999990000	19.99990000
1be8f5d4b0b4ab4a0ebf5930ea7314fe4c3e522e45c1c39b7259c4157ef46ed1	1985843462	19.85843462
1c1800a843e62aaf8194fbdea0d80d1bb19b242cadc90d9b01065489c3ca5f24	1999750000	19.99750000
1c278596815238ce26d1444ea24a3ac4d74efb3caff791b52fff513d679b82ef	2000000000	20.00000000
1c29e32d7f6f3f74e2919e0bae7c386dfec5ddd4d1be7b7f462292fb2bd618b7	2000000000	20.00000000
1c35604e0320af3fbbf76b84b64a787a08de3fe4d6ac50345d92a1416e55ac67	1996719480	19.96719480
1c46b8726ee39773218a5258c9ac801ebb88b91698abcebd755812f71bfbfe7c	2000000000	20.00000000
1c4814605caf097f5942e32f6599e7cb6f530847b8ca673d978884759e0af271	1966538770	19.66538770
1c4a58962da8f3ffdfb5826128dd5076f1ca6daafba2ea48b4954e41aa46ae62	2000508233	20.00508233
1c4e3131d9155c12aa8b3681a1c8c81518597a6a7f26a4ae694beca986bac357	2000000000	20.00000000
1c532a252c1963a3e3d0c37d01575a51fff1314487454b7b1cd006ea193caadc	1999970000	19.99970000
1c718e2424c8bd7be6d69fe4d488d46585fe43157ef2b2cfe39f6994831e5f4c	2000000000	20.00000000
1c860111f1612369458eb51179b2d25e7a6880f68991e73da95a9240f440aeec	2000000000	20.00000000
1c9806ac5dc7e8c613320d8a273c484854c53f3541ca18ec955a61d434330bad	2000000000	20.00000000
1c9b74c1112e410f92f0ca49894a86b418267924d2417497dacd543e4c2173e3	2021394864	20.21394864
1ccc5aa2c3d1cb7285662b0c7f38afdeef2f3a4c54b8ba54c3682dd1695af14a	2019997087	20.19997087
1cdbe413ec19a16a5cd525e59e62ff63301d71aa09c1f54711741ff142820010	2000000000	20.00000000
1ce274bd6e25154414333464bf94d543a70787b333b10df67d7436ce881744c3	2000218477	20.00218477
1d0b3fe1cd68ba9e0a99a080700af53717883e586c78e35982ac4ce07116c19f	1999988179	19.99988179
1d153261ea8f2fa7596fe707fb6c11096071ec0e8e97027cef58e3a60d6d48bf	2009990001	20.09990001
1d269ccfa4e154e65a7e9f12f01c1be4f6efcca0d6ce90deb3d6f2656920ce6c	2020293899	20.20293899
1d27b6085c730de7d054133ca1e13f040061c74d5d1bc3cee2e939e7dd3108b4	2000000000	20.00000000
1d33efd13e8ca3b9481df227792c7ce913b8af0a9d8ca8e24614d06984ce724a	2000000000	20.00000000
1d4357cfa42817cdfdb2f1797d937cb4b602b8632d8f656999e76463427703a8	2000000000	20.00000000
1d4d6cf3a7227ac85048ca775b299c8d5df5c17afc2fdda47f920f281b67f9bb	2000000000	20.00000000
1d759f3222950898206d20d661463cbda1dba62341c994d39bbea893d340ab15	2000000000	20.00000000
1d7717bd164a6fd13967850a9cb315d30fe759328741f2139fb9434c11067409	2000000000	20.00000000
1d9d539583a5c8b0068153490e78968584334fc800c0fffd35cc0a1b5923048c	2000000000	20.00000000
1da929ab35a4e73ce35f7b2087a89c32c8011e96fd777b25255714b910c0c8e5	2004872539	20.04872539
1dad1886ade59e502d95bb1f5eeb84ee944eb5c3c89bb2b9d7ad2c543383267a	2000000000	20.00000000
1daf2466f04d0b062d9d64e0a3b9289de891f75a34ce2c29567b1c022de0c812	1970243673	19.70243673
1dcb91383394c7786be0f32e0c4a085c3d21f8642c1a60c948a46c95f1631dea	2018987364	20.18987364
1ddc140b36b20d7508f587c3154833aa575f3c9f001d0859f124e3a042be4a75	2000000000	20.00000000
1ddfcd86e1b4fd7186577ef79239781236a1d981c4c8125e707310a5eea0086d	1976166204	19.76166204
1e1b95682ff966579746f298bb76d8e9ba6f96ea61c423536e6edae1cdeffdc0	1999991821	19.99991821
1e20d7442a65b864b98d415fa8f39fe50b2d2b0d316ec2d2792713dcb1d24575	2001525900	20.01525900
1e38062ace72ee870c6012491de4c183c5563ef826c4e5f21912e27d49a2aba1	2010000000	20.10000000
1e3a1d9c9b35dd1ad5aff7571b123778681909176235a1e7966c12db36cfbb4d	1999499050	19.99499050
1e3b84d9fcfe5bac30139a7478a400e225eb5e14ab6afa939349e57003f2ec44	1966224758	19.66224758
1e63fc18a7a5daf02904da9ceb0405a93f69ac267778b54d78705855775ce0a2	2000762986	20.00762986
1ead66ae03457d27416a7ba9195a9a9056265deefafc4501afedd4757c772380	1989998827	19.89998827
1ee182b51dd39794e845bdb39e05cc156d5addf9a5e990f08149678f0c2dc673	1998412624	19.98412624
1ee69b13ce00854f8d6ec165712140ca02e1b8dbf29b21bf01b2336c92db7627	2000000000	20.00000000
1f052865a537fd33de0c0de1fa4d172b3421dd5a0c317dced0e33e782d4bd4fe	2026298000	20.26298000
1f2048c4a7d5ef105c7644f033fa8a6754433fe37d2a3c8cc4670858785dc565	2043214000	20.43214000
1f4966c8946e2186f270a1d187c64f1d8893bf446e064ec417f3fbbdbf0237a4	1999997000	19.99997000
1fb5ff6f0d21411c3c115ae389d5d81d9e8e2d6a31799642fbdf52252852e136	2000100000	20.00100000
1fb9675943e38572b3b2348a7328e3f7d77194322c6c4be5f7291aac12d65266	2000000000	20.00000000
1fc6ea69213c92e059064a0b4b635f9c12b51f05730b3bb0e8beeb156ae5d478	2000100000	20.00100000
1fcccfd2881c95c1e4340908ea52524fcd13ea0cbc0fb13fcb3b952b7fac1b67	2002239706	20.02239706
1fef33cc9b87dc1f0ffc20f863226107a0fb9577a802224e34e9f773ec512483	2000000000	20.00000000
201d66c97f143a38c857ec5357b61b0ff2cd93640a03b26f6c88c6b5f52ee587	2010589300	20.10589300
204e0304117751e07e19ce8fbb10709388963a961dc3356ea22692792993059e	2000000000	20.00000000
204f65f66102d4e91d75301a6c2a0b8b3cd29fd721dea6f1ba135ccb16a5cf59	2000267229	20.00267229
205b1770ed27ca92452e2eff5c28d3495a3616bcdd7da874c8821b77adc71974	2014560000	20.14560000
207c6edd8e08ad5c3932c263ee7bd0b35ec2696322c176138f2bc0ca9c7282b8	2000000000	20.00000000
2085651747be5b1942da67812a49bd0efe3ec3b114bf91273a53f0578da3ea65	2000000000	20.00000000
2089ea47af3db161b71f8bb8f6496a474307ffd407d61332476664c3a2a3848d	2000000000	20.00000000
20adbcf5e1b02a5f729d351d56854e54901be16b6f2dfcc5d8d9ed9a307357e8	2000000000	20.00000000
20ccdab3d54e331ee3e43f216d9e24df61901179f02b96624acb5e50800223e9	2000000000	20.00000000
20dd7552cec7b247f148a7cf3de12d72fbcd749d598bf13dd7f8e2d6f0c839e7	1956296310	19.56296310
2101968fe5e5cbb0cf77104cf1ef2e2a947e38f471ba16fff4bdcfc809f13244	2000000000	20.00000000
2103217ec4293a4752fd1108df7ec2394983ccf04e00fff0a704b2ea8e437c56	2010110866	20.10110866
2127f8fc62bb60fe358acf7a89335bbe2893832db3d2df60aef1d35d63ae6f31	2017796000	20.17796000
2129fabba4bb43b297571ced37ea6873cec5845216da99998504466eecf5a8b6	1999529000	19.99529000
2131ce024e82b9d70e54fbcdfbaead5e9ab91b605a5e4b6620c261a9d4727950	2000980744	20.00980744
2134fe5c82f0a90126a7b8f2587298037e7fb8d808d5d55ebcd64ab2f50dbda3	2033017253	20.33017253
21352cad1ea49b4d12c79cca3ddfea1a64f117a0ab51639914a3b4f29c93351e	2000540000	20.00540000
21472ee749d1291c29c8204ab94c095195c5d58dc04a74de13954f5a323c1084	2000000000	20.00000000
214bce0a22ed53b60f767c278c1e6ad04839b5201e3ea49265b7b1885218d40a	1953343421	19.53343421
217c7042be8f73912f5208aa74823b019eec5d251a2e8afc77496c0c4f169985	2001709485	20.01709485
2185fe8fa67f60ff54b7ef445e7533fa8c168260beab5c52d80ade287f0abc7b	2010651097	20.10651097
218d2c05c6d84d6212068c94bd01bfd7470ca6ac6edca65b5c8ddb70a19fbeb5	1953548135	19.53548135
21a995b084b938c973d28f2d07df17414676ac0ff8df551c0161fb867580ccfe	2000000000	20.00000000
21a9dc4ec80e023b7ec6d1456c78071e66331927abfb6503ec97bc6744c1a0cb	1961799080	19.61799080
21b1704e3064baf638ea027a3bac8b908f59fd6eea9b7178e86b0025c50b1b9f	1976334294	19.76334294
2216a20f41d58fba9e47099d2eb961b9659a50fdef1f9f41de07a649d3b28871	1975516828	19.75516828
221c5d5e000dff8bf2548672b8148c0b335811ba8e64ddebf01075eceffa58fa	2009988846	20.09988846
22248331bf9b3b6b13a1c83c031e0ae82ef3a1c7096210ccb55772efe074ee06	1999920000	19.99920000
2237553ebe4b57713945c6ebf1acf94e7ca1096f122921ee10391db38fc58cd7	2000000000	20.00000000
224b8eedc4a64440f6c0619bcc985b6f275eec0b9341726c777f000969ec8a9f	2038498291	20.38498291
2267ba3358a813031e106c85c9fcaab35bd0bb65522a95e5b0c4ea06e024951e	2000000000	20.00000000
226fcff910c99e019125d9aa6cde3b9923621a8b490828f88b6bc17851221bc2	2000088927	20.00088927
22930701acd0bc001e9557039e506890457e4f4d0abec93b6dfbeee7aa021e60	1999998095	19.99998095
22a33d11b474e8362b6d81c5d49b3afb1b55ea0f0bbf3af0b6032f338f9214f1	2020000330	20.20000330
22ab0362cc8211993c2c8a0f2c3962e0b4639058a7342678f8d9a1e7bd5acbe8	1999999972	19.99999972
22f734e11d045ad6b5fcdde161b82584f2ba4c0b903b49fb0963e7979593cf31	2000000000	20.00000000
22ffe35753b5a4e285447c3176839ca2926aeb6c33979b050bc580fe44f77632	2020680270	20.20680270
23174372d3fc268aacabada0ec195e2277cb2f562d76eea8bd643393a7390589	1956236998	19.56236998
23241c79a20388f0638a03b8a89157df762672481dbf92d2e5d89301c6813105	2020704259	20.20704259
23271c009c46f281f959b026f33690d8919e674ad31a60b14ecdc83201d72518	2000000000	20.00000000
234096dcd3d94942701d5dc9039aeefe0b716ba3f54254d56ac6b82f557bec35	2001527730	20.01527730
23457c4d3c0a3155e42b158f7ff0e286bf500581aa170413b58df5474eb41efa	2004942652	20.04942652
234e87fa7f368a482f3703b39f064282fce83a1cd17c958c9e07cf12f5a62608	2000000000	20.00000000
2358a56a67446d6e6a976593dba272374937ab0b2cba8153b3b6724577831605	1979757725	19.79757725
236a23998ff6039a027bd4c11bebc202831872d54f8de284ceae442fdadd3699	2000000000	20.00000000
236d118e57464a53ff5cb9f89516a70bb28bb61c8d44f64c55d3d106f3f937ae	1966789619	19.66789619
237e0ee4d6331fac9edfbcd8ce49cc5f5323835688cd160891b46b0560d61903	2012673839	20.12673839
23a55fcf47e71a50c35e9ab2ba452a4db973fd4617c13f3f5bca26bb7f9dabb0	2000001716	20.00001716
23bf823d0931c5245dc51f1e7366f1ce4b0e45316c378ad0b0f26ab044cdf0b9	2000000733	20.00000733
23c6c753a71d52fa9955466701acd07f785adccfa9876305e7a6d55e3e6a74d4	2000000000	20.00000000
23c9d34c9f3d3c4d7b110e01a08ebc24f005c7038a950616b1286170647538ae	2000000000	20.00000000
23ee74ce31cae668cd8efcb7b8a828c136ff6faa5b8ec2615613816f238fb834	2034962675	20.34962675
24086e989baaddf9748f7d3e0e45fed9c5902d481d372b5c7337e50c3e684394	2033130377	20.33130377
2453fda5cd9b4a843fdc9ee40edfe992e0e29f670daaa682f4f3ae45cf8004df	2000004872	20.00004872
246b16aba72d9555404f93c5daacbff8f977650f9a2b14cdb31264aee0025b7a	1956037666	19.56037666
246e68854c580eeb6e97a7808bb9779f9f2209fe2f831adb4d986af049acab51	1978277006	19.78277006
2472ab7723f5731c76c9f1181bf8d7e6ebe17f0975f112027b2c78fa329ed8ce	2000000000	20.00000000
248cfc5f7092e8c0e6b15e398cff03f38f4abecfb02e8804938a9c72e990058b	1999949517	19.99949517
24b04b9c18b99ebfff94bb7458e66c8bae912e63ae97c3bf02c65f944b7650b0	1965146242	19.65146242
24c8fb190dce37213450ed72b2292005a0f0eefb6262f476758f8ea725dd7b83	2016491452	20.16491452
24c9d4f0f86c56d2c67c0b31c2a498820fd7051334ba4b02201f7a4a393ad27d	1999993232	19.99993232
24ec1a7fa823970ead710d26c594d2561a1196fe00422ffd886e5a96fb7b0e8e	1999947890	19.99947890
2539ad9b566b55d56e83e064f847408fbc77a394d25b6b3c9a9160515d1f9a83	2000000000	20.00000000
253d09bf1f7747b383c867cec1db16b21e88d4385b5b3f6de91f24308a775d18	2000000000	20.00000000
2549e099f90b8b7b83e980abf85b8b0a963f24ee8cfd57c3289be4685c7ca4b0	2000889786	20.00889786
2559777c77ffec5063bdb256b733472439440140a1a3c451a464a300d82aa380	2000000000	20.00000000
255e6f5305ae1721fbe465ea76c8d70e7ba1f879426b5f42a9cb2148979e4dea	1999992642	19.99992642
257365ee11811ce867ac6f46dfe9b0f95a55d16482e6dd49f2d05fef4f046bf6	2000976460	20.00976460
2597a438392d87fd02126a0b09708d2718623243cee1055e2f8adc19bf00d527	2000000000	20.00000000
25a3ad17289af5ea43fb1059cec52c55b518fee98d95ebcca92c08dfc11d5fa0	1973895493	19.73895493
25b01648d0f8597a99701b5e3215bfecbf35accdbc4c3252ced47f787604efcb	2000000000	20.00000000
25b0cecf281110621966392cf103da36cdcaeeac3a18d4e430e4da737ee01033	1996733700	19.96733700
25b8ee0a66c83af88076c6d2f365e765b2651c3a377bc74e41de9fa958378559	2000000000	20.00000000
25bf36c7e3c0df70068fa13acd31c810b7065ed2133e873b3f6aa8fd1e355835	2035673691	20.35673691
25c61a2588f63e21d2dad6f63e2befb83a91bf1022692fb0d991d07f32817dc3	1999899328	19.99899328
25c72f14dc8e3288b43d0acf926e184ec8fd82249429d9608c90f977a210390e	1999990737	19.99990737
25ced321d8710a15ace2706131d9d92f7d77229299282dae27918657d24cbb20	2000000000	20.00000000
25d6d8b9fb830ec39fd0033a5e037ed08f8e069bc6c0bbf548ea7edbb3b71593	2000000000	20.00000000
25f3c7fc4bc19e7fc6bfe6bb99a2ad92ea81ccb58449ee1421a7d95af2b7d0d7	1978994690	19.78994690
261e1375014abf44960a4b37b1fd963a5701291973015eb41dd1dafb99c9f07b	1997685200	19.97685200
2628d9929069c12e8407f90ba501d665fc2c9602b2630b63060e00dee0fe1486	1996754040	19.96754040
2640b6f6802426ce5560a2a208f6e65ec157f884264886a5ee9ed6136565d986	1999950000	19.99950000
267dcbdecc75fbc2d51c8a30782ec2a151ae733ead91e63ab38dad7140df2918	2000000000	20.00000000
26a0d80b624996bbedfb362c6e53e6366495d15e199b733d7a8b88ae2b665a3c	2010717054	20.10717054
26aca973269bbe689dd3d46aa2ccc438d39d6b09b4cc95b813e44f2cc733a74b	2000000876	20.00000876
26b7660a31196df018e4f6229f9b520ece09a8f2a500c69bad3339adcaf2f0c0	2010386477	20.10386477
26c635c75bdbe8578e60a15012d0d79c0592966ce6811c8320b581993d10bbd9	1993893684	19.93893684
26f9982d1a300ad566cb3f1a0f437cd4c6258a8dea4f5da93d88636e521c735b	2049983400	20.49983400
2705c227594026720d25baa2cbf3acc9b7c83fe0a34165405b7bd47014413e9b	2001667506	20.01667506
271b0b04e8f7cbe9a2ef1281b2bf20e807bfaf6858303d02cf23476841983932	1997308515	19.97308515
2731f41798fd3e31da4e860864aad829ade385cae23a0c97efec30e1599476d0	2002659337	20.02659337
273906235796b2142ee3fe1e882493570d8780ecbac33dcbad89e06015b9d4e4	2043115681	20.43115681
2745908e6cb6f37e8dfa205e3eefc00d9ea77dd0581eac8fd6dd19d0a938ac91	1999981500	19.99981500
2763f1e03be887ed42d31bacc493bd918377f2d61651cf6a6a7f4e3d21d6db42	2000000000	20.00000000
276c05eb31aede4a6a2d39e1059e22156de6edb6833f330391484f1ac5fcd65f	2000969947	20.00969947
278c173cc805f1a470a9a9f11208b42f39511cb28e576407925ccc19b1c0700f	2003500859	20.03500859
2794bf03311a9f7aade384188d90c3567bee0f37b222e1d40a7a61b8344602da	2000000000	20.00000000
281130a27392f485b9b702d19ce8da4656c1779e964e6d0fa87430a6b4c9a516	2000000000	20.00000000
28114f9260c393cadfb1469df3a703cb7a04759c185a5205ba9a306f5cce3ab8	1996754040	19.96754040
281c33100705397da3dd656c42470ec02c327844b899a795dc828bac85e1c7ca	1964999302	19.64999302
282629a9d8a0ae95aa5fd54e2fc4ddcb977cf1488a69fbb4914203db467207e8	1958360203	19.58360203
282ab553adc2c44bd4adf51ef0d5e2fa0093bddf77c50d63451609563f1a2ec9	2000000000	20.00000000
284457cb0c594b4b924686c259807d134730e9f36b073ea324e494840609dc07	1999985931	19.99985931
28493fe73594317f012077ec70e302315e364cc2a439dbb00d43a4451593657d	2000000000	20.00000000
284e7f92c968c2e188e548b9ff912d5cc99aeb66724b90249e2fd34638dbf6c8	2030558402	20.30558402
2864cd7d82296cfa1ea2be05a06470b5c12627c58ab43d93a96d312f14c77e00	2000000000	20.00000000
286b68e86d5ac265117c5de41016fe3fe2ba360dfeb0c314dca936da3828db44	2000590011	20.00590011
286c2f41c1f6d1b77c529c0a67e75b238aab281f965ec67e9c42d682f43bb256	2049168000	20.49168000
28744de4a22920a8acb2796276016a4061f456ce8d33dfafedb24c56fb59f187	1952282197	19.52282197
28842527a4497460ac4e5ba656ecd6b0d8c542db234a1b181c1753d2b638ab59	2000000000	20.00000000
28911b19b56e4837b92a1147832b3f992c9379571e50f90f756430b1edc0c393	2003311221	20.03311221
2894e08791b2bc4fca750f4e6d3cc867c59c5203052ce1a9b4c5bbac6c7bea76	2000010000	20.00010000
2898f12880fe8463b970690767f1644b8cd13616d25e6ab50a2b739b04f4274a	2000000000	20.00000000
28d4aff2054480ae6e65350e0cac7f937cac76f2f56f1307e386444b8f7d3980	2010000000	20.10000000
28dfbde87539bf05c01d51c71381a6a40d759dd7b93934be171bfa9f5b4964c4	2000000000	20.00000000
28e8c1e4c790aef05bc29d7e91dec92a2b94efe2959e2cb9b8a5e4259c388f85	2000000000	20.00000000
29217d39bbffa809cf4173341c8c5ac68235f6f77b5e3da5e07f78fa6c0f1eee	2031538400	20.31538400
292c57afa7e42b946b70ab811715e600047bf66f83d47a1cf2e91648177170c7	2020000000	20.20000000
292d9879c99e90119945cfed4a44e5fd2e06eda5f258262cb4a160f1b89fcf80	2015250226	20.15250226
2944bc89ea0cf1b64d82902e13032e19270c59691670aa6c68ed55833147dbe1	2000000000	20.00000000
294eaa2e6b84d7564aaeae951c3edee4afd0524628cdcb944a7f9e0948d894bc	2000000000	20.00000000
294ec7b48504eceb76e550cc661e68a52002c291b14c9305ca7fc58a855fdac6	2023577149	20.23577149
294ec947dfd17d9093cd2af9f0d2ce3a997fe7c4617be746c6f4a598cc749270	2014030000	20.14030000
296adb7c84a3b30c6f4059ac55c8ebd8e3f0e3dcc57fe716a10768c4ce0a0ab6	2000000000	20.00000000
29815468fc97cc449b501a058a4c8a7249ca60254a6a3c49614f108cc4ae8770	1984884488	19.84884488
2997b525a8b4c3d4c81337c85836df313a979f1bca0b91496e7e5dc932912635	2000000000	20.00000000
29a62a6ec363671804ce2a15315392337146c084ed25223e15bc97f82b0ed99e	1965692189	19.65692189
29c299c5527794fdfb3b2476dd9d230f33fad29fca13ab8cd91bd884a5ad1e7a	1999999634	19.99999634
29c561bf09dd8983ea55b1677e0a99122efe450be039ac3b36548932a95e644e	1991684254	19.91684254
29cdd30bd99b7cd2fdf6e47d2aca7e9bb6b913c94820b8d827cc023f2449a385	2009990606	20.09990606
29ee7d4292471d1eb266646f59bb3aa8f6ed0635c2cd380670514f29a33afd8d	2025359200	20.25359200
29f2f3130783d37c7ae7e308c6a1cd6315ca5ea9df60f198e2e51d981c1bbd9c	2019988766	20.19988766
2a077e09c46c17792e588978a526aa64b26466ab32f690160cceea638baab55f	2050000000	20.50000000
2a1c8a67a3b13aca2442c8b8692711005d92525129830147a9b0e507932786ef	2000289245	20.00289245
2a1cf7cea9354cc5f1684cef071bac00ef98724630b8ad8c46eedeff4ca6fe20	2000000000	20.00000000
2a3d34487dcd44fdd60a3e2b80e754b51a01fc92749a0397c280bd2955ac0ca9	1999880474	19.99880474
2a4668cf19e366e5ad684137a61db3c1dab9bfc81987a9d32d2a60354293b115	1958347827	19.58347827
2a4aa87aeb0ffa6a65322d344325f69f4b593529334c5da5f55e2a0f27efb4f2	2003808005	20.03808005
2a6617759f8f69b13b93d1ec06cffd4427c309c98989ed0cb8e17116a87ee669	2012814000	20.12814000
2a722de57d7861e9e8a3481243b4256ce121cc397978a2ba633772375b694b36	2000532436	20.00532436
2a7aa349464dde4864d0d58da4543bf94721035f52d30186218764d3536eb020	1959943893	19.59943893
2a809c56bc7d96cb06f6eb0a08d229d52f6d22c8370e57ef3fa4c0036101ff50	2000000000	20.00000000
2a9b9aa3626f70b92d85021d6cc43a8ae463216fa75d4e5ba4b680a29b5fb699	2000052308	20.00052308
2ad0bec1b7ce9d83018ff5dfc986e1e1c0922190b2e618064823885128485213	1999950000	19.99950000
2b3177121d750c7fbaea329b605b0e0277bd1f489902892185e1ac372877c0d8	2000000000	20.00000000
2b3317d2a277f78ba4615cdb00067252cf9760a47facc76427a108b7992a0134	1997115613	19.97115613
2b70883f6c90c234d0354be6478c46ecfe6912f08789e8743acd4b4bad538200	2026875957	20.26875957
2b8d668a07f512d2ea766f9535af95cf1a3b3248dd9008f599a39984d4cf0098	1979906890	19.79906890
2b927e57e08e2c491d39feec00bb9ea521b6e8fddc25dacd37dd09ed2777b1f1	2006124903	20.06124903
2b9b6a930030a61d2cd2edbcbe52c662801b7317349835f9f533bd0a2bc8fa92	2000000000	20.00000000
2bbc7452980789455c354115f67b51856a2e209a8193c8469432b33f413c0215	2034455300	20.34455300
2bea35898accb60198b62597b859c920799f7023ffac541840889380f2f062f7	1996729650	19.96729650
2bed741ab82e9f70f2560a69f562dca24a13933cf5c4b4874fa92cfdc787cb67	2039289456	20.39289456
2bf725b3c03d5fcdae52a1d5332d780a9af2f2ca66cebd84d86a5eb226a6137a	2006253930	20.06253930
2c47121b7a52e12ce355443f13b454961f32990fbbec30217a78d6d304f7fcb7	1971085579	19.71085579
2c48238f679b65883fef59da328a269c5a2538f5b6f7ea3300938143b58bb98c	2000240315	20.00240315
2c5f0b06964637631f6aa6271e172878f8e1f1d85869790f6dcac6f6efb3ea1b	1990000000	19.90000000
2c5fdfb5a6cefc01b1d9ed938bd0cf7e96f82d7647ab4fb2f687b1c3bec60467	2000000000	20.00000000
2cafda6d1b6552b22b73fb6fa014f50b96fd62f059e5413a7f653cb923a71d3d	2000000000	20.00000000
2cb54b886a69c78609b32005c3efbf451ec39a94aac21f5e6ba2356f017f60dc	1951877907	19.51877907
2cca528438ede1e72a44d942e1080196f8510fff97c2988a1df7062cd7b763ff	1999937156	19.99937156
2cd019480e6f2707952ef619c82aa49d9d965cbe7a4ad0621bb191a87524c581	2000000000	20.00000000
2cd467e12265526ed760401f5092dc9b8c8cfccf41d1d90858ee6856a73f728c	2000747155	20.00747155
2cf65dfbacbc615688c16a0e61cc18d7774f3c1fd341b1518fdce6ad404587c5	2000000000	20.00000000
2d055a5c9203024d1c6e4b137c0746a130e1288667fe76fa7ea72051cb896c37	2000000000	20.00000000
2d113bd00c9a66bb786cf090a740e1cd06413562ebad2c513415b7b4baf91f0b	1983071749	19.83071749
2d170bb0f31b4cd601c2175bd99abae8c7319b17bf41283cf4c44ad8ee8cad47	2049957730	20.49957730
2d2f81cdb0e9ace5f7f5b7281ae90315ec54ab9bedcab0ebf0de27b0647608c9	1999987360	19.99987360
2d5c04e6c766c7330dd2e4ffc5b9d4823ab72a71d8868e33f0dad110b4a56636	2000000330	20.00000330
2d7769a0c4b001b13ff1ab11ddd5f60861f1756a82a83374072f3ac281bf426e	2000000000	20.00000000
2d8f8fad01ed084ca16d17bb62fe58aa8c44d252a1de24eec25fd2482f7eeaac	2034509500	20.34509500
2dbab28412d943810e519f2510cd5d9cc1782afa03db2b58a67b8ad0f2180db2	1999385629	19.99385629
2dcb02d85fee015a52db23cb9213debcc66fb8af770df85837e2f84ba4636d41	2000100000	20.00100000
2dd12f81851599773165c901f9b11ccd95e6f082f4ad9ac54ec867e16cf70d15	2000606136	20.00606136
2ddc7a4af1dd8579525d6c8532fe13817cbca8d80cafe1b52b999d6ad7355dd2	2017515711	20.17515711
2de9c2dec5eef22c059a48a95ba9d24300df6605f21853ed6506df2b388adb35	2003000000	20.03000000
2e2ae15a539afd09dc3847b42b6f4b7e3b61add20a7df72cc40aaba27ce31ae4	1987860445	19.87860445
2e2e6f909e51483ee36302863005cd341af37b82b86cf1eb5710e39149246f43	2000000000	20.00000000
2e599de4dfb0b61d3f2aee7372ec6c159b23c4c8c582a5d55975d5dbbec43e98	2000000000	20.00000000
2e6e8bce96492a219edc83f878777b9883a9a7ce2f8bd1c0275629262fb6d542	1999175036	19.99175036
2eb8ed221ad1ae3119d99ba28f94d0ec5e639bf7d712c5171a3f825964710f9c	2000017345	20.00017345
2ebee26bf42a4f56f5e0a5cdc03586ca211af9412224849b1ede8d8e7c84db43	2000000000	20.00000000
2ec04c97b64cb21e0966195034e04402fabc76a2d726b4c8e529fbae46b1773f	2000974273	20.00974273
2ec941ff561fb14cdd4826adcb8b3da5984c7768cba29a5bc8a2c8155348dcfd	1996754040	19.96754040
2ed8b1bc85e7fc1eada449ff18ddc15092bba5df267600242efc93b198343a4a	2000000000	20.00000000
2f157a2634808ea5a2633d01dc6bae446414e88ccad90ddf6d37188519ee099f	1999995480	19.99995480
2f23404b30f4cfa829b9224b2648b1a3ddc80c801d8eee5778648e2185439859	2000000000	20.00000000
2f251312ff06263d66da2399be010fcd671627fa676d11f5e83d6b1d94e6e8e6	2000000000	20.00000000
2f3e13be469402f0d87c66685f1a89fc2b7c44c45022800ea7bc9783e123fdf9	2021267458	20.21267458
2f58325208192a0fc60530e7b9b7be58de0360eb79e7e64c4b9bafc9cc1e6e22	1999802633	19.99802633
2f61a60f7bed1de4bb6c6e5168b212db624f076f791fe144a48739d6e90ea3a1	2013360236	20.13360236
2f90e2277da02ac176b28021512eb50800a271a05fc44f6b2b63acdc39a7e605	1997103513	19.97103513
2fa990abc44e1d376d8bd2dcb5163c83201705e65e2de29ae6bfa16cd53912d1	2009989330	20.09989330
2fb89fd30c398492b9e336d14698b559b208e85058615641a530b23668631fe5	1999997000	19.99997000
2fcb810a6fe6ceb1d384b650b851365049cd2aedd2186510b84e52df8f5b2b3a	2000000000	20.00000000
2fdf0756f9c1b717321708568a56f06082af12c4bc0c2d027d20b665497c38a9	2004995000	20.04995000
2ff284dbd617f242078598f420fc96822d0338d4199a1a1deb1577b622683aca	2005955910	20.05955910
300c0f451acd1a957444fb0f710925d215735cdb2879c380563db2b0bfcf2b6d	2010375629	20.10375629
301161651ebbc8891de8049ff63f36d9dcce028e55eb5ffaa531dcd8b7d755ea	2000507161	20.00507161
301da0443f544050666ab8c6b87108566f302289a0525f264fd33f8623da5d0b	1991051314	19.91051314
305d2a452dcb104894aa0b79b8f83e2aba7d71cd9028b82d9e9eccff3ddd9a8e	1999999877	19.99999877
307699313a5bbef62ca6879cf2b93134c786b86171d3b4e0025cb0e7d618ce85	1995957209	19.95957209
30822764b3ae217bbe764f214dde99e77e6dc61fee75d66b5dfb045f48a29d7c	2000000000	20.00000000
309fc229bd45d1e37b1a9bee675fa0e67df78bf9c45cedf5861f267093fc5aff	2009990001	20.09990001
30a9942e22c4da0ba8d41e039d39aac7e9089c0fb741770a39d1fa5c8400237d	2038932156	20.38932156
30baa7d085754858c2303e2f13a92644f6a7e82a0c46205aa92b585f067589e7	1999346636	19.99346636
30d919ac76aa13554679b09014200fae394cc11973296604fea29cc664c0c13b	2041923571	20.41923571
30e333e2e73ba2f55bbf1a93a770c11799545672605275b7a8d29c4d8afa98c2	2000000600	20.00000600
30ec908d6576b3ff1f542dd0e38e4304648e970e2dd062bc5574852a0ddc1815	2000000000	20.00000000
30fe27834c6d2e15959183f0d9d5acff7797e9fdbbbc1a8d81f4140fc5dbdd50	2015266356	20.15266356
31045de2eef2b21c8a04524280c8e9374fc76ae9e4f7188832ad9b25f75a079f	2000000000	20.00000000
312bcb00a1b8a66c975683b2cd052a6eb429df9ed674450f0f3fdee00b771056	2000000000	20.00000000
312d57b22feccca20dcc259804f129cfef8e373e85ba29ffddab37e77d919aff	2000000000	20.00000000
3152275e605f2adc8ad444d2458d57e7a9718fc10be58fa189b3208202d87a49	2001066263	20.01066263
3152ac15a112c59f0f8bd46a91c48bda93e1ff0ef22ca21ed09739a1d08541c3	1989994000	19.89994000
31548467d7d48604af45a25b700c23a308acfe57f7c138754841476aecf74274	2024102174	20.24102174
315eb80e983662c0e12654df952f3382d8f0b910ae194596a67081d00a875b11	1994064632	19.94064632
3167c601b2a382d39d6b57b3bb2f095a5ca927bedc11ae244922bdfa22706140	1956890989	19.56890989
318dde2449f79837fd838d44fc2454b0d480fc03a1c0bf5e782a02f2cae574bc	2027826100	20.27826100
31a85044571e73479e05be8ecd526946eb136f357c6af89d4ee27fee22905be6	1971123282	19.71123282
31bc77362e90214f3239dbe0f7dad9557e6d77d9e3f97374904407a705d006da	2000000000	20.00000000
31c60a3cdac6a50a6e1151dbd40e595aa57447b0250b2071450c7eb017bee1e5	1990199214	19.90199214
31cdb7c934f179df2d4174fa0f9c272f19425c79f47e7c7d523edba6da9b1526	2002299241	20.02299241
31d44206c20eab5802c9158c8f6b49dd44eb4db0b35b006387fb538b6a639514	1974179503	19.74179503
31e13f379e43668f220c504ebe6636bc9eb392bcf03f3421ecb80db81c510866	2009990001	20.09990001
31ed25527997d277566e23743fe143b03654bf630013210ac525d2fd0fbe70f4	2029930963	20.29930963
31ee0316e043f9d77aa81e264defc76dfeb446195ceda94531f63e73667e2ecc	2010695000	20.10695000
31f971a1b4de823b59413396714512c6577eca45e844835860fd7ca2b3455b8c	2025727330	20.25727330
3202c6bc6cd324e93f33744194b92f16bebd3588168c1c2ff3f93db31bff56da	1952534684	19.52534684
322a3ce7e0039c32c662aa60048245bab46acc02f7f4cce9b7606f34be2a9898	2004786579	20.04786579
323310cebd9a2aea533b50d4659ea676544e553e6069d0dd760a382e42c93a07	2000000000	20.00000000
324d1ed5d2dec30d917760d9aa298756791334426a996634567f57c00b75bc74	2016170616	20.16170616
3262810acdfaae719afb23a00ba8daa1b9b71f8a72e595a0e496b726199af647	1975820784	19.75820784
327a55a34f323074e21a99e995a4a9fdc1c052f43c3ff6aff20d42437d44724f	1999998138	19.99998138
32ba2cd7b229174b8ba026d734802e5b424bf256e2eded809d3c0f61465aa306	2000000000	20.00000000
32ee61588524dbaad7b9e95dfba7d8b8c3704a04ae87a93bce56ac617f7172ef	2040855547	20.40855547
3312072bc923d12946b72c9c6df3c0900b0f86afe567a48957253bae1148be0a	2000000000	20.00000000
3321efa182dfbef99e0a7a0791a35b2421b605e7b8d4c7d25c4c6d7a7a4948b9	1957605000	19.57605000
334065b83d2875f494285c2d54909705c3abea8a62344cc5d4196f3b43efa108	2000000000	20.00000000
335f236205d7202ba3678adc9eaff243cdd8f858a2b1c2959ef1ef43e30896d4	1999995308	19.99995308
337f988954697f60fec830e9aeb958c09dad632139aa57b63c7e21502c61bdae	1976542840	19.76542840
33b839336c1db4a497da5b12dd30333447d1a2398c05ef33e3606109fb5cc848	2020000000	20.20000000
33c2d7acc76f33ebe06caa92ec9b726a23e8ab9035b16a957e1d366b4b269e30	2009989330	20.09989330
33d13e2c2e07ba4d2b5944f511590e9791dc08a39a407361feaa52fce88a03a6	2000999867	20.00999867
33d9cef67a8199cdf5eaa4e1896da6411666ad3ed11fd14eabce2500b7471434	2000000000	20.00000000
33f8c6c2e846d425c3d3a6bfc7c4455017ba26925e5f92dabebf7b1551ef8cd2	2000000000	20.00000000
3400b87430e1d05d36fb8a58da5b7c7b5bb577fbda3096726a4d01663fc6e5a5	2000000000	20.00000000
341c78db1c7eed5a16de68910ce2074f254227f0dcfcfeed2eda730e24e4698b	1999996483	19.99996483
34274bfb5f08b9ee9ad93443c72f6a533483b50d48d0fdd895fd889a9a1a8fd9	2000000000	20.00000000
344a19fd07667df26869e63c32d23e3efe351d77826841a87e9d6ec6dd22f65f	1999991937	19.99991937
34552a8c0e1dd2ae9fb9d25aec404069a7f4e2c78b13579467da2bc9f750ce06	2000000000	20.00000000
34605db75270a47f1a785a64d73f525ed4547a8e21ee71420d448000cba7acd1	2018563778	20.18563778
346627cf23c8903d0861e1242642ddfe0f9afe4287bc59937e256ef9fbe57f5b	1989867255	19.89867255
347087dbaa1212d90b8af00bdd23de692e2ea08657918660f37cf97dcb2fa913	2010696000	20.10696000
347e9bdb8142ca9007e0e648cc83729f56fae96241f04c4d76db959e3a70d7e5	2041277145	20.41277145
349f02b97874efc79000b52303129115ebb831da8cad47ae89d5fc6b37a588bb	1963937766	19.63937766
34bcc3e2e614db28d298ae8de045584d05e1b524b1f3830aeb1e8be19f007b52	2000000000	20.00000000
34c0156eb1e5d9118ebdaa6bea1f59678fbe0cb90164173500f24a0301fbd41b	1999995600	19.99995600
34f40beabf870b31efcd5df388ef234e195f58634e7fb9d40a1e0c13b704956d	1960599792	19.60599792
3514f83e78842a0e17436e96a4be456c2bb054649f04571b2cef51b57d383915	2030000000	20.30000000
351ae49044f0ee4ed9e8bce2c4d1e989b0618a2a7038cdd1ee9faa405ffbc658	2009137876	20.09137876
35316608f033bb229012d10d9c1b190f8bc2e2f0aa91b678a41f0e7d45fdbb3c	2011863018	20.11863018
35376c57357f71f3aae2424569177bb0fa7906336bbd4e5dcb8d38bf2e6022a8	2000000000	20.00000000
3554ec7459b8eebff6e3f0f687bea40d694cdce5b8146f042cb22256aa1c5995	1988421780	19.88421780
356eb24d952dae7152e8acea8cb3394a85848e0ef3229ce5e8dca234d6f04703	2009990001	20.09990001
3589c207a1cabcb1db73431302f678c7e3641e587781bbf3ec71c976d2a9d6c7	2044288242	20.44288242
358c43649d4dbca7c4f425c5aa6b10b8cf30fc2e3e9d08770b6d1a824f727706	2010000330	20.10000330
359c2ba631cd8e91293402a96773c732ba7a33bf36b0b359ef8057e006efcc18	2000000000	20.00000000
35a0ea6375b87f07aa87274605a27b1caf7952289fac343ea086712c1623f02a	2038359200	20.38359200
35bc7969185ffaeaa012a5bff42618e14c0796c1c2de743549dacae4f7866ef4	2012884667	20.12884667
35d746d8953800803229c924b1d2201e81423f5d137ec237abc8f60ac9c79e4d	2031181379	20.31181379
35ef2afae8c30eb07d8680074fcc48d720baa513dbcbe339a685d4da57e70c2c	1989989088	19.89989088
35f813931ed92e29acaccc97054a0d8e588366be00a6b798bfefcbde076cb5de	2000000000	20.00000000
3610d8b3e39755ef1acb7f1360fc4a4ad7371977c5cde37764ad33ca02b4ccbb	1996741830	19.96741830
363054daace7a423c87960a6734cae6a19f629339894ff6db912878b98d62b0e	2046616621	20.46616621
364ce72435ddf6553631dd96a853795085d887e5d86b5b44f835d188a24af391	2022837266	20.22837266
36513103dbed8292ec29d0d2d17c3db5c251b727a6718801f893abc13c2dae10	1955953604	19.55953604
367ec5c3ce1b04519a7fc58a8f5217249b55f16015a57ac95bbf5ab3457d1ddc	1995410237	19.95410237
36aaa490f77a85d4fec96f77f062256f2292a128533b8d496a640d9deeb01ab5	1970813100	19.70813100
36cb09aef9f08fea7218a70c29d2f25d56e7c3d2d5eed14273c3c0a53f9485c7	2000000000	20.00000000
36d769df7e8f614dc8fc289bd4c8c36e297fe10b1ff7951bccaf5bb0694e858e	2000000000	20.00000000
36f12342c6171c808c1b1a6b4461671031982a8ae2b5887126b5a8ea21bf8a42	1997981250	19.97981250
36f37aeb8bf4ae1a524f731482f2da6c7a67d15f93acf0ddbbe948d8bce6c341	2008798481	20.08798481
36fdccf7f136e7a66b966e1bdf2ae166f09d325cf7007716e2addce95d58fc9f	2009989330	20.09989330
3708c6ab55a092f7ab44e67784a345e208c440f001d2131230f3be75c0747fcb	1957908495	19.57908495
3709329cb08f3f46a5f48bbd7af36105353a515e42b82c7400880ef1cf22901a	2045572502	20.45572502
3766bf4db5899eb15083f9206328b29f58546293a393fd7192dc8cb08e01aa76	1994376132	19.94376132
3778960ea0a06c9a43b0a1b7f0716e1ed10840d74f24a3a2febcaaaa23f006f4	2000000000	20.00000000
378058d4299f5fd745876251ad337eec329efe5451ec8d56e354d96addaa4038	2023885446	20.23885446
378cb884c4a165c8f122a99a33506b53f69b5fc141c57a2a17e34b20d6a94b54	1969290666	19.69290666
37c5a693fd359b1e9a12b3d2e9d34d7d2ce1b9a0851e4ca6881ec1ed8f3f63b1	2000152000	20.00152000
37cfa9b03d72fa90f76c7a658165d58bee9fb8bcf8507a5ad21d3b21d7465db1	2000044557	20.00044557
37dd0f33ae7a171c0f2d35d850c5d965d8e3da6231c150e071edb44f4511f0d4	2002280354	20.02280354
37e16a981b3b0c95a2a9dd11ee07327f23aee54d71401ae140039aa2ae5ba79e	1958996000	19.58996000
37fc6fd763006105d1fdd05735fb3f739f1fd10a50debe25d3a07d7c3dee0092	2000000000	20.00000000
380f00bae956fde847cdc1c3b339138d20c167995eae78483b2c952f0682fc81	2000000000	20.00000000
38284f064a4585c3744188d7e74c1385c1eb470192a7b4ae7fdef7e804f19551	1999990906	19.99990906
3829f296cf65938b20af570bacc32d155b2fa62de46dbcf09bf4f84086eabaad	2009230050	20.09230050
3836a4113a155e879faec75528393d8344cb40947aa8185d066fad51a029e473	1956498690	19.56498690
384462f011ebed28e001b0ff400e2cf5c48d878ad5061a4746eb5ebb45f70642	1988882392	19.88882392
385f3b22bbbfc43e2c1371bffed209eef1b7553f16696bf4d7663fe5fc2e8b95	2000000000	20.00000000
3873627187a8124f3dc1e5b6146d4c0ad79749ba5206de3cb8d0060874efbdb2	2008472139	20.08472139
388e99ac092a79722a4672010090cbeb9d6539f12df89d22ce3a313fb87ed0d2	2029261600	20.29261600
38911f9f82c3e3369ba27a4b1a4c64ac9832815d5ca27f6ff38cef4f3e4f360e	2000311121	20.00311121
38a76bde63af1b88b9de66ed9c0540f0f12b1ff5829dec3059755c2575461fb6	1999303865	19.99303865
38b5ba3bdb1766eb730da3516cfb0ba77397fe31f0c53a794792c22c869124f0	2007877143	20.07877143
38c58b525f7f988382d66bdba16c46b1043c9e8c9d33f22b8cd7f79d957ac080	2000000000	20.00000000
38d62b66bc0e74f078924505a82b75b6a88df2a7513a826291505e3a62732a6c	1991303145	19.91303145
38dd1392232341628228b52d1422a81aa1538585db336ad74d4faa1c3e59a6f5	2000000000	20.00000000
38ebdaab0a35b807e315240ef6d774d16ccd9d1cfb935929d2be7b9186b51be0	2000000000	20.00000000
38edd11a4718b0033687c50c711411a78eece43e90b9c113d63848d64b07f0cb	2000000000	20.00000000
394e71da15dacad412a2aef5da99948020a57e8c7c53bbd370668af652a89598	2000000330	20.00000330
3975f10c9b21005e00b2c0aca5f88c28a73585300c440fe43d96c1eeb1f0c92b	1999959310	19.99959310
398c06aa4c781a9bb3d788fda4f1e5d61c61bc0dc9c61a3c5fa91d6279ea6289	2001000000	20.01000000
3991ce25e081d77444c43a1b36723e8cd37b092d5050bab8ae6daef3905bb3ce	1998985334	19.98985334
39a0d7480f825ad7be5eebee0d3f11bac48a21631c66da3ecdd9afbf3709771e	1996193541	19.96193541
39a1e255300935188d83a24c9d043613a61a4d9880b1f2ee8e3ea472f927a54b	1994414728	19.94414728
39bccd5d8f7b74bcfeede9977cf0960f2323107860090ed46259a40382b2332c	2041313889	20.41313889
39e7998428d6852ce8fda3dccad0136f9b87025ebfd74818d5176b359f7387dc	2000010000	20.00010000
39ece92b5f963d11520fba60d791803f6c5d43b92fb82386a7a0cb7332537fbc	2025934029	20.25934029
39f8d397a92a5f729ebd0b3ca1f4f3f57a69401ed6a372d942364b02ff1c8068	2000024000	20.00024000
3a243482067f7ff9f966282babbb0d0e35909ef89dc119d9e687ccfc73176413	1987905171	19.87905171
3a24b2914a978e95a6dc077612805b1484438d8933c70ad9ef29cfb9728c980c	1999996256	19.99996256
3a36af32616723491ea371a9cc15ee71bea2ab1fc564332f89aac8a7c3635487	1999998949	19.99998949
3a48748717518f004880e0eed172f5d3b2e7d8f77551ec1a210bcd72fb1a600d	2000000001	20.00000001
3a4ea3b097b045ff15803982e890bf7f8f9107f7b5439cd10be970baf94b7b02	2016387361	20.16387361
3a6355f99cfaef4b684bb6dab86d479ada866df97142bd6691357b913f845a89	1999989865	19.99989865
3a6ec1f32ded9c556b7e53ad8bf01c6a58c7138f85253549d27606efbdbccc2a	1986068294	19.86068294
3a811ac3ad8d5573c826ee3823a57cc06172f1060e677bfc0818b46b2dd508cc	2038597332	20.38597332
3a93b5b930ce4d74d4e303a68b1aa8061316f49da205b930ccd9d6afcd7a7634	2000140000	20.00140000
3ab3ea3b5464bef71f9bed1a94b01501d51743a8ee658a56334e8413ee97ed76	2001488844	20.01488844
3b0db0fedd47d5d80d491d509ed2f768b482010430ad4ee67b6c699550fec7cc	2001058736	20.01058736
3b1a7b151d7b3944d184e5e3457b0cf6c19154930fb279757d64d4fcf7886129	2011694706	20.11694706
3b37096d046b95d3f8be92f73a2e484300796cb041275b95c5468d1ee6c5c961	2000000000	20.00000000
3b41773944e0e55b67059f26bc96a7514d81ffa68ffb4ae362c64ddb65efcf1f	2000000000	20.00000000
3b731fefd3d3737a266f44a2fc673470459809aaeee357a8eae01061767cdce4	1968964671	19.68964671
3b8ab2fd604c6cba9cd668bffcf855d4a2189ba3a5a9d97a3f1cb43b6f54680c	2000897842	20.00897842
3b94cf96dc1d55b7507bf9a81bc07735c618193871fa9809c57ef0378bfcc841	1989813345	19.89813345
3baf5a2e1cc1ca87b06a042c5ce8c023c987e129cb75f0bcec97608d8afb79d5	2000000000	20.00000000
3bbaf17c840ef789f9f3994950c997f067709bb3a6c8dbde13381a1511cba612	2000000000	20.00000000
3bc94aa59393fb7f78403545fcf0b6c487a54ff3d24b053c29de8dbc4d5ec6bc	1999862800	19.99862800
3bf2c7173a03308e3eb127f268a043f10efe79ab86474e5a12af6b3da51dc802	2000000000	20.00000000
3bf303c90829d98f70467de1a44f221158a678a1816f25d06226f4e8361f0900	2029983515	20.29983515
3c0adda01b7a776348de87cf56d742923d1352c1aa69f5cec5fd16978dc27db4	2003750400	20.03750400
3c5ee9b7a339c5e275f59e62d88a2578937efad7e911945e1056127a8bc7f686	2000000000	20.00000000
3c6b3ff768bac180dc33b740e3ec27ec85fbe038c0d4a673b9f246b2a8a9fdad	2022727536	20.22727536
3c6c489cae7e0c5d8599ad757165bf8fc920f717da25e05173f150f95e5e39b7	1958926558	19.58926558
3c7676c92c2b4adf5a871c66331a50aa6369d656c1281cfe00108194701ae865	2030123684	20.30123684
3c7c02f576a909790ddc3b7dde27407dcf7e9e4f85ff4c58d3bb1abf7199a0a6	1982498687	19.82498687
3c83e7d692eb2d35ef11fb610cee469ac2542d8b2689946c0de338ffa3de0107	1996747920	19.96747920
3c862e289443538282de5f6c46a3dff9314b843b70e4482e2edf0398dd464531	2000000000	20.00000000
3c973ee0396a8edd7b4f55ec4b0ce1ae1c49c98f58b47e08bbd5115c8d75daa4	1981067931	19.81067931
3c9e5cdf4cc7d7820d660af4483b89aa0d8b54e18d96c5056fef17c61a970f2f	2010965000	20.10965000
3ca295977d47029cfdcb5583aa4d8dd8e7e27a4fc7ac50320ba1afae21ce25ea	1999991700	19.99991700
3cae98c8557d18f26ac3296e4d2e791db0521a23b37a25c491effe156b855f24	1990000000	19.90000000
3cb7e00a5a249ac7f863dec0f67e560e1da0646aabe81a7cf9e0e44cd8086087	2038860900	20.38860900
3cc67cf4e9356097fb7c16527bbdb10244d10d9d5d00614794f2e2b12eb1d4b4	2032268331	20.32268331
3cd0bd64b78cdcee497cef636b54ba3d2d0d38b04a0e26064e6bcb84ed331635	1998874305	19.98874305
3cd8950d729904109087be31ef10bae3f55ff354dbd68bb23c17bb5f8b6fd948	2019911664	20.19911664
3cf1eec28058c192a72eb02a534bef42e829d80d0feea719a0fa2761566ee4d7	1999991564	19.99991564
3d0ca4a74111b2a6d8b08a014d9c30f71835a7be7d00f5b2b7742b9a30a894a0	2005009300	20.05009300
3d3cf7db03f060bd7a108d2beb016acc2d558cfecaff8630365e8db61ba69c10	1999900344	19.99900344
3d5eee0debfc5007113cd946677c00b6d91d7754f7616b288b3bda7afab13168	2016653950	20.16653950
3d9947fe8b0b64c92e298112d119f8574f98de14f3197fcd012ae15679624d6f	1956641793	19.56641793
3dd53909907b2f26107190262a0dd7dc6746866bc7496408b45aa2c8c7aee1a5	1958702663	19.58702663
3de1a6565529e07a76bbc71b9b2b0a21ea2c7edde12f5c2614e61466b9a16c3a	2002068105	20.02068105
3de78fd18447efe765d2b6308234d2a83316f661214c1f2cd1030c646d027e35	2000000000	20.00000000
3df124544414c858e990103681d1547559fef690592d76649fa689e53bedcbb8	1970890726	19.70890726
3dfbb84ed3413b1dc16ca73905edf5348d4065a3af221f52943863bcbb4cc780	2037468300	20.37468300
3dfbf569436f4d86e63b1f271dd2fbe3f1908d816396815ebc3810a170a09268	2035125902	20.35125902
3e3c18916418934dccc80cfcc359ca5f240d15e82200442a72db03a2e77dfe86	2000000000	20.00000000
3e4eee8fd3da5798efcf17bd0f49f3be811cb64768685021e3a9c4e02f1912c6	2030748140	20.30748140
3e74f3de340d89ecd5b99e10bb6656cba8bdff21deada40f78ef29e3a149ea47	2049699870	20.49699870
3e8dd0f176dc9ddcb9ad27742cc3afa4363ec9b9c856e5dd074cd4c6b6d964cd	1999989581	19.99989581
3e9808e39a454ced06614f3e960f0d4a4aeca87023f6de133ff246bab726e954	1999998823	19.99998823
3e9e60a4da4cd2ada5dbf6b9eae8f40ca0e20a58bf825c4dabd2bd8b135a28cc	2035415894	20.35415894
3ecfd82bd7af74a1d050f474505ac2571056ef7c93c65174aecfe478edbc26a4	2000000000	20.00000000
3eea40b27a54e06316e52c2f8e86afc0fbd263f5156fd6148f543bb72f815c63	1999976102	19.99976102
3ef9d80a87727ccd0d199b849a80bbc33543594e4b214e5b65a69f0c8244aa99	2000500000	20.00500000
3efef92941d317b09fc7d6e5bedc365afeac2879011073ade7701f7d1eb43079	2000000000	20.00000000
3f1ab98bd70f188e027b0f2b15975298998e13cbccd042343a79beef3df17d21	2000000000	20.00000000
3f1ad70d62c2caf852b5bbe2695459a82daae752e5dce383914289a2fe3aae6c	2000005759	20.00005759
3f33ae7cb72bd295aada2489c1d8abc39ae47af8b1d651300e6c031571235709	1955429039	19.55429039
3f41e531420ab26aecfa1f07541b0fca3ae007dc379ab15e03027032adc9428d	2044810330	20.44810330
3f54a9f7c3dd93975560eade25ca3fd75317e677af7dc09f51076072d3a246a2	2027630487	20.27630487
3f56f25a952c6f0c538a3ace215db745943151d83d0b72cd176444a451f121ea	1999999780	19.99999780
3f6863af9e768e83d1ec27bbb4bc0bb31641ed6588d1b162ac2e1125859a0b40	2026718326	20.26718326
3f755d58ead0457a5414af053aa144a25fc1ea5f4018f95cba714c326aa4a604	1999996565	19.99996565
3f7ea878648bfad7b52eb4cc45046305bab82f643922b03565f22b6baa3c5732	1992548318	19.92548318
3fda800112fc64b177f4679a217d22b23aa6da0e18576eeeb9a5fda1fb6a977d	2000001204	20.00001204
3ffba03888e09ea5d9cd18f0f6c4eeafe3a54f1b00078867f99145bfbf176386	1999999120	19.99999120
3fffe29a842059f7c9753b47dbfee8a4eb7457e8c9a695b073202e880304af3c	1981814919	19.81814919
4004ba32ad2ca21d3f65e2f02975480b77814d7226d7cbf100f4e0a73c2f8c1e	2000000000	20.00000000
4004df725b5fde66eb832b9ea6c31183c5ffb8fb03e80c419f92c3027b4a7bd7	1969998423	19.69998423
400e4d3af2fa5fcc2ac90d04eef32a9aa0c6c2bdbe872272fa1f97790b741133	2000002869	20.00002869
401962aaffa55421848fe0e943953583fb56bc0fb196b5ef13dbe7d417744972	2000000000	20.00000000
401abe602d804fe47ddf58826cdcc51093f99b5473842d7b8d7b947577242ab0	2000000000	20.00000000
4022b05800c0f887e2e2e59b90d26cee2af03aa72b6d8bec0ea1d55e3c4efc55	1999998686	19.99998686
402678b6d51ff8fe958570a0a85cc62ecf02cf88b07b868e07df8fbdfb1ba14b	2000000000	20.00000000
4031c61655805c221cdc55be2e0b269e07d2841e026b708a61bacbcfd3154ae6	1968106132	19.68106132
403d50cec6b0587baa9a88189b0b803a2043aa07bbfd85ac2f2f7ad73f8a1f7c	2044922800	20.44922800
404f0aadce360354ea66d7ccdab68751262a9365b67b703c8396417ce39ee9bc	1989997470	19.89997470
406921fdaf166374550b6d73ea141d758670117d2ac51b2fab4e46b85d289c52	1975060000	19.75060000
40723e1c35de61aedc9e6bbaa05b9edc409563e149dc21896f740a17c1e6d855	1999996229	19.99996229
407eb81cf4ad1853645111e9883dc7b819a5a045bbeee13c8cec53cf5d9f7634	2009990122	20.09990122
408c352d22a5802e4d6eaab1fe541472fef84d13538feec506a34d3bd51cc8c8	2000040000	20.00040000
40bf5cab6f63cd61af5bf6a824d8fa1d7784927a61b7654ae01df3674aa0a7e3	2002430511	20.02430511
40cfdda0330350c6202a91af8b80b62054ed67be7602d0ebf8600f2c93a7ab8b	2000000000	20.00000000
40e5766ad5dbf1335cf46f72a159e0c94ed08c527118d6ab392049cb5d0c066d	1984969300	19.84969300
40f2af0908c79328704c4247e1959039d0e69260b5b0cd5d44ad1f9d75ca8f58	2024099511	20.24099511
4120f639cc1371c100d5295ce0f45efee780bfa09e70436a95d08f49c1fe50a7	2000000000	20.00000000
4121b8792b2789a450dec54ce8f2dcfd3a907ad963da17786dbf999d78776d9b	2013851866	20.13851866
412286738f3708bcae3415619673244d65cb574fbd2cfa6b8f33f55dc6c4aea1	1989966793	19.89966793
41309a7881c8c83b51c21750277cc705644cde5d836ea60e1f72299a71673a0f	1996576823	19.96576823
413d16cf2df633dae144c674c53c770041f79e35183c11c58a1b04f3acf89968	2009563725	20.09563725
414b240663e219ffedc91234dbd6eb2641fac0eb1cec06f1fb75fc74b4932601	2000000000	20.00000000
41555a2561282e56e6e158d2cee23dba158d16a271b54344c0956dd43878dc43	1998959722	19.98959722
415e459f581f22f9d170d064d51b6ef57075d901f46ba688c45e7d9df7738471	1970084554	19.70084554
416d315461b468acad712270fc839539eb5d513dc8887de427a7366d10feae69	1995125775	19.95125775
417813416655fc119f7ef590a0c467af4a18ca0f73a5aa26db9a912fff693558	2019950000	20.19950000
41906439c2f0d8533cf95911c47c242671a3ce2a4cd72df255f504fe7556fdb7	2004999505	20.04999505
41b622e38d6eeabde79db68db2efe6bb032fca778e34da68dd506f27818824d4	1999909442	19.99909442
41cb63e6b204072f265b96a306a5c809882f987c2aae4339c23419d3ad0c4194	2010000000	20.10000000
41cb8c24107de3aab941ce8deaf8c84611a87f46c446599fed8cbe4102adf404	1969731964	19.69731964
41f86326b51700052e0afc69b8318b2e42af30b1d913cb06922f206c91e97817	1996760130	19.96760130
41f866784b9e8a39805e06d52590036bb76a38247adf4b73f1d38754370ec6b4	2009908127	20.09908127
42081a88e99a853109b80dde73e120362a25db88022fd8c8cb042cdd27f4c856	1999998680	19.99998680
4212b7c324d07b0d31b4617c21c7c229ff0bc706dcbc35b05a9fefe87af85740	2040911700	20.40911700
421710135e628aa860a111f69ac2f43f66fca526ef6ca5061c238523513861eb	2001000000	20.01000000
4229a45df2dc12ac5e6eda57413735a2fc30d07b4f9df8f6d61fd1a037832d19	2000000000	20.00000000
422e58e86d5d720b3f5ab80d3ad84412a4ad94a401350b15ada13ea44acf59ca	2012894843	20.12894843
4237b0336bed38625bd11299b1d381110aece1398a24ee5d6ae7a16ad4bf7bc5	2000000000	20.00000000
4265685510cfd6cab5fad2dd466c037291eaae1a0a92abd352a0fb20dc300307	1969530434	19.69530434
426d219e7884bb219dd1f1822cac648375968cf2e75e6dc11e1b89cae3888b57	2000000000	20.00000000
42814a84d98eddeed8037d3f093fad64cbabe649972f8a22adb25e9fc64d9697	2000000000	20.00000000
4281b26ff1a36dc53d4e2a3e88f893d02dbe9b71d18fbc21dc3d4ff1a6f44a10	2000113500	20.00113500
42c11212126509abedce19ed538d43c2d28a883b4525d0eef76c67087a1891bc	1990000000	19.90000000
42c7e096a74e4dafaa1d07eccfd88537332c1a48c30d12a7775094a5e1860913	1999964042	19.99964042
42ce03a7325161871681f426473d7ddb282d6580a567bccac5919139c4b8ceff	2045192729	20.45192729
42d11f3a25deeb0452217a35c9b198936b0d779a2e31b8470d74c626ced3f9b2	2000150000	20.00150000
42df63235cf69b845e1b22c417b4eb3bd99dad4bb97eeb3b506a121f9bb6806d	2000000000	20.00000000
42e3c0faf8541419a20fcb629664125fea6aad57d2e86d6de19676deafca4478	1999999867	19.99999867
42eb4c38f305c9d7de0182ab3801b5ec534a9a632be3c8bb82056d0c10a4afc6	2048000000	20.48000000
42fb38375da5e585ec774283543820b4391acba7159b20411380baa3b0843994	2000000000	20.00000000
4302a6ebce9d4e3ccb3299e5daf9fbba1885b1342c31ab0077df0ae3285514d1	2020604236	20.20604236
430be00aa885405e6a2d2a0097ee0df2948bbd0b2b2988c1af18abd4e271e8c3	2000000000	20.00000000
4312351f20110ac120a0c29a6f1b460456b41158acc1529a84759cc801d8d625	2001989544	20.01989544
4345438e478c6997283217bd17ae9245c999c3f94ec662ee3ff9d4e7577366e3	2009989330	20.09989330
4349c4a9b7541fcd8a4bb6888251859d6b8ffd268f829f26f65d5c7f5215bc0e	2000000000	20.00000000
434eda04209d1b48da6a90a9fc63b7272eb9dd4c06e82bd8cfc1a0949a728054	2048233900	20.48233900
43602adc5bd84448d43316597b11ee75108ca2081445ce83cee4b062341ed51c	2011984700	20.11984700
438253bbb1f96d68b20c8136efc4e66683b1e42936f986919900442e9f6413ac	2000018516	20.00018516
43a16d4a9ea8f17cc6b752a61749acb93407f7013c7639b0253404c8bb47d3e7	2000000000	20.00000000
43bd7b904d76ca78f3c0ad2c6a0b6ac08c71ae076ad8f8b795797740205bf61f	2000000000	20.00000000
43c2407dd095439be732e65a1d19b47f6547884cabc309437f30faeb71cb34d4	2000025000	20.00025000
43c7e6873d5f58a3d36479b2ef7df030d3f101cb09059d306f05cc525cf070a4	2029224641	20.29224641
43d78b9e2144600477fe5b27cc06126dfbda419812b6d00b596827c941164c62	2030755306	20.30755306
43d9f88bc75fcb16831bb621e54b274ca3b5e66e7938472d699c77a9c5d86c32	2000001692	20.00001692
43de5c6e5f43bee3df40078e16e8f6865fcb5b8b86b19572ba9ca6ba93586057	2027884545	20.27884545
4400148ac1fc5a22315015fcf3d97fbd417eb460071ba5f1133521f756f2c233	1999896070	19.99896070
440122a25b3f27fb5a0fe738ea8d2175d5967eb7343786a604ccb3cd6902f179	1954895725	19.54895725
44249959a29184b0548c89ee8fa880fdc5c079e62ae145901c007e15e8fd9861	2031000131	20.31000131
4428e0fb7ebac1424d72facad7fe5d43d4433ac2ce363bcbf5de47f2d13635c8	2001000000	20.01000000
44617a28a87453a8d077cab44ef530b4deb7a06617eef15e3d12a1dcacf17371	2000000000	20.00000000
4469485909850effe2e2d14d3b2a9cfba8444c09022382bb4cf730207c9bf3a6	1999940330	19.99940330
446c37ff11ea64f47b769970f3b72e91b669b98bf45eac3579f5b9e835094b94	2021892396	20.21892396
446eef47d328929ed3eece62bfeabc50770f9dafc6773dead5cd583d4b63a2a9	1999997000	19.99997000
446f25809ca552641a955007cda8c9e6ca2db0b2fe785b8d60062502fd3b4275	1999999120	19.99999120
44886ff11e73be1b6e4c43ff9871864ee94e90fbdde497967c0fcfe57d56049c	2000999878	20.00999878
449d34ff1a62c5fd4ab12b1cb6409ee8df366114cfd9849e487d31ef6841e9a5	2015469248	20.15469248
44aeec11ed86ae6b4334e205344057134ce8dfc837dd72dbf4d535df235e8b8f	1990682494	19.90682494
44b552d067d60133c5d9749077f609b19c7a21afe5a23e9a96ec931429b91312	2000000000	20.00000000
44b9ea755ddf2945877fdc0103691ce4f4d108124336e26a7c2eeb87d6223880	2000000000	20.00000000
44bb60c283332d0fbf57c062388f550961bf88e2036fc2985bc067653dc0f34e	2000000000	20.00000000
44bf454c9f7320c1aa413462c30fa00e60ba604bc8a2578340bb3484efea746e	1999995838	19.99995838
44d0a915a50697a20a2965f68f80151fb57be709085f68cd4d86c3590a0163dd	1999990960	19.99990960
4510787f6e6f65692377b5df7d9a322a108e38554df12b473408c22ae8ab68d4	1955563890	19.55563890
451c173a4799ee9fa06d2d1a7177f085ffe5ab557d8ab46ccc17ca9b769bbbae	2006897458	20.06897458
453a7a119fc8cfcd0442a0b14fd5f37aecf388d70074dddda9d0151650a170a5	2000000000	20.00000000
4552f82b8a022995a669dc38826bf5b34b502a964b80be6d013546a3c66a4f25	1999989514	19.99989514
4562c7c63addb578bd28bf496ee4d1d1b521b35c90c29ae2652698a22932b7bf	2000000000	20.00000000
456ea9445a4af95c97e95bcc91f6caebeea674c169eaf12ff9f95adddc1fa927	2000000600	20.00000600
458c2bcbeeb7120d0668273ee2661ebb5490b813fee90faff81f7069642291c9	2000000000	20.00000000
45b1c17e1cb22a367a39600779463b33dad4a5c5b6ee5d22dc8315e3ad067bc4	2017070650	20.17070650
45b2f86fcc51af6831378489efd50fffdafa60a7a05f781556db547986f44fd2	2000000000	20.00000000
45c1f1d7c5583018dfaab6686b064c60d05d0461a45bafb4352e81305d61433f	2000000000	20.00000000
45f33fcfb9d705ad28e568fbc267b1af10678a1f62083aeccf07acdcdd87e120	1999999050	19.99999050
460e31e03f54a440649a2ebf181ecf3ef25ae0271d97eee0cdad9c281809b848	2045406586	20.45406586
4611bdd1b4bedda70e1d94efe49e714cb0955947150522b9284da0d3d9d2674e	2002408000	20.02408000
461f66407e8dcb86007c4cdd0173d365994786b01cee2e5c01047cdcf19d4b30	2006469035	20.06469035
462ebd649ff4943594f99619a844d1385be4ac3cd0e661b8b3d700e08f37b25c	2000000000	20.00000000
465e40dbe7826e8569e28d9e75017b0169616e72674d52dc975f610e3d161d15	2000000000	20.00000000
467bf30b9e7b1e7499b310c2c01a3be047b5f8e323dad225897af7f16b2a55f3	2006254864	20.06254864
46813a8c54deaf15946fb5d983b7e65312d9b5d8322661b383546f231c406041	2000000000	20.00000000
46af7e99fa2363be830b4bb4c29da845cd33613f3d97e5cae52404721c72df09	1999588942	19.99588942
46b5024519e8ab0c3d7838e57031f63c13a3774eba924ec04e043d1455f22e7a	2009990001	20.09990001
46cfd97e9ae0993813ad759018c0f2298ddcfd6520ff2e773e514bde7568e8d7	2010703781	20.10703781
46d12d33c36be25a7184876f9ac12931c62bb6795246e103ccdb41287a8321c1	1954029488	19.54029488
46eed2bb792793928643916ef01ce15016e5b7ed075eaaf532165b241f24a815	2034523298	20.34523298
472944bd957c60a98d318ea8f62344d5f778d398e2d5b44eaf911c21886b5208	1999999100	19.99999100
4739202229aa2d35caea8672362c81f600f1160632460aebfba76a97519c4cbd	1999913066	19.99913066
475d6ee16b37077b366280fc77fad26b26571f229f1c198389d8d8480d8b0ff5	2004613004	20.04613004
4781f37da1c78a25cc105fe9e7031c007f1ae38d5c34c6667e44a694ab7574bc	1994997714	19.94997714
4784a52edd65de39cd7d45dcdd9ddefe8205c8e17a54137e4f991a07b42b0de8	1990000000	19.90000000
47bc02d9b950a3aa9966afb8b2f2495ce89539c019575cccdd969fa4098f1a1f	2007253330	20.07253330
47c2582c770c077d0314608d553a636011dd1a9d592a57236c502a14cf3f1a91	1950317718	19.50317718
47ce25728beffceaf01a349b08b91618e00df79c6a8283b824fe5d8a3b5bd238	2000383703	20.00383703
47d7cf22273242e866d4aee228337e3e43e534979b7276a4569560486e91e064	2000000000	20.00000000
47dea11da98ddcca87a8e9bd60c4f440a8bb6cff9ee6ca23914e7b4250cfcbf2	1976675526	19.76675526
47e7eba8ba9ce0abe4f88eba08faeb784f087721f079ff81acbe0b1e9281d6fb	1999953225	19.99953225
47f9538b23ccb85e13fec2a9d8b7da79242296897172f6a50fa9c8b1fb0423c5	2020746277	20.20746277
47fee60687cbd1d7cd1bcc674e0b73de348ae810deb42fd0498eecad39c5e83d	1955305996	19.55305996
48104f3efca9245a0b397219b43c0c9b8b3137bcc44c4b770abe097edc6e736f	1991005491	19.91005491
4822e225ddf5cc3ef5d5e505d2534ff644c4fcbdb1436a71cd4a045c941d7751	2001832254	20.01832254
48275e2f536b6cc648b6ad906d5193f5d2fa9d9cf6b011eab7e667e35771cfa0	1986136381	19.86136381
482ca41f8b53016dd015e4aeb4878f50a6e1c24f3141e85baf47f982a668d32a	2024039232	20.24039232
48329b1581bb665cd83dd9d2165ee2870d33def4fb23a4d640f886ccda2724cb	2012487316	20.12487316
48396f949037e66b5c62508a677fe6bf921da987cc891cc53065aa23f917f59c	1976386381	19.76386381
483c798267d757c5d9abeb068f052c67959fd4837408c8de7d207aaefc9f0d25	1999996526	19.99996526
4847b3e709c22b5eed9260d82262400a463bd206cd3fad42cf970273c15b6932	1999977910	19.99977910
485fbbc6e78041853aa941a92060cf5b14fdc142ee53201701a0b7cd89cdf34b	1999995563	19.99995563
485fd7532a6d0ddbcfe70fa5f60762d21059659663c034dcc574caf78e506701	2005948253	20.05948253
4861ccefc7448715e17b29b541cbc935206b15c46f934d9ec67f6f5f203ba74d	2008215912	20.08215912
4863caf5771f4c2a9399eee675721d13b1c693213f90fb19b81ec3300d55d238	2000000000	20.00000000
486c575b6b15a76f312ecc6488de858f8043e84f7a0c32206bd72cf2b8ce52a1	2002306941	20.02306941
4875624dcfbd3436b2c01b5f047b7821c8c17d21cee5384479586fb7fb34129f	1998000000	19.98000000
487e0fd74b907ae9d9a225526f69868ca5ad7c3eadcbf44091dbccdb5168b6aa	2031656700	20.31656700
4899cf86d32ba98047fea3f522bb304a876d9e22e18a6bf3d389ffb9747f9af5	1983424500	19.83424500
4899d3c772ab9eff4a32626afa65c6aca5eb2d5f0c8c9469608de1651b15c9fd	2000012276	20.00012276
489aeb48fc8d2dec2e9883f1a490613effb898a5565d92616cb0cb0f40908c48	2038794911	20.38794911
48b11c6703d2f4a7a4e988e98e6ce4b20e58530cabfdf1d14aa42bf0afb60b4d	1999996503	19.99996503
48b2eb055617cbce23de3510ba77ba58970b405c02af2a859482b972f0e70b5d	2000000000	20.00000000
48bf86f842c5952b0f744abd8e9cd033a32a08d76e0079f2aed32c4a61bfb2f2	2000000000	20.00000000
48d073fae2c51810289598468ece16e5c0517dfea9511fa92163c6dea6dfc82f	2008389590	20.08389590
48d1998a7e8888db5b2b5d24d687a198a001e2eaffd653efca80827799522bcf	2000087158	20.00087158
48dde485747e48f388a983095a7d3babb77993114d1eacf59b33600c1b65d674	2040587948	20.40587948
4906859ee0488b6fb68738676333b9f11c05900e6644057eefd0b792f5f4745a	1999185477	19.99185477
49105cae99ea4e923c4cb8cabb26b8027022182c5a75def646b97cd6bca9ef60	2001000000	20.01000000
49195b3d9fc0bcfb7369829834b4407322af6f4cef1c67e9baba402c91b3b9a5	2000000000	20.00000000
4938489c1eb28bccaef143c2f6f20040f6006309c1dd2e3c7427af60fffb4fac	2000024000	20.00024000
493afd81f74a5935a97b56df6c7c83ba060c610e40f8659f77320f28a43cb76c	1958117152	19.58117152
494542a5647c476b6aff2cf1a583c4211fa3a19ed86d36f58290be42eb4bb085	2045730273	20.45730273
49596c1d63ebc3634746b7257f723e45aaf79535d3e66f13cfb0a1e10802164b	2003999505	20.03999505
495c19d88a9966cc09ff15f9ef9eeb0427cbcbd23b5c7a792bcde4244268546d	1999987401	19.99987401
497591b075290c020f6092212679acb0a247851f4e5fb1f71d3ae5ce1d34c34e	2045656682	20.45656682
497bbf02eefc81de5aa4583df36c23cce0e297a544a5c5ac7a626e51fed90a5b	2000000000	20.00000000
49a000ea7e0c6212c3b682c9d02a35007ae3dcaa6cce7a522f1a59f8fc1f000a	1964809000	19.64809000
49a127d60f42a223baa3d6619a9898f1c1aa7062b8d7cb029c5e5ae836669064	2000020000	20.00020000
49a9a844bd0f8aff02e2f1f94daa4a64b04cf81aa61ca29572d833ffd021e89d	2000879381	20.00879381
49bca4520ad7e3475af1141e0dd0a43b21d988683740e6637ade2fb7c351da82	1999999860	19.99999860
49d5369d55eae5d71685ff80008e91cf9672fae10f32e749882f08dc0ead718e	1999992247	19.99992247
49dbc723ffeecbe452dd2755be4e7a17c29bc42da86dfb926dbfa2f11b120bbb	2000000000	20.00000000
49e371f3d3a37ad35f10e3c35897e41ccb4af9645aa2e481a757d4423eaf1b6d	2030336724	20.30336724
49e811edd34bee4d3c0d6c21ca233e8df6b994cb269f9150965514732692634f	1999896655	19.99896655
49ee3c7e039810eb7274e156a217632781c228bf740cd9747a1c1c1730bc830f	2000032192	20.00032192
4a0999e885c3b9b6a4a2bf2a60833b0d2768f67b2e4889578cf1b828b8d6c028	2000028564	20.00028564
4a1af0778a2ceb5a5d37272718c7ef6e5cc50f72f80ba275bc96d284963686de	1959830957	19.59830957
4a1af4b81fdb8b30f30a076cf01a53a270594c25f98c9ef9f70e4be3c8d27178	1997522600	19.97522600
4a31878a8bf5d8b0f73286e95ff9e83ab7ad18fd936ee0f0cb22d41712a0f1f5	2000950450	20.00950450
4a35338a782340a13089008e119be003567d607f61acb9a9816f4530588d01d9	2000000000	20.00000000
4a4199f405c6f5a97f52dfc3d8fe649f470fc3901e22cf29b02543802e9bd910	2000000000	20.00000000
4ab409aa913793016b087db5a19ae165e38f4cb441b220c4cb8da8ceae467e83	2000000000	20.00000000
4abcabe88aca3762750797fdbefa5ddd765d34d64b986df4e13258e48b032db4	2000701154	20.00701154
4acf2fa398fe45cb4422c5b348701f8cdc3e2a60b803f4dce3ddece654369d09	2000000000	20.00000000
4ad5d46ba7e565859158bf921dfa86214fca17e31ee3d129e3c63ea6f77696b7	2000000000	20.00000000
4ad9d94d359fabfa6a28b46085a85ea922b0c1d7c85dd623bdf6caebfde43767	2029425000	20.29425000
4affab6b4c4855f86b206c0b8e6a90e4d4fdcf137f36c5b469d4d960fce55c11	2000000000	20.00000000
4b3e0dbf0252b2939e8eef7a8503c9f2c80f3f455af018f484d4e07c27c92491	2005278174	20.05278174
4b7ce88d96b844ee75dc80c9fd1ff6011fd4349d812f57f112be2785ac4946bb	1990005960	19.90005960
4b83e385c4f8ef41901bd30af9968244f8d26d097e9ae12e70e41246a82634ab	1999950000	19.99950000
4b8a61a21abbdc8b50c7ac18bae5f204dc0fc81b2fd16e260da5a3f4cbc9b521	2030339065	20.30339065
4b8f5258d4f350ebdafdd9d39b3e9af3e21340bd7be51729dd178b47772119ee	2000000000	20.00000000
4bad6307f897d986fbb19ae133f0e52f100846cbff209f290f3b46a7c72651c1	2000154799	20.00154799
4bf4414aba2e9e68813b7c498fd3ef6f0421638b5a1bd58e1ed090dbf010ba17	2035351396	20.35351396
4c1eb6e147f1bec9ab42e3ea90b5a2272eff36d8e29c40946a1a063951d3850c	2000000000	20.00000000
4c330c504da79011a8f9114927a6c6a12a8a8529fb968980e90933a76f5f747f	1990975180	19.90975180
4c47e99a3da6ffa5320caca66ce2893724cae19fedd39407d3320ff1665c4076	2011900000	20.11900000
4c4e14645e5c8e0581b269e774d8858d9bd84d8e1ff33c6518e5e74ae22b511e	2000000000	20.00000000
4c7b6364c61c4ee39623220daa6250b2171ff329ae7ee7da06cdda5c3e327474	1951940000	19.51940000
4c880cd494f89d8c21e84d72ab26811f04a2738d572ec13899f5b5a6eaa237e0	2043533806	20.43533806
4ca84096534672afb7fe995ef50c20496f14e85f047069a14947f131f47fc87d	2013485849	20.13485849
4cc536b478570aa796262e984e6c02ca8ff9d1dd06cef04083e748b29becb285	2045553568	20.45553568
4cd8f85fe83cd3caf782af2ada1c74eae25400c0e26507a7a56c487e99cc9030	1996756050	19.96756050
4cdb23187771fd1591a153f4d7fa7ee2a317db24c3e068ed5cc4c165ad3620c6	2000000000	20.00000000
4ce6d13dded8d12970a34aaf01779188880352dcc101e8dc8b92cb1f5779cf14	2000000000	20.00000000
4ce870b1ef6e39a755e62d160f529ed53c0f57478cc5b216f20d7c96edf17691	2000000000	20.00000000
4d352458abab3937a4fdabf5da138042fb1297f004152840ba4f380b516fd487	2000000000	20.00000000
4d403703e584a69297324f4ca168acbfc57f9dbae3d233bc42b8ee3fe1c13cd4	2039513200	20.39513200
4d5a2f77abf5cec14a99fb47132e146b7641cad2626a78e230e56478ed42c86d	1999983434	19.99983434
4d6151be65033cfef6833e93a5662773ccce6f4b876ebc233384dab11fd4913c	1988960857	19.88960857
4d6f6d24afe8fa0e4a3c426a546e1cf82b9da6450cd9c6589c865292f263df1b	1996774350	19.96774350
4d74457d5e803f921c03258d917a8910711c23e111d9b4ca2fc5b50d8896c6e2	2000648299	20.00648299
4d7c322be56acd5b0a46714bc5a8fb211b24790776b88486122303b55e858209	2000010330	20.00010330
4d86f4373d5e5584827079bb23807853d63571e89a3af02620598d9dd7df200b	2000000000	20.00000000
4d9648d776baf8b57aa95f6acf30e8d36706d628244726ae4f55a51e5a98269f	2008827882	20.08827882
4dabf555e7da416f9884756893c7dab18dfbbe006fd642a815be29959282940e	1999894960	19.99894960
4dd4c803f36898800915992b07967cc9238812b78a3ece72a33765300136cfc7	2000000330	20.00000330
4dd5d657fe048de79210ee85ae882213366116e8f42eb7c9351d646d7b6dccaf	2000001422	20.00001422
4e0638b8840713309b6beb41e02aa4c43ffcd61e640a1bf93e65a6a6d4976b54	1950000000	19.50000000
4e06efd4c76400f571b502b87262f4213dc24a368bf4109282147bddbb167ffe	1989998630	19.89998630
4e21ec7eb23d2c77b52c881925be05c078c612ced8e439d070565920c3a55406	2000000000	20.00000000
4e3f5e97d789af888cf119be09b2d3a185200db9e6ad337edcb2fa6dd92079df	2000000000	20.00000000
4e4fef6ab85de02728ef56fb1eee7524df321b3f55c0bd6be888a2ba49522fa1	1999869374	19.99869374
4e5451e4209fc1326c966227ff5a39ac1578e474dcb4aa4756482890db83bbd9	2000000000	20.00000000
4e5614a639bbeeb9e401508b4b624c4ec37328440f05262fc182d4b260f0dd8f	2009989990	20.09989990
4e66f14a4a6eec1866813a8dee893a68c05ef8b24d5c1e01410d07b815a96d0d	2000000000	20.00000000
4e6db634ce610f78f018221f333c7858da7422c09596efb49caf7aef65d371c5	1983662198	19.83662198
4e8f68a165aaa946bd4142d3dabb57aefad6610f1b76450f4bbfc740a14bb0dc	1995325653	19.95325653
4f40e98ffe412a8ca9eecfd9e4f876ee47c554049811c41ea9bece8b396e2ed1	2025995532	20.25995532
4f430567972f481680efcd7dcca96e58a1e611825490a1b30a0a00149a0610ca	2019243200	20.19243200
4f4ebacbbf7f29be528468d523cc344efe8f885d84777b3bc52741b7853620bf	2000069701	20.00069701
4f538867ceb5c7e367c22d851b9fdc1fb783e83df59eacb7cb571178cca10801	2000400909	20.00400909
4f5566acc062056b6e6a0b8a1b58eb6fc1e71322f3cf26e36a7d60be94facb12	2000000000	20.00000000
4f624b93d769ffff39be21bf41d4a051c07c1849e7a163e7666eb6e234b1bc24	2009989330	20.09989330
4f6963cf34487f12194c5785f892b76d5494f08d707908d16c0d04ed5fcd8979	2028913063	20.28913063
4f77cb0d1d0a09f4c9c95397684afabc6824df0a2051a48d4a3f93a283655208	2000000000	20.00000000
4f91025f049b74a38682eb37fd9f981d5688ba61041ccbfb983f61a3f32e0f53	2030628002	20.30628002
4f9f8d69c0dcacb9b5a7c8f7857aa9a6a98505ecb262f6aa907ca07bc96a6cd3	1967907090	19.67907090
4fa1ee5d001f06bb3c5de030a89d44d46b8ff6c00cfb84d650e8e366c04807e2	2000000000	20.00000000
4fa30c74d90e1cd6b308f5b56abf13868848527a3d253e1596b37b8bf56d251f	2023193776	20.23193776
4fa3b48139ac73efda2278a50c1a62d12459666f8d9f34d114f6311088f1ccec	2000000000	20.00000000
4fb7b05a0c2733e4dcde02620ef7e937fb8c06a0521a8242c4a0d2b1b513c50c	1999000000	19.99000000
4fca49ffc4de0b639142939c188e75faa810205ef5417ac4a1699900520c9ea6	2000000000	20.00000000
4fe09c73c3428b239876088e5e046e128b2580ddcf46575b768dca7675af6511	1999995896	19.99995896
4ff2b181ed804a6df1c1f0d590236564841d967f55c2c476f7f83e305d4a275a	2000000000	20.00000000
50002df2170e9d1a6a7a25dd4cc7e44679173f67398be7823d35aa88c2bb7a4b	2000000000	20.00000000
50238ef7f2277c57f4287e58f1e03a60385366422db6f3f0d5c8cd8faf65d294	1999994560	19.99994560
50454d44c73607fd3f1b35a6199ef26d894959dc74526c7cdaec1fdc094a908b	2037624431	20.37624431
506cfebe1d63006ca8cc0d64571bf130fcbd5b130682abf67faf23c57c9b40ef	1974321359	19.74321359
507c122f19e0acce611b952a61a9d24cd43c34b78fd6852de35bbcefb89c7eef	2010062565	20.10062565
507c7f33b6526cf56c8c4f9950b387adbb902c5517ccb9a613c7d4e26eec5261	2018000000	20.18000000
507dc9ac8bcb224809c5b9d0d93c080cd3babde0ba38b17fa94903196f6bb102	1982800547	19.82800547
508ec0d976e3155273d6c5c38d1c8c693d48c52c469de5b7dc7892709aa534e6	1990000000	19.90000000
50950a1523cc45cdcc810d412070163bfe3def288a165dd0f1c2a95dd731face	1999734331	19.99734331
50960a74f39d39033717939f3f204594bb6f9a120cbc1e53ad1f1db47f853a9a	2000099780	20.00099780
509f96e8716d3fac5f83dcfa0dc1ac73f78287a10d37b7550c2e8fc83d1d3c29	2000000000	20.00000000
50d759aee1ecac1d1559b2fc2f9ea0063d9b7f3e0965ae4ce728108e8b952148	2000000000	20.00000000
50f095255c092d5dd24ad0bc97cb6d8d6105f37b5ee9dd21fecd7a01dc1f06f3	1977507924	19.77507924
5106f5c11f3d0f7808a7a956e5e425986d2180eb5345a8cf2bae779e27242c11	1999996000	19.99996000
510cf5e417c624c9fb70d8d743f80dbe0e2f2d12b7de58ad6859b8ba9066e54f	1976383365	19.76383365
5121805bef7074cf795ce0b052b7e4f5d610e14fdeb2f49e38f681c6c43ae157	1994999486	19.94999486
51237773cdad003c13db2acadb9600c324eac599c921d71d29d4c1de62816454	1996778430	19.96778430
5130b13d6d6e685d48e9e2d7f0804a603280a0b0a9c6cf8f7353076b802ca10b	2000000000	20.00000000
5177c77b2b1deeacdfdc47a275ae7bd7daa62ff4767f52d685be4789c7091869	2001000000	20.01000000
517d2ffb1d71de63b66fdc2884af6c3179086dd900fdc7b920278b0491bf8352	2000539277	20.00539277
5188e87ad089e0e79e46354e2c6406fe2ee237e1f1369c04492b1f1a11d3003e	2030569000	20.30569000
51a94ebdffcb92968f63cd36bfee7a4ff0a9cd1bf325066a9ca46330bfbaa150	2010046210	20.10046210
51b2cba3a5b7e4e8a03767c9066d5193314357f438a1f52a5c08f6e88453b897	2015625961	20.15625961
51b5cd07d17e8451790068d3dea3bcd52ae1169492fc2d60c25b1f2fed4e0806	2009037718	20.09037718
51d8dcd880172ea5a6e1d35a0e4d60ad32f2465c33cb758ab744723c7aed8733	2000059902	20.00059902
51e8313de0e7d22eadaf7ef1e7eb761a347e2c3d28a6e57fbe6b5aa7d539bbdc	2000000149	20.00000149
51eb37357bdf94718089143304ccafaf4d13e5fc4821bb86afc61f1a658f86bd	2037787000	20.37787000
51f251a07609ccdc4705e171e796695ba60d76558fb2a1064eb8993a696e1ebf	1959021119	19.59021119
5226148115819e875e6a1b3e5f7ee60d08fbaa375b826e8ffba6724c6cf6b7c8	1997997576	19.97997576
5248c9d805ef3b110fe67ffa134477fd5759b7ff005bdee220f652c374eb6947	1995951452	19.95951452
524c98a9f90613d08e1177266be9b00b02140180677e0767ec84f968b0586f34	1981285821	19.81285821
525cd023dd1461061213e995ad4fbe56f5f1f8842b427964bb9dff952b576132	2000000000	20.00000000
526f4e7cf64b193daf09bce821d57ae68c5b3245f4e2fa7309d2be0d76e9f147	1986541747	19.86541747
52708f901653f71ccb2a12475424d06feea0f00a34b1241c1901538bebf2ac08	2000000000	20.00000000
528983b650bd73825bdd774cd8d87d190a716e9266c64dd56fe7c58c4de384a1	2000000600	20.00000600
529ef71fea7caff643bc45346342f1fc40f0e1ea475175e45c5540005c33a244	1994900000	19.94900000
52fb2be6ce519ec289e3e8fab54b322bc1ff8b86aa89cdaa25083b133563663e	1999999670	19.99999670
531d57f7128c00da3d660c62707184bc36567b209d762b149cc4278111741d46	1991000000	19.91000000
532e0023ca79dd20dd8f1623b689772a6d6ae549ae38aff3e3fdcad288a174b4	2010584530	20.10584530
5340f3357d2007f03b0b1202a8b12e1a64cbf05e3cde5285218e363f6a72b81c	1972177131	19.72177131
535667e25e76c33545cd2d435bdda7b3c56f0654c3899fc660952515eb4e906b	2000000000	20.00000000
535d7c27db0013f6257ef549eec6c77e4c1d2bff1428e56d41f8d51b557dadae	2000000000	20.00000000
537fa8fae26481a5ef4d8b76e867a787214fa089642bd821cd5fed47ca1d3ec5	2000000000	20.00000000
53878c5b186a8c3167992640eed0736be0f61a96827d0b62ed3bc70d3d87d05f	2000000000	20.00000000
538bbdf3519fdde5a7f7d0910aea3ecb3c57e162d30683dfd0f34dae043faeb0	2000000000	20.00000000
53a26080fa2c2716602f3f0f9c21d90dcbf2167857cb59a2e008191e1e80aa90	2000000000	20.00000000
53c409f481821ebc82f9b75dacbb74c23b592cb4eaf948ec164b6de257d8bb6d	2006101619	20.06101619
53d4ef833dcc97066dc7fbed1cf0e74426fbe0516a3761f00387fd8b2654014e	2000000000	20.00000000
53db85be77bce1e9d7f6981c06921430d91fe52c23813bc1d7423d5256ce66b6	2009990001	20.09990001
53debca965f774afca57917ed7ddae0993ca1eccd62166815746e803ad28f133	1999977735	19.99977735
53e3369d4b5bf43ca340a4c08082e17b16125d85ddf22083464b48451c354f9e	2026011530	20.26011530
53ec808682772a615292020c7a8877e15fb97c901c5d4e7fc74fa99bc7e5cf97	2009990001	20.09990001
53f97b8a4385b7a51049f93432d55ce3b4506fe5c4cc43a6de55f6452be79414	2000000000	20.00000000
540649061c67a93d6c487d601292128dd22a4c8402683b3c1187915b764ab02f	2000000000	20.00000000
54227d9bb34a712dca3b95aa5c3a18c06aa44f499f6205cba55227c2267f68a3	1986223904	19.86223904
54232ea58f9e0a1e2af7953eb32b9afc0aa241dc6843805dfed7f587f69a00b1	2000000000	20.00000000
54401cc31e4ff4ab7d20d0d6f415d1c2955aca990d717753338dfac79d6e2f1f	2000000000	20.00000000
546d591b3071daff7509811e3c350c238a912177cde2aa0dea5440bb81d78f9b	2048844600	20.48844600
5481f28294290ecb56c86ba3a05fbf41df1fdfffa7453e9daa4fe2d42339377e	2000000000	20.00000000
549209b5013507261b906c88d89c1946d80a186359d180f682c2d226e793c8f9	2002459300	20.02459300
54ab349c79b8477b2a5ffb908218ac23a990dbdd6d5392821bd85998f8d0ee02	2000000000	20.00000000
54af19d1ebeb3b39757e36a8adabd19ce5db3c3f00157dd07081e35cf64d723e	2028521300	20.28521300
54cb18242ce951665795a607624b8d29d56b1dd57ddd9bf45a50ce038944c931	2000000000	20.00000000
54cd02ad1f272c2e5acb211b404edd02d756298e27132176fd641b0aad80e47b	2045064700	20.45064700
54ef317782d54143c35ccbf9c57b162e5b0391d1ddfca45902c14afc3c9462e7	2001961039	20.01961039
54fe22bfcff0dc8c776b35e12c479b070866b80b4fa36f7cfce482161ee0768e	2000750490	20.00750490
5502e75876384f8510212d88904e849c800c7441c664505d926b82e6488145d2	1989980000	19.89980000
55079cd3f900ba634b913fa054b86a3ccf4d9f1d504cfade08287a8633d4c0c9	2000190412	20.00190412
5549f3da71d695e008e3bd990c490521b5ce09652da52580c521d22ded75e100	2009990001	20.09990001
556662a702b8b47585860a280414ce4c495408cbacb347beecf6195959465112	1999970121	19.99970121
55857e777fe1f4c6d30f56d858d67e71c5d8cef7c06e708205fe3d39d982f029	2000000000	20.00000000
559c2c245bda99135dfec8a78031ef6f9d824ae6b336a534fd1b44d293a8534b	1999994009	19.99994009
559fe6dd7bbfd3ae27c2c354c57638c823007754e51e372b06464e33b3075c67	2012307241	20.12307241
55afdc36fe13bbc2a94abdc50eeb8aaf87a8eeb7e474d508cce7b93fb2138086	2012609342	20.12609342
55b2a2cf752fd66675fc4cb81c79bf6dedd439dd465bf5390b5e0230c8720a25	2044099850	20.44099850
55b792ead238f2da80e1d29efd047d5496c262f0b615cd95904a8f021451988a	1998999575	19.98999575
55bcb8114adcad182bc2403f19edda7aefcea584901ae99db483b2008cd64deb	1972754074	19.72754074
55bee770e8e62c7951f404214ecfa9eb11add167895261b6d2aaf9bc60d57a41	2000000000	20.00000000
55c859ecbfa59494c158112b4bc47890e0930e3f6bab3c2ae78238a5dc87e82a	2030030103	20.30030103
55dc8f8b47093a66e71c9c5e38fd5ca0ce5f2303f5250dbbde7234496e0423c5	2010092316	20.10092316
55eaa5ddc8225c809df759d8e89e6b35fc8a106ab6ef6d7095f1abfb539be0c1	2009990419	20.09990419
55ebd0159f672296b944571f00b38442d27d536f82d7707ec8bfd5db6305edf6	2016813601	20.16813601
55fde7519029861fce789f9caee83fb8088a2ebfa8a2de5f096ffc9bfb353b04	1999980425	19.99980425
5601efc867af26c8bcf843315e36af58e0d9a0650643e4f20367dd0ba9243015	2028190289	20.28190289
56047b4b35d4c435e9e548298864680e2f5d6ffe4a5be28db2be788ff561ac52	2000946281	20.00946281
5607a24a9a90669060ca9255d228f80f1f9085aaf4100474e39e4199017d3d28	2009990419	20.09990419
560dfa6983871cd9adf880cfe6b8543694e8a2115a3aa4c0bf201cf2df5832f5	1970083783	19.70083783
560fbbee11776b7c8d904240317d39af53ff9b0163754319f26982d65b21be6c	1999990255	19.99990255
5617d95cb159dc1c5f9e94eed34e62990ff98a3dd3123829b64bd2189ae59be2	2035221642	20.35221642
56378dca3cf19220675fbea87c4c384e8362ece92bfebdc4b6188257b7289306	2000000000	20.00000000
563d9cbd537adf453bc0082e5a93d480cad70819a482b6623c982b323ca6d561	2036948400	20.36948400
5653caf1439f5e1d588d2cc7be12eccb486429c9585d73667b3e874d2a33c9cc	1999984156	19.99984156
565437e26c1e34bc9c4a8f88743de107d2ec73c49f89e97cb2ed9da8a97b2e69	2000000000	20.00000000
565709d84abc7822cdbb43b3d694b8be742a7e91496744e28ef8a1cb1858beae	2023668432	20.23668432
565823889d949fc694224e0d06c566d4a454da832554797584dd63ba21628128	2042584400	20.42584400
5679df22e36329c72a3d437346571ea8478032e2f0b4d617b8b2966da632291d	2000000000	20.00000000
56ac8e059a8f8a1f41f12f321c2645816b64908687f4c20bef17eb7655cf6bdb	2000000000	20.00000000
56ba6cd3b3cbc9dc42ffe07a399261df4790c45c24af822f16ba32df804511f1	2029287081	20.29287081
56d79411977f1f25d7936f39ded1733d834a0d29e03ed3a531471b33230e68ff	2000000000	20.00000000
5715368cbb0762aed57bcb4beadb26c1c9d9ab159b0ff80bd7dd59cb70d38dee	2001000000	20.01000000
572e7ac9e8b9c34383d0b4fcb82378c10fdefa72ca8f048f307e8cc57745d027	1994977059	19.94977059
57727d4078f701241d0267b118ac3a01c48a836bc2b5df11b3a911a2a55fb2c9	1999933200	19.99933200
57791937a85c6844332850c68b3a7c204cab6a5a1182187f536985ee689bc299	1990000000	19.90000000
578bb3e53b630eda2753ede9563c444adbadeb879e762b6d60fdbf391c884430	2010391100	20.10391100
57a2b272c5127ea268907ff8b535675570b92089db1054791ddc126c158e8082	2024114243	20.24114243
57a30f375e36e21f2e3ad7a38ca09d06db21e9996f30216b56b5b6db6331e877	2000000000	20.00000000
57a32eec7e773b9d65cc4f22edb699f1df4592a3cb0bc812aa10d909a2d394f5	2000000000	20.00000000
57ab4294de8269c19a3f2bc7525b579e21eac66215bdbc1bd2a10755f0c75b88	1954096102	19.54096102
57bafef53986c788c7b0dc2dc8ee9a86a82d58c9e93485af8ae0a31b4346ee3a	1999962022	19.99962022
57c06f9705af699701a742e204494c5e8058d58d6d834f4fb895e94b89fa1648	1955370341	19.55370341
57c7de79cacec634f6331958ba6e4b191995d2cdc687860307c60216b27999c7	1954845610	19.54845610
57cee305c572e8e2a5ee2318dedabb33a35b9416cf1dc2534b61359fdedb9148	2000000000	20.00000000
57d3306f3e4dc52f8ffbc5ba7ef2148cb02fb54ab1b23d1d43884375321f779b	2000080000	20.00080000
57d5ad84e4ce8fc0a9f1d54d0d834aae4b4af75cf6694c01b06ab4f2227af0d9	1992939071	19.92939071
57f089bc61063c4c32ac36eb3c167be1179e98f038f84407dbf971991d4a1ef9	2000017467	20.00017467
57fb633d8a7bfc0e468960d39c97ea2802b3ad99a7b67545521fbbde323bad24	2043000000	20.43000000
57fd25f1706cd5fed666366aabc933958fb3d461e76e5dbe4cc456b81e8463bf	1997564300	19.97564300
58017f1997771eaf3e2cc2eb3cea83eb6de80ca73e4a71690028a93fb26fbb8f	2000000000	20.00000000
580f4f983cbc9bde6ef8f4a2ec6d858d95d91c822268605d96c860c9a9de2340	2000000000	20.00000000
581304abcb4c4372f435e7d71bc274c35b07caf75b6079a64eaecc8321d02e04	2044191475	20.44191475
581ac845cb9fb3fc828165f8f3da2282edc6536f46395fb7e49a3befec82e780	2000059780	20.00059780
58277772950522c956cff3216cb5bf5e2e92117cd7a93eccff9f4d71fca0db1c	1954165360	19.54165360
583bdf9f3b22bab8df07b7f597914b43c3a2581772c2040ef2e1a5d13fba3c8f	2038187000	20.38187000
5848d00b0971a954eed565cd074b3f6a2551e2f1c9681947377c6df0b950dfa6	1978233194	19.78233194
5863250086ff0e9a1c46bf8d08b536f96b010074634c6147d7dc042bc3b70bd7	2044668916	20.44668916
5869b2cbb9f6eb756a981ba87ae185a4511ca73c8008cc3c3ca6564bab005581	2034566615	20.34566615
5888e561a0e01bd9f1c792063a0abeee78dcc371b5dccac5a07e3d82da9419a9	1975956434	19.75956434
588f84e59bebe4a42dc33009348d33306ab9e5be7b470af2f233a12a1a9b782e	1999894209	19.99894209
589df5b81710403f5eed954309f8c2da94056fa85a7b51f89c7e2a8d85e8116e	1999992000	19.99992000
58a7a1ccdc07dbcc872521016c6b8fb35bbb9a3daf65ec9cb4644a26f275bef1	2000949469	20.00949469
58aafbaf034e1dc91d5834089e34d1b251ea03a40b8ef1e1f6c829aac57dbf94	2000000000	20.00000000
58b533ffcae0d6a5e60d3529b6422b0c264114ec0284454af930d8a60a5da09d	1999965155	19.99965155
58ceddd304375c73e123b3890039a1ef3473daa08d33330dce9cb1265b2fe249	2030465000	20.30465000
58d4205654555811a34b07e3b5db99ff5ce3340f5b8e6fc9163197b2c1a87096	1999963414	19.99963414
58d6faa89a980b9f64b274569894dc813b39a22f8e092b131a3022985eb24e66	2000000000	20.00000000
58fabd82e5085575b71dd11d4622ae7b7f80d3f9ea2c19800b3155a2e100d6b7	2009990122	20.09990122
591890d6640ec3e1679d0127cc08ab48711e52e3ff95acb34b14fad67a56d543	2000001092	20.00001092
591af93083d5b1ad5f61b9e5dcf3f5ed9774ac72076c9184369321ebecc8f6fe	2000000000	20.00000000
5924f70a9b55ddc80df061c20f9146b4f9a06f853fc9eb0e0d8e80dd2473dcc4	2000000000	20.00000000
592b784e56b0fba16db8fac7021791d5969890dbc2b4034333118dde1b4b0eb8	1999998615	19.99998615
592e16210e2dba52ca17231a30256aa8676148a61218139431177221f81ad0b1	2000595355	20.00595355
5946b2e9d650ea3768f94cc00bf1496b934f20aa79959b43f706162b6a5dd08c	2033399172	20.33399172
5948fc500e03b1f9b52a4422ebc50cfee0d6b9f8b67258f9b17beba3f3104365	2000000000	20.00000000
5950282dbebceac4c00f6d72d1d350a7a6bb4fea87660b36a435822cc8ac192a	2003644336	20.03644336
59518259db6d36268df1d414e7458a60831256ab740a8856182de8f5c704baa8	1967818714	19.67818714
596f64c875c8067532a22d60fa828a160d32f9850c8e2730df8ea612f58e79bc	2000000000	20.00000000
5986d07b08161db885c5bfb9b4d28e043d57a3a223b92e11752155e3f4d4b67c	1999998234	19.99998234
598837064102679915b30f547c9dfd62cc37efda17f8a0cd3eba811e2ebf2146	2000000000	20.00000000
599be3f82803d589785f5f212dfb136c37c8b934c819971abd886f317785c305	1999797100	19.99797100
59acaf4a9726b878c38f81ec30edf3c0b34903be835fd96b8b9d916f953bce89	2029034483	20.29034483
59c446196bfd8c11835e5adac605799885ee28cbaffad504de490cb324ff721a	2000000000	20.00000000
59f9a6835727052f8bff35589c33e04e85df7afbdeaf3f6c060d21a4d8eaef45	1992305509	19.92305509
5a0b808cedfa15ac7e3f3d1130827bd415850cb9e31ff889169f19cc046e6b47	2009989990	20.09989990
5a1fb01f6a378f69856b70b227aa4b052c16f46fee294e35d0e6fe273501b16e	1996762170	19.96762170
5a3968dc44e4614408ce0d041253b626c924b6c9b11cbf0c751551d8dafdd95d	1999997120	19.99997120
5a45344e695761d0aa96d5322d4cb517853661fb64799264b25b93bbc9ed38c8	2000000577	20.00000577
5a4667656f72f407676fc59a8085e8ebea93b7cbaa697014b66df46bdeb20194	1973179364	19.73179364
5a75219a0fd0851169bbb0302d6d5cf7e02f91d0e30d5ea48a4d198840e070e7	1999632628	19.99632628
5a78ed93f04d254fd9feb3317e8dfdc7d5c98dc325f0168aeb578754d7b496bb	2045815923	20.45815923
5a976a63e491fa182a102b7e8e9d7a7a3b89270303fac0b5e8fa4434bb353010	2000000000	20.00000000
5ab543f5d55299adccc1e7345503934ab59f8c19662cf4a840a6424a8c93442c	1959875490	19.59875490
5aeb65bd59f2607f3d0c3119204063e9e3a9d740361f3c6f3bdcc65e476e0ea4	2002090600	20.02090600
5b04cca230be1c17f42c5fed389a2fe10138ceecb6f44d4f3b20b6c14828c3b1	2000000000	20.00000000
5b1e8c3980472f55b9fb271b6feb4c7d703ae7afda237d8ff2281ea63aeae593	2000000000	20.00000000
5b1ede1e83c2bcc11f38dfaca085252a6b241ebec2f58ba0ccacd95e831b85a0	2000000000	20.00000000
5b253d9dd301e811ab3ee5df71ee0f1465cb0d019395b42fda8017d9f5642530	2030359900	20.30359900
5b3af8a0abbcb7456a48e0f799a327756308c6b31e4a59d8e8a3a45ecdc1804a	1999808961	19.99808961
5b43b25029b0d59c1dcbb8af0f190b5422f0e3b4ee8bc35d2fb0dd92b0de9977	1962304570	19.62304570
5b5b915ae471d6525fdc05bee3724452baf90e5ba36e66325262d630e5601629	2000000000	20.00000000
5b5cbf8d828ba1b540731d8acbe57167a226cdb876c1485ba91381b278408399	1996749960	19.96749960
5b6345a79395e07d23a81cfbc61e0302621f12e3ebe88e0f80a2ab9e3da480ba	2000000000	20.00000000
5b64c2ed128c2b2d2ffe94f311afd0df8f3e6e4a5c11ffae47ec6c450eee4687	2010560806	20.10560806
5b8847bc3dcc331cd337c9f6a6948e1cb8f1126ecdf52e96e70a8f952c92daf0	1999995576	19.99995576
5b9f150dc08d8f673737fd360525ae28e4faa1c21ca72da5ed28988f50835899	1996739790	19.96739790
5bb400047b2af56ad0c8b0fdc44058d01f10e57786f90dbd083dcc976a11d66a	1996517683	19.96517683
5bd473278340a19a446242ca144b6160588bcaf2d27d4b9a4ac1fb418bb8fb3e	2049999575	20.49999575
5bff424d344b23e3f43654113a4bc019c65f94b82be8ffc0e6bb482090767098	2000580399	20.00580399
5c12bf7cb9959d02a9cec67a2d9d5d9daa408fbc1197362c6dc18fba5d911912	2000000000	20.00000000
5c34d822b2152b9e8be44c2cbf3ba4dab051d16643ce26663e0cde114a6bc25e	2000000000	20.00000000
5c420bb677171f37daf0be8409f1291229a4bdd1d2651db1900fc28ca74df719	1979254000	19.79254000
5c6127838f28faba0070e59cf28f521f7bc632ba4a6d659128b2482fa1bb5070	2011770860	20.11770860
5c7ff137e18613cd57776d092a87a18e4d09a3b34e5c7035fb94fab56bc19875	2025724055	20.25724055
5ca8ca37cd8d3b82431f06ba516eaba8ee714492ad155cfca5badc44f7a93e80	1983735938	19.83735938
5ccc1c5aec411ad5d39438e5ced34ec46d3e84d62c08dda5e5d69e44628fb437	2000000000	20.00000000
5cce3ecf16c8dcb0bee9f957b2b71268b5e3392e9e664be59f997a8776664946	1999994948	19.99994948
5ceb57cb3c07b0b85ae3bd0977d97ff081863b6cb2555216548d4580c75199da	1970686039	19.70686039
5cee01509a5489c5f3278918e0c8d9536467a7b639f7582f15d2e10a22126597	2037809361	20.37809361
5cfc025d59ea3849fa42fec43d46ab46d6a8530d651dc52f52b7e6f60b4cdb78	1989885750	19.89885750
5d04829c6143a065b80350774e0780f8eb877cc41191b2ad342b4d12c2e8ecd2	2000001000	20.00001000
5d21ac5e633531c05e0338d6203c2878a956ce12fa5c80951b2232b32da7a6c7	2011323123	20.11323123
5d590088f0e93e8d96d23d927c3042b9ff139d26663dfbc78822cdab22c598bc	2000000000	20.00000000
5d7d632c2e5bf27db9e479264456e5e04d8f834e8226c87063176cba45c2669e	2006341636	20.06341636
5dd751eb5d62b5a40c003aaf599a497102bfca1854d1a2742e4fdf63d4ee87b4	2010194307	20.10194307
5e07678512781586d5d0d7a3f7a3786d9e365d1c2a78e2d1b085c0260fc72d38	1981871267	19.81871267
5e0f77f69fbcca43c44b46e7860d175526986672aadda1e76667898dceb32c47	2047028931	20.47028931
5e40bf553c6de1683cde250ccf9090b357b50007663fd77e2a1d2307f0a5eda6	1999623760	19.99623760
5e46e35333e11e98be6abf84fe29ac9fed9dd8449510e11538d833726d8a320b	1964981744	19.64981744
5e5c68ff264ed454e25c9d83c20f4fe32dc5cd6213f4ea8bfcf2473c1646ae27	2000000000	20.00000000
5e5c85375f8c05ab679471ebdf51df93d5ce3d38163d137ab29c565cfd43b2fb	1951215240	19.51215240
5e7219852f647cc48ff7c90a868e0f11c6a2c016bea4132c966a74b675cb39c9	2000000000	20.00000000
5e7ac50d3fcab8156b2be29ab09f49127cd0fa6b369e712e66c86f07aca8d904	2035994435	20.35994435
5e87f04c677615f7df23999c20710188b5266e563439a2096190e6b17a47be2e	2000000000	20.00000000
5e8912a8f8a4de7fad985505a7247765685abe94c20e6cd5e411652308c9a571	2033504100	20.33504100
5e986fab8938968c36facc0ebb4d9e1557e5ce047096852f27099d4e5188a7a3	2017727146	20.17727146
5ecaf85ed23337777352b0e11fdf01c16503d12a768bb66fd222821ecab7049a	2000000000	20.00000000
5ee9d250e06099fc36c916ac2b2ecb9c9fa8f00513627665592fd17087c09e68	1999999120	19.99999120
5effc3bb2fb476a53eb430754b84524089f4a3ed4ed663b46d832bed437af3df	1996756050	19.96756050
5f0a906aa0d14b5722d75fcd15708ba806d9e62ea458adfd0c850cc3f4ee9dc4	1998680778	19.98680778
5f1a6bd8b8b65d38a8c0a373e8ab531e77cd99fb489c200883e6743241597779	2000000000	20.00000000
5f22464bffe4725325695205e435eff252c859a670eda9a6cd4fc6a9721fb36f	2000500000	20.00500000
5f44865be79fd1d4d97a0aa3e7e49ac7d9f5fe10dc6689dac3896b191602a287	1993202162	19.93202162
5f4a2eb80f963de81b86a274b7d62299215e2a4ac529e89fc15b4454b287a18b	2000007040	20.00007040
5f691650942a94ac8cb637540dddbc565045e52f803e1a71412934ef15c0567d	1984425713	19.84425713
5f787c3b5aa1ce927c384f4694f33009c07260147a54bb7ee847e476d55032b5	1996758090	19.96758090
5f78a5c99f9a6e7e5e6d7b87c908857227bb466b426650646f2145a69a3af2d7	2005374310	20.05374310
5f79d311a71c832012854c044557fc15c7fe8c9d3a89ef13b3b11ca25e7c6db9	2009990606	20.09990606
5f7c3ebc5e528c6e7fc9947e9a847c3cb53ce379c6bd5bdb6aa7935813a5d984	1999997000	19.99997000
5f7ca1b0e2b90938b1766bdb304343405e5b38951d715e2f27881f62a665abd4	2000000000	20.00000000
5f869f2f129416dfe102f8e52b9e865aa9c04685a40c625df8498c7e507d96d5	2015733452	20.15733452
5f97dcc14575ce3be48dc074cfa4158c3674967063ee339139bc0e73e0cf5125	1955596045	19.55596045
5fa0b31c958462da644791591102ff07020dea3ecd36ffaed31ab2a18bd08fa1	1996754040	19.96754040
5fac73cfcabbcefbd9785d243d63a52004a3c0134ad3b0da761285e57b70938f	1999380000	19.99380000
5fb599ecbc01c1d59cf992042ace662e80dc4f2e5661c0005e1c098f758afcce	1985404598	19.85404598
5ffc469154e0380755d52a87fb04cd12e3ee456ca0c6b2d3844acc055f380dbc	1985337759	19.85337759
600bd2e50731ff96b5e051160f503707fcf4b143ecc367ed8a52ae4aa274f30c	1999997000	19.99997000
600be5d305c6b40704b0e95854e751ad2b5b080bb939faf5e3b9671eb2179469	2000000000	20.00000000
603ed7245b372c63fa55a77bd625f673b4f87c10bde164aa1b6b187d611d6d02	2000000000	20.00000000
604884ad8d0b15f34337e6803b06b12cb7ecbe2dd6fab7343eeac0a8690a6c84	1950926851	19.50926851
6066b43e5fe04d92e372f0101a2c019804b80647b2e02e8637645cac5c659f51	2039799394	20.39799394
6071f96922f13dd86dfdbb59ef7636ebdb4d00dbf4eb59f4cdf4b2a01b87f546	2045456747	20.45456747
60783b89b02e4fec3ed96ccd929b1afed5e26574d88ad789eda49a27d777d7c2	1999950000	19.99950000
609820ac5aef04c34fa53032f4cb36ef33fe15238efdcf396bb8c0374bbd7bd3	2000000000	20.00000000
60989b12de592837efdd103d798ce3517018516725d162b515a31aaf55a6846e	2000685827	20.00685827
60e154f7ab4dbf8cf8c2d96fd851218e4ba6646739ca6c03d7c60795180d5f8c	1999016600	19.99016600
60ebdab5aefb6d389f7d53189685fcc387e73ba60d0c5d89a091adc3747ceef6	1999990044	19.99990044
611f01fccd82d1018993def71811acb779510348bdc300d090dbbab11a917771	2043788300	20.43788300
613e83b3e7b13428606e2b8df171b710305779eae04157bec26f3e5cb566257f	2000000000	20.00000000
61424d6b56c88f98776263b3b7ff2286abfd188fbccb4ae70ee9ece795f7a4a1	2001001800	20.01001800
61509843b019dd6b71a40f6b124ddbfa6a42c197a3187181d34f09eaddf148a2	1963456292	19.63456292
615db189b2f4243def63e1e77020269e7d6b4e6154aa8bced94e93fa385ca398	2000000000	20.00000000
6164162a93300a3a1b7f95d3024035087d0a5ae2e8d727698651f1e0c774884c	2000000000	20.00000000
61a22653687053ed7a292de86ced04ca7a08426d740427414b8c99a96065e05f	1999999651	19.99999651
61b55eccd2d65c610eac54e72a93aa80d2c51d904821bd58d725f1776ee6ee3b	1999886000	19.99886000
61c1fbdc422680cdeede9166c5dd0cd1b014f33482876f347a0771d2686196f2	2020408445	20.20408445
61c2a53f4b2360363ef74b8915596915d98222705c3df30796fd382dcd603480	2001000000	20.01000000
61d03be4a4462d58cbfa986eb794fc22349960b2f2c403342d4e8bdcf28fc276	2007826390	20.07826390
61d912d07594eed1c8661ccd961d6320153303d27bcfd2f72ffc0921c0f1affb	2000000000	20.00000000
61e54e6c291cd3d832f3286a9d45e9273b9f23c91c2ac4a41bc761319010bfe0	2009990001	20.09990001
62154639ccb90ae1d5bf884ea2ad9781471f13ee28f2d0ea361740b50f4a05a0	1999970243	19.99970243
623054bb7011f6bbf173f8d9254876eba40a043812d187efab6a58272505ddba	2000000000	20.00000000
6232ecf355f1311f4ccee494617587f73d04ee7067a36666cbbed5d390c876f5	1993603296	19.93603296
62348de62311c8946ed5fbb941a2e70d87cc97f0fbf51182905c026f9fefbbf6	2002700084	20.02700084
623bc54997549acc90b0ddffddf1e27bd710a03645af42839eed8b0fb12a5e9d	2000000000	20.00000000
6240a302369f62d8a80304c0d9f7973f549754e07ce92db0f879e6180202ca09	1994990353	19.94990353
625ab0a5624ed2678645fd9aa5a315ced0eadda5453d38b29484c4dc6df07628	2000000000	20.00000000
625e4ba37e95ac50ea8daa73307808dd7f3020003539ff10639d471470cf6f2a	2000000000	20.00000000
627b256a0b84d13894e2bc87e2ed39e2fcad693ba7ddb1cd6013518309327f21	2001000000	20.01000000
6280ea0e754532f669f48f89b2ed47670c738a9263f78d1634ff45cd702a348e	2000000000	20.00000000
628986cc265ed4271581a7ec47d1d22610c574f0d6a90bbb58cacd41e8885362	1990920791	19.90920791
6294e2eec6ad788cf3efa63f59eb99c9131138b35f4d942a6e2705d6e5d1b18f	2000191675	20.00191675
62aff7c1ec07789a49dc1008af89afedbc8ebce56a974f9181b31f31ba8a1cf4	2010191340	20.10191340
62b28b5571ca554ca47c5881623a698d3cb1ebbf192e6dd6a96f7a6ff76cdd73	2000000000	20.00000000
62b872bd49a0671286933d1c7fad14d59851838df5f35c66ca6b2b849f0f62f7	2004673175	20.04673175
62c21485b2280f39ac5337960c7d4f9e0714a5f736d7467179b92b0421317d20	1999900000	19.99900000
62c40c3ea26c94d471aa7bb874469c898bf3bf234577a641c38e458019b08517	2031000000	20.31000000
633bf8379cacf3f14b912f6c8b61ae0921251582fdff30785533981c26f20aeb	2000000008	20.00000008
633cfd3ef6315483fe47829560b955281f22d74d15ba747f03a90b1da37069a1	2023965600	20.23965600
634556001d0451ff3115604ff35e0d3473830ea08ccf002b3b8093b77a91f04d	2002834768	20.02834768
63626f16c91799dcef7bc4265e4a1bdf079fd56748226437b6393071fc556fab	2000000000	20.00000000
63741b9ecb38320ff992787f2080590a207d11fa8be5ce49ec0b844e517c76ea	2000117099	20.00117099
6393e0763640c4ecc77061aeb6c4effdc884a16decfd7045bb9f4452e2d5cf4b	2000000000	20.00000000
63a5afbd7e9ed8ca148a9c6b0d791c62d02bb517376c44119fda783139675928	1989994000	19.89994000
63af9250809bc7b5d6d55a1d98781393a8b2eb36eb0fca7385ae5b2541172a21	2017343018	20.17343018
63b9b85114d405c945fffdeb44f91f643ef1d2e37699c8974e8637b255d56afc	1977356633	19.77356633
63d41f3eeb40d64b6d5aadaa4f3a2de5adb622d1e4fdb5a9b9073656a54cf111	2048170327	20.48170327
64087461e87dc4a8985bdfc5ff550cee983db41082494dd6fe6bd18ac7b0a516	2010000000	20.10000000
640b7e2615eef2488de3648c665b30c8263f56e157bb4b6939bfbe8bb6d357db	2013075223	20.13075223
641d5a0f78c1f4a8da6b3f2ca6d5cfd875ba3d066f743b74ea4b2df9c2666555	1999999492	19.99999492
6426cbea284ee5a82e535da502dac5fbfd74bce884383df5e75ebc71ae4ec056	2000000000	20.00000000
6457cc5e939373f7c0efc1adca7d5d89eea153e2a1ff89ca0d890c20a22a767d	2028695296	20.28695296
6461e295d49884717e37ffbd712a712881ebba838149a3bad8d502529b9cb5e3	1999835388	19.99835388
64731a299a42de972e5c2c07ca901b3d1bc74f56aea711fd7dab3b3c13051787	1999984556	19.99984556
647dd685d25966ff826f0f402c722e7615b452700f9b095d3984e5283ba88fcb	1958337284	19.58337284
649553f4686ed9306fe8675281f1fb2adcac11ea8086ac888979b5a2f4fd6433	1956822517	19.56822517
64a5a11cfe55489649dcfaa0514623bed8a14781e7edc0604307c4a60c0762c7	1996304081	19.96304081
64a969eef9c0f54474c857669e513095bd981f8d3dd6d48bb091f3838c6707e6	1998996891	19.98996891
64ac451b0e5047bf90824c8553f0728474eae1eca615a19096c8487944a7c3f6	1995889484	19.95889484
64ce640e984d491145e205f61ab800ca6b95df3661ad19a2faed153b0e6e081b	1951000000	19.51000000
64edc09f20cc7c9c514a923c6983112eef0849503e5350adc17817390de49eda	2000100000	20.00100000
6503e18640320c934986ad4e8443d3df8e6cb54c10d66730d5934db43326678a	2049973210	20.49973210
651a72a49c064a41d6a8ac5a0d239053b2e91aaa377214db63e1744094cfaf20	2046172525	20.46172525
65265e899af72e17c467d98c4c2d03f9a822b36cbe50e1e9654b9c2188d265c9	2000000000	20.00000000
652eeb9ce98a797290dab1bdb7b9cfe3b67da51d16734ad0078a4f90447fba47	2000000255	20.00000255
6536ed449ff40b89f873058b39104a4693e432751efa19c58ed320279ed2c46a	1990000000	19.90000000
653e70e26f61d1ec9c28deaf90431423c15bb04df70249a7feccefba695c00dd	1999907327	19.99907327
6544296903365fdbca36cc856b06190b5b9b5c36c1d39c87e1665e3f4343e492	2000000000	20.00000000
655208cbba5573512af967da06e7fda6087c8f357d26db155bde49debd3143c2	2000099640	20.00099640
655423eb83b5c4679da0bb9bd411d31f72f595fe2eb13e2a6ee7011206c3c238	1993033802	19.93033802
6599c1c0da4d30a0f3e4a55b4db86121434e7899fcf3ed0b5a24d387e2698864	1961109532	19.61109532
65d861d009ebb088f669f30ab51516551cb7ce647cb625c77dd97af3ceceb062	1999997676	19.99997676
65deed17612a1d34853e4291b8035577b0a972df50f6cc2865431b6fbc5a435a	2000800000	20.00800000
65e1c0c9acceb5b22a8c95b8bac299e30116ba071f1bf90a8991c24dba978d84	2029030850	20.29030850
65e28acfe2a148b30b49579b22494976b225e77593c0f817ef0e3156b6ded73a	1966884257	19.66884257
65f5f4ba5d41170abbf5f6611670152e4b89b3270bb667d5d2d6909ed44e059e	2000000000	20.00000000
65fe88491d1235fb4624145ea61b564671d26aa72f6962a05ba2aaa04f8bbfd2	2000004805	20.00004805
6615b98fdf254a87956aee9be0943d3ec566d78a050deedf530b9674c0623d74	2009988134	20.09988134
661b4c2f1b2fce2d703ea76973aca33dd693cbebaf589e9ab18ba9b865e54e07	2000000000	20.00000000
663b5a150f154d081aed3c92424756b02328eab7cba943c1b136746a327e7da3	2005008289	20.05008289
6648911331c5ef574637556cd80e87e338b09f9e101465b50157cea9799b5c76	2002833970	20.02833970
666b6dcfbca4a2ef0c977e3acd82bf58648a665815185b1c5118f983b64dc2e5	1989997792	19.89997792
66840181d826a96c91d052836022164ca43f92b616732545885f10188a41f153	2017106208	20.17106208
6692df49804d103e15ef6a7c1f9b9fd3d6fb7b9545bfcb1228569c6fec658908	1999678719	19.99678719
6694b0e66c52719062a02c44dc17035d6284f5f3d4bb5ed31e164f4248c93d00	2000010062	20.00010062
66978793b744cf8d7c6870896205288427f18844fbd623e824b7443e041eb329	2000000000	20.00000000
6697df7620ba4068617aac652852e58d7b2ae9b2d174338a867dc31ccfc7f268	2000000000	20.00000000
66a49bd09b52d3f101e3c7dc016c2769a74e33aa393f19db557c230ddfb773e1	2040000330	20.40000330
66a69769fcee72e5e567781c3f3a3648a5e4424f0b8d2b277043777538f09ca2	2000000000	20.00000000
6704613697b67d2929212e9412cc4347e031e47d43d496805597ecbfe846d979	2009488300	20.09488300
67070f4af8cab0c17e4cd38c95c944ccd973fdbb8f19bce8f80665ba6e60ec38	1979041605	19.79041605
671f1c495eaaba6b51a18e61036a9abbfffa86302eab1fc2a9fa1ab213c1dc64	1978410273	19.78410273
672d873b5220640ee7ada041bc7e18c5dd7fc3e2cdffbed86a8fe5f3318c64fd	2000000000	20.00000000
675887503af12a1b1bb49f91be2c958bf2f15625148a0d10af2cf0920d550081	1963897962	19.63897962
6758ff70e174324083065d5e51c86133b8eb24cac0827baa64ae4dc72556cfaa	2009387371	20.09387371
678ff418570f444025307a6ed028811f08fd1779a0edaf898ef42fc560d09cfd	2034687171	20.34687171
67af53e2079c96ad1af8f2e67b36c574d63e681272d933d7e7bbe68783c4b45b	1955965753	19.55965753
67b8541657cb7bef74e21b85b1b478bccc7fa847fbcee13dc069dd4d2b6296c2	1954568989	19.54568989
67cdc8efc774a763dca7e1cc131f4222e3033bdca065406949fecff6d0c9112a	2034039900	20.34039900
67e8b80169db22aace1b4223f23c94868ac47a1b184e6ea6aec7310772051ca4	2010672200	20.10672200
67fec395998f6a071c252e02d9528d840dba64ce58c878d270c0ba1648eed018	2000000000	20.00000000
680e9e670d5790adfd2c9a6aff93ccd98574bd41252867e1dc51fa4e23f93c4d	1999960600	19.99960600
6811208e211cabd4ba430b2b32a6024a268ef8e5b4edd9e35be4774b2b847163	2031316996	20.31316996
6811a1bb33071f1959ce859a3fb8a368a3f6930beebe75abdf116c659277ab8d	1999980000	19.99980000
6816e6a82d668080846437d0535931ff12e6b05a493e19cc42e9fc118ccc7f6c	1981802899	19.81802899
682ff513e09aac1e8a6fabee3d89f1985455213d2b90bfe146265f56add40698	2030114799	20.30114799
68329ac4cb82da094d5e2300d31f8bec8f98b3ab61b48d5af95d796e4a929c51	2042219414	20.42219414
6846036ba7300d3cd03bc4878d6b1c4ac5412635d7d41131eea47ed4619ac617	1996241824	19.96241824
684c8fb8f984c3d9ef96547c96314539210ece579fc2e293f8bc91b8470c61d3	2000121212	20.00121212
6855dd2bff5a96b0de68c53ea7ae484996d36c5e36c317502b52bb50792e85f8	1999974638	19.99974638
68604f30d6cb605f9faaffda5aebde78d1c5b27fb0ba8139c71887907f300284	1991980229	19.91980229
6863d4ac2defd9efdee42354301f5e976d173dbbfb49abd024c92c293b720b2a	1979799774	19.79799774
68761c776b2c6303ba381b5760e48cec0f4eeca327356025c1d3c694b7854520	2013032770	20.13032770
6887917630cf236339430d5144607789467e8ac08f744864d5f4f6001d7324fa	1999999828	19.99999828
6891bab3ca668513013c3b074cb84b6d37f00162f30359199474bc7996e59245	2001595088	20.01595088
68984ec03e994c9f2fa7b24415b00aa9dc4f7f0434f71daa392a44a10dc4859b	1999958840	19.99958840
68aa94b67b32962ef6aff7e11561bc815264502f0806757eec053eb160993659	2018368700	20.18368700
68c525a5baefc42ffcc1d20d9dddf7c34ba42331aef7f5fd7995162a592149d4	1999997929	19.99997929
6900a285e17e12b00252ebbe82bdf8ae66cf297a7712a07251ab1e22e760388a	2000000000	20.00000000
6913ca0e56360df106d1156a40e99b012c18011d48c9214cf5d3fd7f941b2229	1977336230	19.77336230
69148a72f3dcdd0e4a6db71cb50412ef80cb076d29760df8c2f37d992c3b2fce	1999980000	19.99980000
69377ada373ea76a2fa9ceae2bccaae26015cf523bba46a9f9f17524c7e17f44	1960252971	19.60252971
6937937291c206eed4bdb258623618aa344ffbaac74f0057e7a298582a43022b	1950000619	19.50000619
69630c718d77cedd21f9d697482a367a9698508df0593ae43b6971d5d350f224	2000098418	20.00098418
6972fc1cf74047b8a8af02a745d2f24bae9a59d23262d8367f83b92704646e9b	2000000000	20.00000000
697b3fe86e980580b7be7928762f0ed176ebfd9a874e6788d17a87cdf7682593	2000820499	20.00820499
6984692a76e2e1d2473886004053f3f52742544bc4b28266b49263fbb9a7b2e0	2000893285	20.00893285
69a8df8c15bd98aa07d5c6c00136ec4ccdf37d3bd806e0b3de6d6ca604e98773	2000000000	20.00000000
69e133a3fb6654c6b53dbdefb97bb728e138ab0fd01fe649dc45ce6591f980be	2000055211	20.00055211
69e6330aa23b9d1c4d8d1e797a4d24977ee75d8e955954d1b699bb573c02128f	2000165020	20.00165020
69e7ec87816d935b1f2b0d1669de1e6d9e1a503f9dabea3536ac7d4a63833cbe	2000000000	20.00000000
69e9844ae19aec1e9801ac0cfd176496b7259bebc4e9885912464655c6e26c17	2000000000	20.00000000
69eafe8a50b876a4bbbb56883868fc2a4700690e465f5700318d0649a949272b	2000000000	20.00000000
69eba8ae950c19023d957eb9b17499d3ac08cebf7a4f2c5d3c5a693eba1fcbcd	2020995526	20.20995526
6a0c50d09ddb70b98318f79062cfd04f84a4859412db32a7ccc224a73d1b8cb8	1999984620	19.99984620
6a2a78d4459fed25d3e06f6eb1d87a7f08a55ba41e91e021721ef24693458a4b	2000973500	20.00973500
6a2f382dc61cc1020f0088cd726ea0f76c8f573d95b6dae73e73486b663cebad	1983397971	19.83397971
6a2fed71da78469201fe179e2122dd9805a3dcd3760a1d1e1dbf68926abe5eb5	2000000000	20.00000000
6a4c1015e4da5794044225247c7bd79217c6e88c2ab0b9faf4f73d584ffece12	2007923760	20.07923760
6a4e2e0d91022a4024277e5ded1a397f97420f5e746117c5bf7bd04c4403917c	1999995907	19.99995907
6aafd1140f63fe3843d1f33bdd5251a56df56fc0abc74768ffdaa04c2affd0f1	2009990419	20.09990419
6ab0168543dda18fd1099109dbffba1c022c8d1a08521db84cc41a9bd092fe15	2000000000	20.00000000
6ac81281eb068955bc4e0daa2795dbba2d4ab8387cf3eda8de67868bb57a575d	2029256200	20.29256200
6ad245f0bb0deb88e2fe9e2c0f5b9000a52c5b841cba8a78a3489729a10e3792	1990097632	19.90097632
6ae06346ddf4a7c4cdc368556ec628046743d50978a3a11d1b30570a142accec	2009990001	20.09990001
6ae820307d02ec967dddfae6e6add1dff62b7e03d6d2e5d55c19e0cb24a95bec	2034212977	20.34212977
6af98871236ca2c26564391ac69d597b9589facdff7057dec6bd48731722e281	2000022000	20.00022000
6b0c4a5f6b1ce9379be9f0857ec5ed053eef0f1b1c4c64f473d81ab3e6c7e1ba	1979654800	19.79654800
6b38646225050d43ddfea02c246c842664189b7b6eb24e2bf8bbd595ad3baaa8	2009293547	20.09293547
6b670cac636910c1ab8e0ea2634d7ea72ccf5baa70bd1e892c16a24a7e90d64c	2003352738	20.03352738
6ba01b62c72f5032fe484c0a748b268078c021724ec275908a6974740bebac2c	1974597047	19.74597047
6bbef6f81e460f80c786627b2f2f0658a6f0ea9aa0c8ac2dbb61df6f83b10524	1960478581	19.60478581
6bcd9245064e88c500dff753c61d80d3a3552c7638891c6ac803f57bae7d5232	1999980000	19.99980000
6be0ba08610224d1dc986354ef493bd23ca21da32f415d487e883690ecc2dfc1	1960000000	19.60000000
6bf49b4bd34d2201287475f640b3481a5fcf23e63c33f2973ce626e6f6d1de35	2000000000	20.00000000
6bfa6c1a54d2c93d8c891d888ca97ae71c5a29909da8bcde3dbe321e1c360989	2000000000	20.00000000
6c056bb740e8aabe3f3656b174a049125d38d1696bf464d904032ac82348870c	2030000000	20.30000000
6c0df866e95aff7f5343a8f91c6d2a6afd4a5df7c66613c0f011945cd3758030	2003388672	20.03388672
6c0ef1b8251bfbe3e591c91cb8597f6bb10d7faec8e6c0f5a9b1290bd4ac9ab2	2000000000	20.00000000
6c368e893639927e80fef47c72c6f73e7ffa648d3a2d0ea815a7b02fea2f1cb4	1999998230	19.99998230
6c3c570175928e60906b05cf50b304e0266905fdcf5b99469447faa69bdf3a80	2028174987	20.28174987
6c4b618945186a013c2f4b12eda5d10ef4b3de69175cbb5f7ac0807de71f4dc8	2000000000	20.00000000
6c9543b9489d4cf01d29e08235562b7aa75f0f4a6e505437d6d8664bf93311da	2010000000	20.10000000
6cab39711a74e333f8894dee29832111e0133c43d297e0660a5a9f3c09490bf3	2000298660	20.00298660
6cbb9d2d9f72a38456f25403eb0adc52440fc7f2b78b71f91de9ec9116f206a9	2000000000	20.00000000
6cd62ecdd0ef7ffe2c31079fe5f0bf91ffc8178f77944c04e53181caadf124a1	2000000000	20.00000000
6cdf685f7a6d6773bff748b1681f36138321a438942a4f4e1efe99597c3b5961	2004000000	20.04000000
6cf373608381d858bd299d511de7e768ac2ae0989cd7f179716cce356a885976	2000000000	20.00000000
6d0b85b68690e637ba9509a34a23e4785b80dbafedb2c73b9f618c4ddbb6a90b	2015709687	20.15709687
6d2948d52093347ea0b554ccb035a4eb9e73dee3a7ba36b3f3280eaf2a1009a5	2002951281	20.02951281
6d4532ab910021156e912c353bc33d5350b9a4aec7fb0e0b0c645f8860afe2a5	2000000000	20.00000000
6d56aab4a00519b7ad761bb9672e624b6f568dc1774bd409c44082e0c1e49316	2000000000	20.00000000
6d5c70eaaec23c0677a15d61954ef99375b6d34cc92531c2a38c2b8fad5a3102	2014056311	20.14056311
6d7bec13665b3cdfc8beb246275b82c9cb265e3ddb117ccf052f8c90d3fdae7f	2000000000	20.00000000
6d887a6c1c83293338a6c828725484f1d1e23ad96f8e244704019e57cc2f68e3	1999950000	19.99950000
6d88cade532d66d29a4d5209a1bb6fae46929f8ab05fe08c7ece923518062882	2000000000	20.00000000
6d91b3d2b7054e9c1be61facf6e0fbb5d9476c1fb8e79ea6561075077f566263	1996772310	19.96772310
6dc2362f934859e802d96328c61b90fe5fbf30a4e0bcebfbb5cd22756a55a541	1955139518	19.55139518
6dcdd4a1cbbab00f8e8afac3a1b4adbbeddf3e6a1021c803284e8568383d42f5	2016000000	20.16000000
6dd30b0cf0e89364c299d6443efc65b558bd3195d31f7b30b3a9afbddcb17534	2028879943	20.28879943
6dd4c7b95dcac3f2bbfba12e07d26ef3a152a43a6872a3fe9cfc6c07c4ca8bee	2000000000	20.00000000
6dd9ff67cb37f145e9a5900190e26ed71e69073e59ddd02d2805edb4071fb9a8	1999992512	19.99992512
6de94eef7ff41c2fd10426f8756be96da0a5a8acb83c46189a2a6cb04c92b087	2000204358	20.00204358
6e3a9b3696cc2f161f7a38caa5c4408a403999b9aaff30f71da5f169e54acee9	1999987500	19.99987500
6e516eb915f0a41e3285ec3cf898e78c04cef043496ffcd36aeac0a70773ef50	1992999400	19.92999400
6e5d9fed4f92823fb21c7c645114b50efb8c949cf208a6a3cac35929ceb63eae	2000000000	20.00000000
6e7c1b4407589661df16d1b7c02493aa24bf1ed24b418309eb071aa0cd462f02	1979999403	19.79999403
6e8751a2a6e35c471951afe6f90ce4f7e983fc7b82fedb8302c637a577a33bc2	2010772796	20.10772796
6e8977a04275f76f02c6a91a645310a350d593a024d37d8b09132151d092c5d0	2040815594	20.40815594
6e8d7a2903d928f1c3bc30bcf94ef25c9cec8ba847b6ead7983563c7c410d6c9	1999978000	19.99978000
6e934e3277f17cec1185f43b6bd3098d6d19f73faf5be267627fafcd9803e639	2022575222	20.22575222
6ed034497245b962ecd25e500bd8f3208aab2c0be3fb08f9d44c4ee0e68546a5	1999000000	19.99000000
6eeeb170bb6011d4ded43b4a0354234c5c412a49c6071b59e2050f1273fd35ae	1999993058	19.99993058
6f2135a13b4dd90e074b5c8a9733b700de192c72292e80d036fb3216e0676f87	1950212837	19.50212837
6f28a2c4b26208716c759e7e7fe42cb298e758d1d91de15e33ca6ef3f9e57adc	2000000058	20.00000058
6f297618129fd9b197a74c51caf7b8c69d05e25d77b2464e6fc9ec9dac052ce2	1978997090	19.78997090
6f2a6c4721cb5f7f8bb986e21ef599751b1b1f24def616a73b09ffde20d2243e	2000000000	20.00000000
6f552621cceb147ba1de965dabfc6b13390235eb2cf7417c9f2f8d7f20950e02	1999960000	19.99960000
6f6b47c07163ff350f58cc0a9aa7ead34827150c575efc933f636cfdac0adbeb	2029735182	20.29735182
6fad183081c09517305dc4b53ee8e747425c7393bda84c608f27b0e51466204f	2034531302	20.34531302
6fb82f51d95eb5cb91d2ef3821bcebd728fc116552c1a276a549ff26491f4c81	2000059712	20.00059712
6fbfbee3ea810aeffa7d8579c1676e2a4de004a70aa14c65accb885cdddae6ec	1952804986	19.52804986
6ff620ee6abebdf2d4d61118b7b1bcb56b2f8cc89150d5af0d58f77eab57a56e	2019355600	20.19355600
6ff7f712d00c03ed7a2b00990595f222e3969100b9b3d774e009484efa0b57fc	1990001422	19.90001422
700bf4818afa54c6f86d228885d950659f31ba444ddbbcd55e3861ce16c72e0e	1999966541	19.99966541
7019c41330952e1953801bbb86b35a661897ceb36d38e25489769545d3ac07ea	1999891288	19.99891288
705cc0937c3248c913fb3957a9290141b8c58256fa07370fe3732a4e846084c8	2000000000	20.00000000
707dc29c706c596fa205b097a0e4d85290e86cb2bcbf7d95e3fc2da3f8f0a2d7	2012549000	20.12549000
7087841eae1756e1af41a3d46649cafea9134713efb792abd306178d138dbcbe	2000000000	20.00000000
7088fa2b5ae25819fbf56b340f2ad3e1a6dbd5bca100b99f7ea81e098e859e93	1991977577	19.91977577
70901e455062a3ac831d338bc067ba25a68306c9007a9b201b15417b35fd6650	1967263333	19.67263333
70a3003396c114a88887f7d593092aba73af4f5b41b274363dfb94746ac3dc2d	2000000000	20.00000000
70c3c8277c952179ac7d03750fbcac914c2981ecf94a71bf454524dfffac8809	2004639542	20.04639542
70d67e3629bf5e728d99aa65e2efddf131ced39e241446ae7cab9273e8103ef8	1999991682	19.99991682
70df14cd1ebfbd7837aa7522e7c1afc2710ee3c304bb1a03af5482ab8180ed1f	1999694113	19.99694113
70f13d33a67345efef3a5d71577e82d0d837699e65dfe86a8523e0105ccb1349	2009990001	20.09990001
710af1bf6ce7c300a7a80af192b5e5b83a46cf4e2bb6817f7895af5d5f941573	2001244235	20.01244235
7116751393b1da18407272bcfe287e9e90c780ac536148fe1a453c8acf1fd471	2000000000	20.00000000
711d22159bd1aed8e62d263fddce32456aa15fd4bace077bada84a5d0f55c2e2	1988454405	19.88454405
7131f2e3fae7c2c3ad4374bdfedf5a96f2b7bb9658f035250a03f622f642dcee	2000000000	20.00000000
713ba43415c20754791c41d2bd8c51d49ecc145b2746e2c758dedbc0073ea789	2019373597	20.19373597
71464961c821224974b797a25c07a143a48a85e1180def9fa87a7a7010129dec	2029816093	20.29816093
714ad6db76ec0f21bc045a726b294fd1f847b1deb571e897f903932863459b7c	2009992715	20.09992715
716440ac7b6a3bbca63aa1faba3720a53ad2fc7793c448dfce095e1a61c10f03	2000888921	20.00888921
7164c2dd6e0773d3a9f7b16116a73e528ecbc9c5ff8edee7177f6ae110f82a0e	1966712990	19.66712990
71786e82ea45d704447287651697d93e239d4156e815ea91c946ebd011707ab3	1952329894	19.52329894
7181d95b7889aa80fea216adad9288bfd625e238e95fe85f7d71cbe57a3d5a20	1999998043	19.99998043
718fbf4b17d09bd88af172e993a31bee9f361b2a31d28aead5539b7457837c0e	1996745910	19.96745910
7199c93d2be70cb6bc4b4ea1406dd6196019052162021c7147b5ae2a68c960eb	1999997326	19.99997326
71ac1493b83cc154be3a003a41947f049b62dcf122b7d005cec2fa41b63d76c3	2025196924	20.25196924
71ba03b3371627bf5c2d1f663077fa5893210a03d3994f99708d965b36c5e896	2000021898	20.00021898
71cdd69da728532e0f7d1eb3ee9c89b0bfdf5b3289bcb248406cff060a376f60	1999929033	19.99929033
71d14d8f703a169807a719d4fbad8a2d54b801a506f91fbdade19f2d72cc2401	2003472400	20.03472400
71e24e2eff67b94b71fe1cc54cac23add3c2a4720a77764614bc77eb21ce2f74	2000025000	20.00025000
71e499db871052e69edefcea226d1778dae861cce7dedbdd4febb05ca969380b	1999890328	19.99890328
720544b135ddff82a9c079930e7905cfa87f1e1837bd304f4a7e90e0ce50dfbc	2009990122	20.09990122
7237653e799dd11b0cc065f93d578368c1e526102e200173e53b1b469f7a1338	2004231011	20.04231011
72450730ca011a32dcb05d847099a8eeea11eccee4f9cbd729d191a89f9a456c	1999990777	19.99990777
7249fa38de2e6979753a99146d9801eb00cf5e25e0974575da519cdba26d207d	1999979716	19.99979716
726754545487cd2af084a9f72f7ccce917e0e24a360cdfe2978d68a6999cc17f	2007179911	20.07179911
7267d73886d9ad9f3b5985a7331e4a950073f7bc8429dc8243b9207b4fafce43	2001136403	20.01136403
7277ed61ccc62b6cd4fccd86246d8f7e3f1e43b121ee8f760fb8e9d728be4eab	2011130454	20.11130454
72b07b3c00ac4e5d96c228235b489c3b68cce136cee396ed0cd8c303f56b0911	1960456330	19.60456330
72e151dd4ac0027f6406590f7fbfd15009d52651555cecda01637b0ed7732e0a	1999999791	19.99999791
72e6b1aaa340204a4057a336661d8f45f3d000271895619ab445a1a22ff66c1a	1976272232	19.76272232
72f1bb3e799dc4e64591d5c74209c048d7b65f600236487cf354207353dcf68d	2012459703	20.12459703
72f82a9b45eddc62d921813efa3a8ae1b9272835dde00095aa38ebc5e9f7e493	2022354006	20.22354006
72f9847991e06910cc54645e17bef8942be32b1b757e59f2141fff926d5d6364	2000020390	20.00020390
72fdd24efebe78883b289b9fe87c56b24ded1523f816ae8c9f3a4ecd3e9be7eb	2017324405	20.17324405
731d97c4924e1dab7a84cd257ba12164c002979759e0f9d1878b0ee51473b1aa	2000590458	20.00590458
73209f69e4c752349cf8a0585c5f167f8312c44bab91fa1bdedf706781e57f5d	1999906104	19.99906104
735da540f8029359dfb8733236ee8c2a473cd3677b6587189f5eb2dbefcd8a6b	2021020330	20.21020330
7369fcb1a2a8d953a1494ef34cc11ba24ad16a8f4720ef0b2e55a9a698fbf8b6	2009989330	20.09989330
737492cb96b2814872f46bbe2c0b54a102cf30c12cf77b1fe952efab21a900e2	2009990606	20.09990606
737594c48e2e85286ba6766e6c19eebbcb79773d7f851f9fbd5af6dd137c19b6	1952113778	19.52113778
737de0f6c01a6bf51b90effd44bc6befde7bcf49b129c73bc43ab6ae52b6c95a	1997670000	19.97670000
738ee7834eb2c52efeb46edc47995b8cd8bab626b23420436dd4a5382d376cc2	2000000000	20.00000000
7395749dc76eec300749337f3decf1e4dc4eaca9759df436e223a07698eee402	2005296538	20.05296538
739c59fdbb607381f3484ae2f289f333e1fe10f7afa465a393483617f4eba73a	2000000000	20.00000000
73a08e3a7299ddb715ae1f53bde0e45bfb48315dabe847653860820eba86bcba	2000000000	20.00000000
73a77c6aac94ae013a6785be8ffa222dbe82c2f19ae828fce4e82de39ad8196e	2016267193	20.16267193
73bbd1cfe76a92e4d89a982168c41f6763f9a8a2c332c3f968b1d12ff8ea59a7	2000000000	20.00000000
73bdffac9b33976f2f05961894b684282a100a41682c756a49bb2bf0c01b1fca	1999999300	19.99999300
73de30ba98502f5e8dcff689ba073d257ccec35acb6e88e529b0c994ab515db2	2000100000	20.00100000
73e9391f09722001fdf526073e4fb20021e3b66ae1398b912cc160fe26cc0a55	2038002376	20.38002376
73eab3998e9847f8fc5c28dedba6ae189e004cd63cf99638c0e7c3ad0fe99ed4	1999997046	19.99997046
73feafe1ed1dd9e40cc1bfd30fdb1f2176c0ca712422ce5987d43714270b10e9	1953341463	19.53341463
74272e9ff3ec59e3905f8a2872a3ec94f5ba76981b34ef3d6566046924ac6e5d	2000000000	20.00000000
7427a8ac4f7b015fcd01d4bfd7d21b7938a9f4f125fb10b43fca00c1ed976103	2046066380	20.46066380
742b8cc9b96a4af42c7b8236a977cabbd4effec7c6a132489842aeea8617fca6	2001414282	20.01414282
7437268d0cc11fe4272034cfb5ffacb180d19a1eb48ac19a43f454fa68e005ac	1964520755	19.64520755
7454a57f7017ed52b17e75d9ca955630a4e010de62554d8d8f1f5a2a34c337bc	2005000000	20.05000000
7478e16f2196bf8c5b6880d05909c93bf021cb8b4e8ba423a9e929da58d9b17f	2001000000	20.01000000
74907df259434117710667b4979a9646783dc397883feed87d458ca5fc6b4952	1996719480	19.96719480
74a541136df613c2132398716ebc53696b5fcddce79ae0222656210f79d69113	1984348368	19.84348368
74cdf22c2aa9a8a73e690cff81fc0966c14c1e802053dc7eface4a040a4a074f	2045622590	20.45622590
74d01f5467144e9786a4d16253f8846a3a84b4de199000ef8ff521c6a506a006	1999288990	19.99288990
753364b3211e7285237d0dde57c9baf12bf47214b19c1ac2d53c9cb2ba676f2e	2000000000	20.00000000
7534a7d2da2df60e7037cdffc24d4fa3d9363fffa00ac57a9c2b8a43c0e6e7d5	2000000000	20.00000000
7565a707bd359fe09fbc66b9cd16870fe93b73a3568e610125223f016014f1bd	1955030000	19.55030000
7592bd307dd4e600d6b3f5fc25c3ec159fcbf3cc3055111e096cf34e9cf98611	2001817834	20.01817834
75ac777aeb0a3891e7c5cb98f7663b7d423ea61a9595bc862b271c02c83bd503	1950445912	19.50445912
75c6b278e049c792108d513cdfab155359ff007c8d0835e06f99025e1df3b7ba	2000000000	20.00000000
75e3338b2a1408fc4bb825cab290abffac8f303c6e59a97040af92faef899194	2000791139	20.00791139
75e7da5be98e792c87a1756c6c7cb25bd9da88018c1a7bb80ec8b7e6b3c37ced	2025895000	20.25895000
76173522df0b5887c420c3ae3e84d230ffeb42c86236f80ba491f049f0ca758e	2027412532	20.27412532
76342065089e19786463e78e0edca3edddd55bdc317301b2377bce0a0d65963a	2034463918	20.34463918
766e34d52d46de47a644375829952de042e77d404788c0cff3e03bee3df22abc	1999948438	19.99948438
7682c7f4ca3776cd056b1d00f2fdd96069006bf33726f7ee232b14097756bc4c	2008287673	20.08287673
7689fe9c69db31c8516da002d44b854c51ba6bd891d75057cd01bf1702a3c1ee	2027073000	20.27073000
768c3209be0de15abf98a3b5d1160f6502b7d8e317d7f4a8f4a552dad15f4e7b	1953361149	19.53361149
769463ce54be1869c65262afc9c659c49e137dbab5c8a8aa9d69c0a67153aee9	1999999273	19.99999273
76948a72b6eb0e95a32592472234762447152e6b74d40306bd220828f6ea5ac7	1959990436	19.59990436
76c79027c5e6d09fb193deab58381b8391286202b96bc54e509aba4dbd06fd63	2000100354	20.00100354
76c9d0bbcc5d94508a0fe7177b7596ad24a85f2d5ce021c9baebd78bef1e166a	2000000000	20.00000000
76ec834f2d9de202caefe1caf61d7c0ffbec2c107d8f93559218d1fb2c01baad	2000000000	20.00000000
76f9579600aaaf407e8df8cf838caaaadea53f9e710d1af975d65f64abf650d7	2034615927	20.34615927
7704d63b7c88b9994f197da7465fdc61ade97ae31e2399afc2aaee8751d53c28	2017000000	20.17000000
770806df587351ad4de70314804a82d1e014832bbd26e15d72eb2be24c0d69c3	2014996909	20.14996909
772515f0dcd3acb459592630019246c5ac11d12b5d180e35af789952ba10a029	2000000000	20.00000000
772b01f937eb0c1c4d410fe2446f1a5032067f9df234276b86767b1171c571bd	1989999668	19.89999668
7732ec0bdf82d86bc35c99f79b57ac1048b61b5feb41e9e7df80df4cca5c7959	2000000000	20.00000000
77725b652ff81f5765905bea4ec8f06a79f33c568561816ccf81976e582f6c1e	2038136287	20.38136287
7784811a2d82e973532b6c2e80a3f7ce1101994b74a2f1a36b6e64c26c5c5aba	2000000000	20.00000000
77955f6b63933ec8f7bc2ac9a506fd101459ebb74282d11d5bc95a6804a71c7a	1999320000	19.99320000
77a440143420e08f6550d432106f52dc32f8855894aa1602d1efb9caa273b136	2000000000	20.00000000
77b2ada045ae79e9666fbf4e0cb61de87b7034d38a1efc4b4f8405b8698e182f	1999678635	19.99678635
77b553773da620add0a8dc96c1b5e575a8d22259e37556481cb4360901294cce	1999950000	19.99950000
77bda4d07a755c944cdd10e093f2edd6a9a19180e6e4eb176501bdecdab8c071	2000000000	20.00000000
77d74c5f3e69f909b71ac5e2633f801c48bace9877962b1a894591e40ca0d681	1999940039	19.99940039
77f94fa00408fef903adb5260bb159c2d39b1da09e215486f110889a72466043	2037617386	20.37617386
77fcc95407669e6fe3326f9022fe6132d84fc2c5712a055ed721e945814f2eaa	1999985885	19.99985885
78034114fbb7d2fc142d8b87ad517b221e89ea824ec1d7ad2b9dca9c9de0a681	2000345520	20.00345520
78181fef5a0511fb73ff13f7c7e4bc65aaecbe7b6e73629dd079f9608aed4ddf	2000000000	20.00000000
7825fa0982bd596fb2c52e0a3bee429ec707d846cd9033c332dabafa849f0e72	2000000270	20.00000270
7845f81d10fac5de6f38dbd0ef9a86cdabce2dd24449616aaf98ea57d634e606	2024694399	20.24694399
785653883dba0eb3c4f3853f05b7e7284d696122d37aeadea9daa89948455bc9	2000000000	20.00000000
7865289696abcfd988d02a026a70d1869b269c8050320bd985688eb3312ae7cf	2000000000	20.00000000
7865bc406203c19c9d34bd079454d72af4500ecc983daadc1723e620918668c5	2005000000	20.05000000
786e690d39a2263fb2cd3766a09ff0feba61d7b790ffc465e5f422fbb72feca8	1999803111	19.99803111
7871820b910574132dbfcef2ef3d47e1ab22d99e8c78ccf1fb6b3b0ee7600fb9	2033674134	20.33674134
78ace15db03fb20b770b14320eb178c15e70736f0936d8b35edbfa6ecfc549ca	2000000000	20.00000000
78b62e9993bb2d932ec9eb3b71fed28d641bd037cfe9854d2a7c08f40f0ba293	1996708679	19.96708679
78baf00196a5c1d9babf97d5ef8459978dd4746183712f8e015d03185697e752	1999998700	19.99998700
78be5cd6743fdd735bb8a569b85c42934eb8a688fc136b86cce1b42f7ccc1f2e	2001000000	20.01000000
78d0cabe993eaf430e0e2048e1a5070309f1fc859bc6ebbcc96e94126fa2300a	1950476300	19.50476300
78d63de1a2ae5f3fce68a285ed7e34bb6d6519325c84ce957bd6f923ac96123a	2002846800	20.02846800
78e23c331f5287bb2edf1441a4fb6eeabd27c85ff8239a135f89941fe274d56b	1973155434	19.73155434
79125e2dddbddb54abf880cbf54dbe064dc160ee38ffef4cab57643b282fb0db	1970020000	19.70020000
792c3a21339704252c0f1702108cef7a525d8497a8d77ff6536a855245580c7a	2009990001	20.09990001
7933d1b0d307e8b4471532d2a26e1714fef41128b8858371f199691736ddbed4	2001492423	20.01492423
796ddc36b703e7a427ec8becbc47e0f35d49bc68825ed3b70ae0691778dab2e1	1990000000	19.90000000
797297e0d75208a3032adc8394613cc94006d33b8391e5d2f6e1cccaf6c7b5b9	2036922400	20.36922400
79733a82867f33f18ac39378bd02f535b78540412e9181b72f19926548566a6c	2000998132	20.00998132
7985d8c5b476cb0033bd972cded8f7682033bb944a58ef385d5728bd89e12fb0	1998493301	19.98493301
79aa1e99fcf3df0c7a7d24bb366ac353a6a186b024646ca0bf9178210cb07c57	1999993200	19.99993200
79ae306f5a0f442333ce7d1b0263c20b71bc82db41349f5bff7a99bfe97edc2d	2000014645	20.00014645
79cd3a8dbe008729fcc9ac1754df2887d4b5a38a4d70dfbac2b708c11fe3bbb3	2032179476	20.32179476
79e48fbd1ad690b2a273e615a0e6fd7e2c3bb23baef7e7afc2471a9bd4ab188c	1977025679	19.77025679
79fec56b2d2dff6f3cb20248c9b593f0df9d76427b6fa5ecf19314c3947721a9	2000000000	20.00000000
7a46ff2ff5bc7e996082786db58f6937350e46d2a0c36f41d16e4cfd9502959c	2018031347	20.18031347
7a5c7fd77e7324d53a435177fcd4d80ec6458e91ee955e836bc26e1902b193a9	2016977135	20.16977135
7a603d5b4aa1b81f8d5ae7ae9b40ce92f3c9a0b6133c5087bd788b3b16e3d0ab	1950029352	19.50029352
7a616cb81e0c378748a167519a8591559cda8bcd6ac818fad8bc9035e7cd59bb	2000000245	20.00000245
7a64bb3aa0fd27fb15ff2226e9b9414d8208805a5cea1252f487e387315e6e7c	1996747920	19.96747920
7a8afdf519e7bdbfb9a73ae32980bc213bd8effc1640b3e13cffe0a95cfd1087	1997564900	19.97564900
7aabf825dcf830d33732ad405dc7499882ee0479e09945b49e65916a7154393e	2000000000	20.00000000
7ac554d7bca9fe4225b2ffc699385d11462c4928d8326b1d9141a6992ad913bd	2000000000	20.00000000
7ad60d38290101900aaa4d25d2a99d1a800efe02d8b940ff226b4d8f766ff86f	1999994727	19.99994727
7afc6f6d57f656e5e22f0d07b20798fb112818987732e035dec2836ce6b1e24b	2000000000	20.00000000
7b0063bc0b2c12974889930d9bdfc1e52c5728406cf440f8e75e9ef2d469270b	2000057035	20.00057035
7b23591910eb34868515660bcaeec99331fbc7063917bcf62f56fa9515e67e01	1958421354	19.58421354
7b240b7dec49754f41e5042b81383f4020117deaa2bfc7da570b1735fabec9f2	1988417574	19.88417574
7b340c73973877d9a224f1793f387db4b245caa6aa52f90deddf2db34e4e6a13	2037274000	20.37274000
7b39f99f9483e8aa3bf60de364d3031d81e450140f22d8f7178ee8830a6ff7a8	2000000000	20.00000000
7b4d2fbeacc47e31149cc931bc3ad577fa51792d346e98fbc3d3420b46ab0a93	2000000000	20.00000000
7b575723c9a9cbf229a87e89b2ff4fe6fc318d908b81606f3cc8e204bd418aaa	2000000000	20.00000000
7b5aed61f9a70df691c4dfadf3356ca648c4f2d9fc543446ff6e71dec9c7f26d	1999950000	19.99950000
7b6f2d46a9392e933343ac4c0cd2474c7e42a9da9949c8d3599da72d62f06701	1988605357	19.88605357
7b72510e91532e85cb4ac76fd26f7124dfa8e44dda766d7aa28e334c7f88bff1	1999999756	19.99999756
7b78d981ba4f5c87e04c53bfe511ec955c9480c96e622b2679dd58261f59853d	2000000000	20.00000000
7b976f142fa591b65939630ba319cb7d67ec055845a0c39dc08e112067358be1	2027210497	20.27210497
7b98aa3661a16c4bd796f4dd42ac92fdb593fe3fbc273677d819ae247d78745b	2000008620	20.00008620
7bab39d5c7e18454ad99166de6af271f2c3e898031a4de0ee425f872eddd9eb7	1968084577	19.68084577
7badc0b23222c86a574ae5f830a8b09b40aafb101b7a124412a27fddf3b92f6f	1999999044	19.99999044
7bdab84477b4b53a76964545c901f439ea8d7d83335a211efd00620bbf257f48	1959424372	19.59424372
7be5eb5795ddce87cb193aa3682fa36993526e47ef313f1794e6ff236eedbde4	1976342005	19.76342005
7c1b3cad0e333feb50a34327aa670b94909efe4831b59d0389c5a30bccae7ca0	2000000000	20.00000000
7c1dcb4b14311e40f3b93fe30a152c070e0c6f2e65ce9430a300d38ceba0bc46	1999003692	19.99003692
7c2e2656502a4322efa8c9f1301c5967526cae5d96964da2c2ac3266bf0f1c1b	1996400533	19.96400533
7c373ddb3d1396291ad3470eddc4d0bb1a02523e5ec4e0107ea9cf055cc81d50	1956570997	19.56570997
7c3758b9580344fe3b065ac79f2339d1914ba744df3e48b9bef6b65cc06769d1	1999990000	19.99990000
7c4746ffefcf27fdcb2d9384e469f377109267bfa80a4c1522db8427c4bfa77a	2002104940	20.02104940
7c4d9819a5471e71683e00943f9387c0dd3bb8f7b54f018190bd4affa13034da	1993843418	19.93843418
7c5e5bc3704e8b57c5671f856a1ea5a393a7c66be0904265efffa94481d2835e	1990000000	19.90000000
7c6ca076f54e570f68e2aa9b3ab0483a84ed44d71d267e4f5b33bd80e7bd8072	2029184500	20.29184500
7c8cc8458631a7b57b9bc6f3f871de4785c772b2dcd2a5cebd899aab72863f4a	2000961521	20.00961521
7c8f7fff14d7ef14fdc60a058f6f665415a756ab32d09e4a829ab2688c0ec648	2010529164	20.10529164
7c9e668fbf26b11d5f7b527a4de9f28d2097e8d28be4ae2d9da7ab091c56e7c6	2009349324	20.09349324
7ca08863cd400ee1c07cd28bc41c11cf1f4231bccf81899a805e87cad00f99b4	2000000000	20.00000000
7cb8fb082b5f0a58ae5b470ae345d6e13ace32c907ac335834ba841dfe7767e9	2000000000	20.00000000
7cc71644697dc32f1f1e17abef3fc73b9c4529f8533771be269e1eeefe8d2317	2000000000	20.00000000
7ccff787b0e6bc3053a2a7e41da7f12808f549db46baef62899cbeb8f8b04f02	1999999269	19.99999269
7cdfed6f9da9022a2769bb0add18707e0f04289bc42858f6a31b76d7d0387291	2000010330	20.00010330
7cf93971f1808df09db6eb31dad933be35cc9918c5677680f31660f9c53784f2	2024698778	20.24698778
7d08f3c0fbae8a2377d6755f883cf701447725d79ca66f07042b4f819ff634cb	1992599887	19.92599887
7d09dc1852609304f34760e92ad4ca854347b261e19d58d9a0485fd032e015fe	1984977013	19.84977013
7d0a49752158428f20cfa43f59eb06873f38b5b97f7afbeb08a0d72368d60a7e	2000000000	20.00000000
7d235b0e1c2d4af69063c7c4221059062891580d2a834cd3b599c5bf8146f7ee	2005528297	20.05528297
7d3caafc2b26594a77680e60768183ae0e186c32603ebff4b4c3817ff383f6ea	1999983272	19.99983272
7d411c00af1e0c6c7df0a34f142a961112657176cc6e2dbbccbec70ad3c00cc6	2027276415	20.27276415
7d4122f06cb6ca90dcf3dfc4672fa412c7f39f23d8548383c9012f2f42fc2a0e	2008787160	20.08787160
7d62a7fe8e8420414efda34708bed21768d86a14e9d536b15fa7cd41314036bc	1999995085	19.99995085
7d6451b74de06d02ebe54f5aa82e9ab31a68d793f6f839807674ce638bee1afa	1999999213	19.99999213
7d72d521b72096dd3bcf76911b4d315668022cafe250a7849f32f03de439bb2e	2009989330	20.09989330
7d7914f41ee46d16d7d53a2d63ae0cc73b462d9d9442150d652ee1ecaf50c9f4	1999997000	19.99997000
7d8b2c244103b86e83d4feabdf4902e78be1e28831b709d6208db679e9791fd0	2000000000	20.00000000
7d90793ca784064d64838116d38ec8b10d76c9d9ff4f088714fc8e2b752694d5	2009990606	20.09990606
7db09450bc4bffa9faaf61f47c30ec5535200bf7e4f87081ef6f1e17881d34d8	1960124260	19.60124260
7dcc9ea932ba3ec5f9b7585ebadbb26a3000d948d604de86c379412bf5df26f4	2016663908	20.16663908
7dce8d591c6cd45eccb08fa96b936fd6c7b495d99bd429ad6b3981014284bf73	1999989714	19.99989714
7dee4876177f49fe2e366e6b2b06eb909e8a561110172848dae78e4db8ce0c46	1999036842	19.99036842
7e099292722e68b8393cdc84f19c8cbc23b697f8bd538374417d7d4b959e246f	1999996430	19.99996430
7e0f438c7bea6493bec78c805f85c219ae798dd63d63228cd1359e61513c3dc0	2000977000	20.00977000
7e1a410aa056b00573cabc5c0a3b2f2a9adebec59de7b4f2b5fa1f3a097fdaa8	2000712975	20.00712975
7e1ee07c71f6846a1eb09479a0ae1338c33d7372a7c2279ca579fd32875a4631	1999999196	19.99999196
7e29d24914849363237d7dd1f7f6078e010e5332fd8bd0fd6ff33f3016e21eeb	2042000000	20.42000000
7e4bdb5b552fe6ad1c5365c12bb734238d89e587a8c21db6991ffe2167fb4720	1999972756	19.99972756
7e4e086f7e6a815e2971bd34f490fa4500878933666d3db813e350b85393b771	1974998288	19.74998288
7e5d31cb9ec90584c42f9a78ac87d1795d9a79e7718ab71083d0a98de5e8dc8d	1999997000	19.99997000
7e6260dbd5e84defff54b9bc1e35c799649a1ee7708911617ef4c149cc1c42f4	2004157444	20.04157444
7e673745bcca56c3f42ccb77218f77b93b3cfdb60e5b9a483590fdd9cc3fade9	2000068941	20.00068941
7e821c355671b1e4b70962f9f866270785a18edfd91278ccfe688c4e4e757ec1	2009990001	20.09990001
7eb32f8f189cd4e5c9cff9b9917bc4856bcfb07bef817d1637e3f48e5aeca20a	2000000000	20.00000000
7f0e0b6869f66bc4a803772481a447f586fed8200995de48184780fd9351e130	2000000000	20.00000000
7f13b8622631a0b5048ceed086e23bef474201c7fb2e1a8c632c60cc47f455a6	2006627508	20.06627508
7f1ceebfe894984b118d519fdd142fb323788f6bfc713a8d251065d151e02c3b	2000001200	20.00001200
7f1ef83c5a021dcde2e8fca3f3e7cfd3faaba1b67bd60f17e08c1e023d178a10	2021379860	20.21379860
7f2224758dde844306089a041ebcd032bca6640f6af7096139be465928f724c2	2000000000	20.00000000
7f3ad700e89285bc66646daf838bba91ce9747f70ad0054e858e121f7b4dc05e	2035627789	20.35627789
7f5b7a45aa24f2bedd9c6b86b2ace316f2c314db7134e098e67b8a9ede4025b5	1999999293	19.99999293
7f5ecaa347ad86fc4d960569c47e8e02e8068ef0bf78e343c059636e3a4c745a	1999996808	19.99996808
7f6ab64d22fff421447b31e4ae51269c50d39bc6baa930a9f9315eda69af1dc7	2000000000	20.00000000
7f7b52c8b6be0c1c14157185ab97ad90c93c08b1bfbabd58a9059481851fa1fe	1998996463	19.98996463
7f7b577ea383a006ddcd2f11511feccb6903006d6e7f3dfe32dcc5351455c3d2	1981602493	19.81602493
7f9e93a0dacd20c58c278c2f1f1e09f6d0d1def3f3341d88fd90e143996bc644	2026514834	20.26514834
7fb22de9f5cf4d557f8479abe00b389bf0acf4ebf026599c2a7cea5c16c43bb5	2000000000	20.00000000
7fbd11465c5009c6f0f635e3c8f5a030679904077838132c5fbe4ac8595d7dbe	1967545555	19.67545555
7fe620b06b5ceaa9a55b008289d9b2461e20fa8734bc326d78396f274602c9cd	2000979479	20.00979479
7fe66b8178d24825109a4d930a2e3e588965d28488465d006072bf34964403f2	1999924232	19.99924232
7fea514ab63aba5ae521708ee428571054d78985193d1d77192e4268c08080f8	1996719480	19.96719480
8030e52f22a605279f26c95d55197cfc2b29d41d3cceae68d0bb758918b06a0a	1984417810	19.84417810
8039fa508835da71b71e9f381524cf4f32fe989c75daf3205b42ae8a55e6617a	2013299859	20.13299859
80549421fe723536dbfe3bcabf182c4764c19673e312fea532edd969c35d6c85	2000000000	20.00000000
8054efa8c315e6b75e8fabe3fe848aa3b170d770c64537ba56cb5ae8e32190b8	1954478430	19.54478430
809eea67f2cadb757901c15895b9e5055e1e82c51e7668a586275160e47cc2a0	2000000000	20.00000000
80b8886819f894078f57a8127bc4241b2c4e2a32d8be373311041f7cfaa5ece5	2036043242	20.36043242
80cf38a4544ec8bae7ca0ec625a5831a22b3bf5f6edcd5c434373aa92f511a1e	2001969707	20.01969707
80f767596b4fe4011ce8d41853a8cd39194fb98b5548a9e1af7005e4fbbd7d20	2006137728	20.06137728
8105aeee39e98d23764006ce95fc48ed5c781716c4bc548fe7a4442fea7e0b14	1996756050	19.96756050
810627128c1050065a9a8800c4035bbfdb4bf019f02e0807fb4f3de377ed151f	2000000000	20.00000000
81514f26a549aff6972efbdd3aa3b0941fe67ded6a65acbae4a1308d7b0c4652	2000100000	20.00100000
815387d310d2921afaa5037e32d7be954642373db5e726292bfb1032ba1da504	2000000000	20.00000000
816445fc1b96d66d6a48055c306663bac0d63885be9322b97a25b9261dca2205	2000000000	20.00000000
816af4731867c042219c259e023953778087ca0b1e891af4183b685ca61a90bb	1981326955	19.81326955
8189c1ccc73680cd711af20eca79d2f2bfc6ae6b305aa143ead1edeedde48f2b	2022672000	20.22672000
81940bb5d5e9889aed97e60d5d3eb998ac87d7ebe1ca84bec238744f7b5d846d	1989993952	19.89993952
81ca3bbae8b14b12c2eed5f63c7827e6707893c3b967f77148d3b917ec5042d6	1989997740	19.89997740
81dcf1464002e9e4766bf33356809be39880ac56f591395b07771f553e4b5f4f	2000175364	20.00175364
81e78b0a5a2deef26e4a1b26e717895ec755639ea63fcdc01a86f7cbd21d39b7	2009990001	20.09990001
81ef1649247a0f713772eb74e8bd351bd9a45bbdf9be8fef56411acd3a862ff4	2000891468	20.00891468
81fc5be998cfa472d186255a6f8924ca4dfa52d552d39c778d1641e8e6cf50ae	1951028322	19.51028322
825d8db883002614ed544a6e69de628afc7e2c553ebafee488001603c9450112	2000051142	20.00051142
8283e35b45eb538265edbfba828efcd33afaba1b10035d9c10f03d7ecc56baee	1982180295	19.82180295
828ea14dd54dd5192ddf8c5f990d04c6a851a6ec20a5f43078869daaadc4a6f7	2000000005	20.00000005
82a8d94f5acfaf2def4d00854ad88af7a6a997440e4a791ec2701efc4131f9ec	2000000000	20.00000000
82aa14c324a64a91c35e84fe10e968b7b2c4a5edd92866e76de4a1f44ede36dd	2000000000	20.00000000
82aeea6e9d9d528786a6e0b54259afa0451f5f6e69c0f383dbad1c138e0de30c	2000000000	20.00000000
82c46757c3e5eeaabebf9fa61bbf553c95cbfb96c77d0451665904279d615e03	2002050962	20.02050962
82d2971c3bb04ff964f2c3e40cffe3d6ea36e9a0a624a74abf2da43d1982ba03	1982584108	19.82584108
82ecb94269407f4696ef831844bed9bda4fcc5596f0337c34b2ed41d97ead32c	2007800000	20.07800000
82fb950a59dce3ff73cb08a73934e54009d2d6885d49f14caa15c1a52d3ac274	2000000000	20.00000000
82fc5fcdaddab5e2954e700e478d7ddbb73bc99edbf0d1e2534d631d54a1b8fd	2000000000	20.00000000
8303869cbfffdc03f231250d16cebde34eb0aaaf375aaadda4b0386b095c2b17	1999960000	19.99960000
8314613f2923c193a2ab6e77ed78dd527725693a97614e247dc8cc337627abb0	1993012124	19.93012124
831679dcd8311d4a8a3c4e9347741bd43a2f685a524d2f7d746aeee5d8ffa3d4	2000000000	20.00000000
832ec6817c6b9f45ba927379399a29ff2b4d21bf86164f21c4f155b26a4b58ad	1999963792	19.99963792
833454749538464595640bd2dc190b125dd61e5006243a6f3bd54da6b2f97328	2025520437	20.25520437
83461472dfd01c263724be8fefda23c576d18a23dc332939f4a1f56a52ce57e0	1999979034	19.99979034
83475602d1b3eb9dc9cc0b3940f0045029cc151b5850a51daf7e53d864005eb6	2008378975	20.08378975
834d321db9d8dbb6a02947464dbdf04f806cfa770b5b206a8484226bf857ea9e	2012869547	20.12869547
83cd4722c3642209459c1d52c336c97602f90d4f79d86eb293480c7bd49240a0	2013715904	20.13715904
8402aac2d85d70a400071f9bf827731da1e387cdb096155cf96acccd7a652982	1999997000	19.99997000
84160f7152e03cf413247ae32f4fa19b05ec29922a2a1ed708a9fffcc45e0c26	2024330919	20.24330919
84185f5973789e57ffd71c3948a40ee732a947d0bbe3c70037ed5b6d3f102729	1999000000	19.99000000
842104a0ba44965830dea53be28d6d8edd20f1bb0f47efb11e2e8da15a21701f	2045236994	20.45236994
84485e05792a4e5e2964d6c254221059bcb67a0e61b473102a0961699b05c593	2000000000	20.00000000
846743b25b48d32a645d24008d1189429d76298fba8941b178b554024cb47d10	1996758090	19.96758090
847769ec1f0b4def925ae167925e6b9d4f0d40e2d952383d5de7434b1b7c9086	2000000000	20.00000000
848dc637a9e6787977bbe4d1bb6ec3210e850151cc6e9e40d2d30a97867c8cb2	1999999780	19.99999780
84a02973e743e7479f942e78e02973aa91ee94354f4f28285f25089df9c833cf	2020982641	20.20982641
84a32ad74d92368bfadafac3e7b845ea56fe1d975b865585e458305ca71c0669	2016690839	20.16690839
84bfd901df897336fa7514693a8a2b05ee85bb0a8d421c004f3bed4fb5327bca	2006770243	20.06770243
851c2fd8f4200d8eb398f30d1b106ed8a475b96e3d1f04f638e473d54288536c	2000000000	20.00000000
852cecbbdf5e08717e6a4f77698eaf6defca229b93e4722cb7e8a46fb1359a30	1968822768	19.68822768
853a056eb693bc0f99293a47f253e40eaa3e3e80b84b8fa38028b5f275d0d221	2047294484	20.47294484
8546b29ab2119724eaddac6726171afe85b693aab775b7a882a373498969c9f5	2000000000	20.00000000
854856754d0370b637f9c4e8137451e5bbfe607caafb84e8de54a798f2a2176c	2033817992	20.33817992
8575c9938bddb87b4b9f61471a3ea5eddec43d0726133a6641f24becd3dcb02b	1999999164	19.99999164
85ca60ba8ea11a4e7ff943c8020d8449ec783301ebed25891ec15eac827af1ad	1997866881	19.97866881
85d379d1a49d742b65af74b72a3fa337704e89f742c0508deb461cf9aa3765b8	2000991200	20.00991200
85f8954f369eb5e3c6206a6e918d6b0bd0767c8da0edced062a26450e3251fc8	2000029000	20.00029000
85fff0bbe2a787eb124f48aeb5c798e04da0762cb4dfc523983d0a1cf469b767	2030643765	20.30643765
86002b7a708c1f04760980410ef578c570ff549598e0be56fcc46e31f3871fe9	1999996006	19.99996006
8633327592041d286c90d79aa2bdc6bc735af80d1d3a8bc2595f581c05ad87cf	2010050330	20.10050330
863622702bc77d8d170708e002f4db0a5129b40a03910dbadf8cc7e99169065f	2001493945	20.01493945
8643b73ab72a7540fdd51d14fdc1e65683016aac9c34a2be3e3c0266a7324af3	1975529785	19.75529785
8647415ddf0ff5aa3fbcdd1a1457486be9fc1be140f5ccf13df19bc78f154179	2000797751	20.00797751
8652d779c1741fffb0e47b005599b560a15f2bfd541471bbfb5a8c6a0daac79f	2049444918	20.49444918
8693f5f239f606d305a1634dedceeb6d54606d3f02a098fb0e8d3f7d5fbb04d0	2000000000	20.00000000
8695106c3bfea84e1c5b24569b318ff6212d31c033773c4c5b7775300e138eea	1999899602	19.99899602
869b1812eb9197bbcf8f7c5cb3f8654d46e772dede5ae3644aae1cb9e0fb90b0	1976057000	19.76057000
86bc3c514ed5baf04704781d8cbb2aa87b3dff24b7800c894123b1d50b71c937	2000000000	20.00000000
86d44191f08d9be16d627ba645eaf70c29f279cdd8871cbbb443331f9aafce97	2000003625	20.00003625
86e079b0a87755a90af2bd8af84bb8e0225b555e487f473702460ac5d12dbe9c	1999999230	19.99999230
86e6dc9f31075fed7980084511d870592a79fffa20bb501239f78df53fd452fb	2000000000	20.00000000
86f638d87549e4f704a525d663d5ddc8abcc17de46778d255e18b97295ae7e49	1999989000	19.99989000
871d2f9563d8ba0b91f0d0890b7b5c2300e6212bc595a57efcaef045ebb69f02	2000000000	20.00000000
8723b6026c6c6cd94e4b980affe8fcc9001ee18e770dc9f874d4805db45a0f2c	1989962699	19.89962699
87329bfc1f59e9ed4e8e01420e07f19f754fe3ca5ca46dd03a9ddd62ad0dd77d	1991402004	19.91402004
8736e78f681cef1838c786e035b5df77e2ae6d1d468867f7246c16df7c32d09c	2007961400	20.07961400
874737fc613675b2a19e3dec8da9e7b8bbeacb4f68525fd0b91643c3d8f263f2	2033724900	20.33724900
8758e97e3052e7c1765c49af02bbb0d731954b996226f9a168e27407b4dd0290	2000000000	20.00000000
877fbbce2c235981fee494e50ebf9b2f22eda072441ea12bc2af9f04540feaf9	2011566900	20.11566900
87c04b12c6331ca88205ade5c76fac9b2e10cfaa32ddad2223a6268ae61cae0c	1990000000	19.90000000
8810b15b7ab20f7bc6f7031d62540af900e1dccc9fded1259114d06d4911dd70	2000000000	20.00000000
88484842d4a8fc64b8471de3569a61eb5caf4df77410140332caad944d7e5dad	2009990419	20.09990419
8881bc260a481c0b32f0be157db04a428414b46dcf82c9a2db333d2385280f92	2000000022	20.00000022
888267bd3787bc22625fb67367a7ab109c8432427a6ba6c7ae15b4f18107d9eb	2009990001	20.09990001
889178a3f3d19d394ba18529fe499cdcf1bfc007fd1b1ec530df2f7402092fe3	1999990704	19.99990704
88a5b1fdf3fe432b229bc8bb0fe4ee32239c562be1184d52992a77f422a29754	2010000000	20.10000000
88a87b635ee28118cd3d66d006d30fcff6893479350bd9a73d1cb3dbb41fb990	1959654800	19.59654800
88b4a44592441d66ed546fef464dbb89e90f3e9d9da925223e57e50a4612ee03	2005384414	20.05384414
88c15565dd0833d7e9a1d9dd0f080e466e3eccbb3ce20147eccbd5c01664ff0e	1999571600	19.99571600
88d1c6c0a44eb480702ca829a118b4d1564650b8596557187471fe70ee0b17e2	1999961294	19.99961294
88d86ec765e408ac19b9718c2e511ef4282ddb475b5d880bebfd12b2386ca9e7	2000500000	20.00500000
88e43224d11668ce191856d34b2dde7f44c12dfbe4d1a0089b18927a4ce2efb1	2000000000	20.00000000
88f1272d19f838149c035ddefcbdfaa9407f7359f5d1b9ac8e24f46b4c7f363e	2000100000	20.00100000
88f2438cca22090ae98117a31b8efcc8de3cdff6d885381e9d49b44d8e45b336	1999999780	19.99999780
88fa0ebbf77ef15ee9cfafae2192022fcfc29f93e13ecf913135fd7e07cfe563	2000997000	20.00997000
892390e90c6b5951eb7f330cf014f5a9a8330b25c8733c5d607e9da7538e7e23	2000241278	20.00241278
89370001a7f48df3a77136bfe85bd053e22938025a5947f151fcabf2a50f6f32	2000000000	20.00000000
895af35dc8136d8b1ea06044ffb4fcead0974753c12840f948e4339c5dedd75d	2000000000	20.00000000
89620e29c5ecdc1ab5c284b39b02af124e31effe46826023fe87cd01f1c93a30	2000000000	20.00000000
89625cf9b3d5cae58af62a7c19dbd640a02f55d33c6c8049600950f6073a53f5	2000000000	20.00000000
898a5306edf74612a37dee3eb803f4d90258a073e27dbf7d3286571ab24960fd	2000000000	20.00000000
899dd42b9e72994c43f740e04079855ea362d01c66303eff50097e52e648670d	2000899586	20.00899586
89b8955cb71a0d648f28bf868cdd4b66a192dd6752c3f3ce4d200e9a6ee0759a	1996719480	19.96719480
89c24b6802f90a870db4e74a219de0b78f580db7916b00cddfa2ad2c1c23a8a8	2000098280	20.00098280
89d4a645d5b1c34a00ed8efde2d400f21bb70afc3d9f6e0363e7322c9bf80d08	2005134079	20.05134079
89e0c64a38d9d6ffbf0be1010e0dfb432003a6719ff08964ac1338c6305ff573	1951005712	19.51005712
89e426274d65a1b2b1aa54c0e458ef74a3beb3d41933c24f0799be83fe6a3d29	2000060492	20.00060492
89f7a1078082aef4269970706dbf71ec7eabd9195a12f058631ad5b40c5fd07b	1976907326	19.76907326
8a249f04e75f538c378800c436950f14dceddebeb993a5e95166d9a56ae30f20	1999992339	19.99992339
8a2b9247ab275d0bd1c3c9945859a3bd1ede4e1d521179d632aa6a81914429b2	2000018723	20.00018723
8a50e0389314bc22baef45aeb820d3263ea6d697d86292a67f2cbbddc3f10b81	2000050000	20.00050000
8a55a37bb169640e63b8e1d8dea4f9111280e62143c6baca17380abb4547da74	2021566185	20.21566185
8a587da7e9994b323ac3f03dd10023e0865465caf4dc1fdbad15d486ba331b03	2011034400	20.11034400
8a5b3c9b4f3bc8d5d690e7675ff994a22b366dbcdd102e56081cf1b8f2ac4c6b	2008171824	20.08171824
8a61149a4f93d571fc9a6a50497927cb515b7c964eafed0fe21cdc96aaf0c797	2022216807	20.22216807
8a70c37a4f981100be9b6009f898184c072c4fde274f4dc874f118ec41e4c2f1	1999998823	19.99998823
8a7793bb6f2a145b8066b34688cab406718b6e5c1bf0ac2cb08cfbce2f361c35	2000000000	20.00000000
8a81053af5c09a7175fc648606ebdf64c5554bd5efcd37e68854c761d36e0c08	1989547423	19.89547423
8aabcd1de48af0b31cea952f16a000d54b0c7bba2a769166d70bede83151c370	2000000000	20.00000000
8ac2a51bff5157b72eb9bb6b8c2fec15ee76744fc3daca4923db053e34a76e39	1989995407	19.89995407
8acffa75259aa6565eb148501e76550554512087245dc37a1edae18a7f518f9c	2026480015	20.26480015
8adf34a9a0ae769ed2c8a4c1fcc2309900f2fce418ce783a31ee1fe6557d6300	2000051219	20.00051219
8ae1a253eabb2a08fe6923793f0feb9ba23e8a36455ebadaf8b0a1c3300135d5	2019927021	20.19927021
8aea5ca419a7bcc518ccf57c1296515a2a828b96c7ed912bb53096d11a9d305e	2000000000	20.00000000
8b098ad4abc96e6aadb7cf2d484dc74539ebe82c451335745a1f9ea365672feb	2039580836	20.39580836
8b0ad0c5caecae7c2e26874523d3c2edcdd9f51589d574c2c656051f08df89dc	2000000000	20.00000000
8b0d1f01954fc75a3386a18e8f751d96d954e5d1951a2ed43669760aadd74793	2002895145	20.02895145
8b1b10052b4a2fad538087bc41e6156913f524a6bfc59790b657dd6a5f000c1c	2003218393	20.03218393
8b28f1b710dbfdffbc56ce88587c49fcd2d5023378cc64422be40d60a29ecd74	2000029000	20.00029000
8b2db597389322fab291d7ce63d4e23a4423163c72ed85f299a18ec2fd52dde4	2000000000	20.00000000
8b3595150835771b6aa1190b65da1178c0b58ca7b7bf245a55c35b615f33f06a	2000000000	20.00000000
8b3642f8e141155d3f8e2b8b44589d183811098d6aec85292447bf7c8bce3875	2011956791	20.11956791
8b36955a2ac98a276ace4eb07237449ba6e4ba281d29de24359d6188eab7e04b	2000281093	20.00281093
8b3f8e31bf1744ce17fb1e0629a80835edac66eec4fcb4f1a7ca10e99405ce79	2000000000	20.00000000
8b51d0ea1594aeffa487dad33f71a2af180f4589908f5ec420abb7d9bfc6aa52	2000200330	20.00200330
8b546b996a69f28ce2b65601dbd9275e31af82c84db69b7eb03b5a9cd4f78a24	2000058725	20.00058725
8b6348f6fab3afcf046dafad0e8b4dc4b4c8a4bdf846f29c429ca8f4da7bcfa2	1996155156	19.96155156
8b8dec93a5c576b48f9a88da5dc6a0995889646be7699f2f759d2ac860c1bc13	1964881940	19.64881940
8b97e33bc3320d7260675acf77cf4541a288a8499b9e14a58bc13066fbfaed08	2047924819	20.47924819
8b99dd362ff4a1e83a4e92509cb8144c3b2ea105f5f87758886733563f8e8981	2008555036	20.08555036
8bde59440db712f92ac1f42429d6bddf1fffdcbc8197b63ce7cb3f9b41808074	2000000000	20.00000000
8c056022e9a704af08178fa2f6ad88c8f8dfc21144b22064f869e2e83e526476	1999982445	19.99982445
8c3911d7f99195be2563339954529a2ce7817e5f1766337433cb78c525949555	2043960533	20.43960533
8c3deb8f1c9d22e1444bb518fa19f50e932de84a3513900f4eaf1cf4c1008c0e	1999997000	19.99997000
8c4ecad813d1b5334a61ce518373d7b16bdda632e7eae5f8a31296f3eda03728	2042286093	20.42286093
8c61126824bc47a4469ca1daa26c2b68f559eda8f2ea72b2ff6644dce8b2bc17	1999992000	19.99992000
8c635427f175ef272ecf89f4549ff4a2f67ca47ea2e3f28d0493f82e0419b47e	2022316000	20.22316000
8c91a94f7fcfdf7d2b0b13e3fe1310552f186756b6296308357ae47cb143a096	1993573006	19.93573006
8c9ea09284c29db41532840bdea7c0249ea92901266de3620a445268df843e71	2000000000	20.00000000
8c9f9d870bd601e7698d27deee84fd919909903e5c8b54f983d8b58f6b18cbce	2009990122	20.09990122
8ca824c5fe149a3cfd1b971faa41e7aab27a52578396ae130e1f386c7015c0ec	2027276068	20.27276068
8caad64a9d4483dcc0745464042c06db65ad8c736f344c7fa182bd867674ecfb	1989736868	19.89736868
8cabfbde9e7af59de57794ca7e0eda8bebaa15ef6ca78d2ead787e2993078e14	2000010000	20.00010000
8cc1c5b64b313d269a449e3f0d0e584b86f73f1e386e105faf58308991ce07d5	2000000000	20.00000000
8cd1aef6a472900380a247f18f08a61acf3f11f0d6a0d644062b4ea8063f701d	2000000000	20.00000000
8cd776bfc2c822a8947d0509c250994188ed0c17a5e70e252cc5a9d7d276ed2b	2003271395	20.03271395
8cf48417875683f627324c5dea173aff19c7711adb70bc4bc552c00018a5f71d	1998759258	19.98759258
8cfaf9dbeb40948afb46ef4f338ef9adf95ae127e1ac87a29b4a6d7d198b71d3	2000000000	20.00000000
8cfb1fa9b906629a6f7929d3f5d0a3fb8ae0360e0f517d3b5229c2c364892ed4	2001000000	20.01000000
8d17bea185e5a9cda04568ffe36aeb3b7b8e56416b2a621abe16722542a51b83	1956200000	19.56200000
8d293a6a0042f5cde75b06b7581f9291b92156429846f30c7b89498d4139cfbd	2024885740	20.24885740
8d315b8c7e357cb8a6f106b384a00c64995d7c15d8967b52577dc9c961c0a190	2045767716	20.45767716
8d4fbc7b8ca6ed81d82ccdd698c37c49007d0b002d4fa2195cc261c0dc1bba8c	2000000000	20.00000000
8d60d8d21debaa06c5de1edb7a2b769a7fbad789ad0219f85d2d2494fe7be532	2013465415	20.13465415
8d688a71d39b65b4889fe9c19337698b7b11b4e23ae5bb8bb2bdabc8791775be	1999907491	19.99907491
8d895ef590574ac54d57b63e33f1e3819d782c3c1a8d0fd5433603c6b3e37936	1975850745	19.75850745
8d8cf97e04adc4d3ef9cd57a9ab06ee5b75a0de6b1911867b8f442beb27916f3	2000000000	20.00000000
8d964410f10d6cbe589cfde83bd9b122c1b8ad876b2c266396f383fa5a413563	1979904800	19.79904800
8dc9e2fcdbd4e7642653603b8b4b290b576120f0514e6b71ac5a9403876cf19c	1958444122	19.58444122
8ddf63d79667763a9157f188beeec0c89175bbddbc97dd02cdaff81efddfc48a	2025067384	20.25067384
8e0a327b81e532b047c067b9594896aa849b4f08732548d76d70300374b3c8cf	2012361399	20.12361399
8e0c2a3cc9b7de1af6b1098f9af7d1066979f83008f01704b97cdd78eaaf8ebf	2009989990	20.09989990
8e1553d602ba7fc6351bb4a518a9866d8dc37dc5825d23f815b11e63ab58cd0a	2000000000	20.00000000
8e20dfa4b8c45dc73ea315cfe794aa65a0a049deffedb4c43754f2e7a5adac63	1996766220	19.96766220
8e390919814cec5d4d0df99fc2675c38259f017afd31253e7dbafe027b42e9b7	2014146764	20.14146764
8e3a72ee001b76c8b81f85703d1c93e72425b07132dd43fafa4c7bdafcc141e8	2045216704	20.45216704
8e4c653046b1ed76e6a553139775602bf298e7a6d3d9847882bc890e582c4d5e	1999548863	19.99548863
8e50882203dfe6af4c562a5217a2aea6e02609833dd7299bce069c62404a117d	1956360426	19.56360426
8e643ee419d03d5060b9e37ffbd90c373dfc1ca7ff1b8e6499fdf0eeef1239bf	2000000000	20.00000000
8e77c4f7f45b533b0b2c6f5f98dda389ded09505849cac71a1dd9a5b41172f63	2025467859	20.25467859
8e7c200d3962ca3fc75092a16c7f374b6b4dbe36734eae2a6c578588e8d37150	1999999720	19.99999720
8e8beb17d276f6940d81b8a03eed5bcd3b01b26397222022acfe99e5a86bda2d	1999999320	19.99999320
8e8cd5c9f9674ffbe5b155cd9f3c1ee525075c7e9aeeb5d750f9623b85276b86	2037500000	20.37500000
8e975738081142a513fc56f657f94548ab1bf5c5b852f7b96823dd4283d4e657	2037391334	20.37391334
8e9c28c5b0fe1a450f63b5a869828d4fc0161237cd5b209f19b424919d20fc3e	2025020431	20.25020431
8eadaca7e93960a4f789c3ffb5e1d76555097de608d90fcfafcd8c8568824d08	1964975215	19.64975215
8eb9fce82fe147671326d6d3d33ad8c5c15dda617621cf6a67f62d3e4c9f33ca	2000000000	20.00000000
8eba2d261394d04142f367c589041d9c3acb1723d69bdf5f4485e059c4a5704a	2000000000	20.00000000
8ec50902335a3c7be4626e0ffa664169e9eeba0dd792089791966347cf217962	1989318303	19.89318303
8ecf48d8d9fceaf17ae018aa5fb1d4931f62ba3f8e9a54a7d8708ca320950252	2001871400	20.01871400
8ed24caeb37f69e7b431d355429c7ce435546b8b0baf70155355535b14abd8be	1999994000	19.99994000
8eedfa6ff77a9b7cf1e8febd0181d8509374ca3da3c605172739d27fd99785b5	2012139787	20.12139787
8ef08e786fc666e1bb4c97914886d3a0e245e7d328b4510602aad90154fdffb1	2000367997	20.00367997
8f0409e2ceea716540009a397da7e248143ab882c7ce19867569b6c14c78f5f5	1996719480	19.96719480
8f067c04695aae26de092d6e810a6f76e4ac6af6a9a6e7540013d86ffcdfa80d	2000001433	20.00001433
8f0c660ce3f7873a9d16d31a63b026470f18a061abd8af1733850509c82c7f0c	2021376000	20.21376000
8f2c960743b7324d218db48233b3b12bc65b123c3db2a75a60d7170d28d0a9bd	2000000600	20.00000600
8f3a62bb6868491a850dcd849a491c10749ad23ce4a6b5007bf12ee5a31dd630	1997966964	19.97966964
8f446eb7a5cd0e3a397767663ffe73c27d0c0cb2395bd65ec5b361248f22ffd2	1982704500	19.82704500
8f5e596d4c90edb2572ee9410b0a1f640fb6299f12cbe015d4eba875b01352c3	2000000000	20.00000000
8f682be7f8e8c60093b28078ac33735968b4c2948344bdbfceaed0c6f649046e	1999997776	19.99997776
8f7516d8eed11a49094be2c500882b58f4018fdbdcfe76c65d0ec2c44e5bdeb3	1970173700	19.70173700
8f8031299718a97b0eb9d5dd8ab341f924d6a24286b437d182f2f2c731d90ffb	2012046046	20.12046046
8fab99182f662113c39e14057049f68475f20f50f7ade65491a4e05c65b5c49d	2000000000	20.00000000
901fa090679e78409053fb8be2160ad03330d5ff199db6e1a3e7f95c5b4e3857	2010000000	20.10000000
9020ff847f1d0f64da938e532e641f643bdecbd7a9b836f2e6e99e67d4c2d5d2	1991134182	19.91134182
903667cffdd9b9a9727fe5739afa513f882baf2fdba766ab9e98a23b4182f776	1999999780	19.99999780
9053181010c460ceaabaa0b3005b4ee5eceebc3732c9df9876fd266cd2da20a5	1976849838	19.76849838
90658d6a4b60ebbf5aa2b3a7f7e0aa50bdff4992505303ce855d7a2698f1349b	2009989197	20.09989197
906aaa749e6936bb4f42f3dcb0976b02b8f6ec582e9297aee4fb4f14b74bdb22	1975481790	19.75481790
908ee6d28fcb0b7faecd51fa7cad236177f32f4d8d494175d4a38398a19796f5	2000000000	20.00000000
90964f543c737edced61dc16253d804ad7df4427170aacefe2806ba09a03b73a	2009989990	20.09989990
90b12cebe533c82f0d066623f0bc8391bafd205b123bdbdb49b03530c585bdf3	2000000000	20.00000000
90d92a11cc334efc903ead02af3115a35588727d1fb48b9eb409e29efc88d9cf	1989950000	19.89950000
90da57d62e7b421a0f85330a8b1452cc80b232d178d78851ad9bcc206a1befb8	2007247380	20.07247380
90db5263ef722dea2fab6f4e835f1eae495aa51b5b7423d9743351fb44fd7156	2000000000	20.00000000
90e3bd6bded5b9dfa30d065fcdcd0d26f1329cd66060ce51ea6712964356b2b4	2023459928	20.23459928
90f36fc54a046fa316a5d17b139feeadcc505a6c9fdd410b04082aa9eb8af80e	2004679468	20.04679468
90f4fa2f436eecb362b927bfb09dee7e937e77c161a19271222d41886429de54	2000000000	20.00000000
911e6bc82435a9f1114a086441889f3b1147ba3082ebc277fa0222eba66344f8	2044337336	20.44337336
912275028be9edebb0accf61900d7dff5ce163baeb469db28f279587ce5af78c	1999500000	19.99500000
914b21bee6122f0cf06b5977314ca92b3068162be7aaf41dfe5f956140174144	1998992428	19.98992428
91509b9fddbcb416b81b2546ecd0968345c64d066ce07f1418ac2c7e7af934cf	2000000000	20.00000000
9159d47a6d37628858b4ae77c1fc5371a05761490cc05c34b4b3fffc1240f9e0	2001317420	20.01317420
9164ae128f1bf22ad503b95794cb085d6f8152b0384274b730cfcd55cd82c671	1999996533	19.99996533
9185bfaf2d401e2a4827b0c377f234299a1886443cea1a1118fd28953e19c09b	2000000000	20.00000000
91a3bff9e98dc9e2d6e9a7ae285154998ff3254119d90c6232285f1c473ea990	2010025963	20.10025963
91a457e58e2c12cb3a2414ebfa88d48c5012a620e9f3ef4b4505693a0da53df1	1972859978	19.72859978
91a83ce7d4c1613b6e4e8c220ebbe745b319aa5b9ea2a55e4a3ee64238723369	2008237221	20.08237221
91b9345359403f5337e39388331485b0fcdfcd27af23a4d22d2dbbb61f1cbe41	1979053380	19.79053380
91ba3c1ac3d02496a3061b8cb0a7a13b1a3c80ae00e0226ae071defe7823cddc	2018000000	20.18000000
91dfb778d1d23b91a8922732eec9fe4963bec2ebb778ff1a4a79251e69b22eb7	2000000000	20.00000000
91e11f7e5adb426b5c72c11eeaf65172fc343bd56a7f303823808af31b1707c3	1962343586	19.62343586
91e4ef395a68102cd41fa325accf75956584d849f0901b1f9e2dcaa945994ef9	1984382228	19.84382228
91e6306da36b07829deda2895c792fef24d73455ab53d971467d959b3c88db4d	2028298100	20.28298100
91f5b40dd60c5cec2366e2676322ca31a3408ee7fbf32131f96b9068132f01b2	1999897900	19.99897900
920cf04713085ec049bfec6418b6a609ad02e0cbaae6098ddc9e59238eb31b0c	1999999000	19.99999000
921bd518d285da0c949689b2f7c2ff708617c67e2f935a8439296390149ff402	1999744223	19.99744223
921fc31ebf391c2e8f9bb668863d668d7a0bde43dc83f3fb23f2c5efeeb20d13	1999899857	19.99899857
92332f50b58bd389d643cb35ebaed81d285db661b98ee300ddc6f03b5083b14e	2000073050	20.00073050
9242466375e51b4c3d285e6d1cd9e7f31e993da32f00a221cd405d7db66225e5	1994988762	19.94988762
925691bdba063e8d51f21ddc896703b50313f3115be4aa33cbbcd1002c46c3cf	2000000000	20.00000000
92872a7a373a0d9300ec3cac0126c710cc3cc40febff622427ce3cb541fb56b7	1999998609	19.99998609
92a59e8660a9d2d73559582d7ab06e0c3ef029af560803ad50a8ec55749ec623	2000000000	20.00000000
92a7559df4e8d8b1a20c36ee2b90a46dd78959019f34b512502dfbed69ad6a6e	2000100000	20.00100000
92abb67d2229d5ab4963c4cbc47572112a12116ea29128a6bae19263a1374ed2	1985030996	19.85030996
92c03bfd08564ecc4faa240e552ede207c9c5e2bfe437862cad8a059e6390c8d	2023744599	20.23744599
92c3af58f135ca8443ac73709d11bed7090ccd65d81f682eca7422420df54316	1988826100	19.88826100
92cbe80e9575860485cd656cf6c033ee28c7cb77fb303e550745b5c332a596f1	1969982600	19.69982600
92ce77d84852bd414b109fa8b88ad96161f6b18799c7e2a28ecc7f65cc22f29d	2000000330	20.00000330
92d5ff16b17953806af70a9d0633d32116fbb9a48da819ece12288903f6d0460	1979038985	19.79038985
92fdf0a24e226e52ed7e56d38a0fff17a17ef01a45e69e89bd3beaf8af796aef	2022316550	20.22316550
9300888f109939ebf9e5f21248022808dc1f481ebb713a5f4c0d666959992030	2024482097	20.24482097
9308523fd8fca41f3fd750da379467e3a8cc4180343066a82eb477dae70d21c3	2000000000	20.00000000
93388415cb05bc21b2a3115426eb76fc7a11a42b1a582de3df2382d86af4aae0	1972514181	19.72514181
933991714572ea3e3e803557d3a5c408c4236f64bfa42aa47ca7736131ae2b5a	2000010000	20.00010000
936bce9346d4bb4a244db7fadf7b7ef8070bbd9b21328a4fd2d8d037ddd444f8	2000000000	20.00000000
93a9ac7719d25d909bd342532e3c6ef4e237f734970f564565622621349ee570	2000000000	20.00000000
93b6cf0fccf5c99db35e408a980c4fdc1f89a29c79f361ef10fadc1f53a11af3	1966783157	19.66783157
93b9803ec0e615f5793780c185d033255346f14dc3157ca788b49ad950ad6451	2000000000	20.00000000
93e0aef9c3e71ecbbcaf4d58b9853972a3137f6f70c44f6eb66d2dd17ee1a448	1999964322	19.99964322
93f4ab779552d68a686b6e2362c167f0d2c777d9162178a55688bd5d842d7b8b	2000000000	20.00000000
93f8b51b4a40d56c887720740e1d36a8a185c264b8007f99f009a467c702cca6	2000096877	20.00096877
94042af435ef6122228ed78a7bf720281494044d4c08c43fc0f4a37b21fcc10e	1999999780	19.99999780
94232fa48abdf1ce79f2e7181323fd4a599c1543fdf0b1a4375531ff76dca802	1999999780	19.99999780
942675023998993754b2d5e38a0c14d55e88b828c6c8a73e6542b765da85e1da	2000000000	20.00000000
943066e5b64de3dcde4c0518649b30e4f8123d722487a9ce0510034ffcc42573	1960106060	19.60106060
94545f91515fd45a4bfdaf44e41b60a8350b3adeec7196c345935fa2d76fbe8a	2035989229	20.35989229
945cb38f67d2f0292655d43b01509ff51383c9e1958a181f2eb24c365664e0d3	1954855724	19.54855724
9488afe8b7f3d75894ea9adf50732792797d5f65eb13a49f95f3c41d346656d2	2000000000	20.00000000
9496ce160265e908d088dd164b46f11dcc23821119cbd017989782e5320891b7	2000000000	20.00000000
94a775e78882339ba1ce482e216514be94d9808a2a186c60baddc1319d7efbbc	2008945761	20.08945761
94af793e63b02fef9bfb87942eae8c9506a41bb4eb44aa1666c59d5429140da6	2010000000	20.10000000
94b0bfebecd8178e55d0249c84f059ae5cde4d0ad8d72d339bf593a89828ac0d	1959243551	19.59243551
94bd6cb1afe761b3a30f0c20e069e8aef704f67e1ca87fd42b7dfae59421e835	2031372764	20.31372764
94d18f77935d59fb61b4446bbac418b1d74079a53dc8d865645a368d2b062170	2010838201	20.10838201
94ee50686e5e67b41f2ea6b057b1b1e23e425dfd990879650266e01f54dc3400	1999989730	19.99989730
950c835e9b74c1f27e2e26985626e7a5ed19ea2ee127a6db4e184126e77f0fb7	1999984556	19.99984556
951ced184f736d465a022bd085eb8bd309c4e66c09d72492da4cb1fbe5f5d863	2001000000	20.01000000
95269a610ebfd5ffc99961abaee86d02664ff04270b23b7454c549ddad0bc5c1	1992735048	19.92735048
954b59d929d2dad35d7e064e7d29235c3cd6e5cf4050276bbb54c1e2184927d3	2000000000	20.00000000
957466e7a3dd5f60681c88350e3558969fa42e44565723114df12333dcd59a53	2010129373	20.10129373
959161241f5a929ce0f727d6ff99b71440837b8e91c1b8eb7cbac76e1ec9863c	1989898848	19.89898848
959167afaa08f3a60f97f692f76efad1e82a35345f7032f131b7467d905f3553	2000000000	20.00000000
95b4081d349fbe1d5ffdf290a477f645260f466aa31bd9bd092985738ad6fc3a	1994941108	19.94941108
95cb7c8aaef9e1ca0e0619dbdb805ecc182b25f96a5a73506f15b817fc4eebfb	2007341021	20.07341021
95e72a9ccfc2c0ab06507c5578c212d5905063579c2ffc3258a1f768213eecba	2000263079	20.00263079
95ea89bb0973f808a4af9a137191682a77e1e9d98740a665a34630e6ff6d40c3	2000000000	20.00000000
95fbc639c8574299bcdebd470c5733985da0a0bbe9e1fc54cc2890407e511ac8	1999961590	19.99961590
9606862f82a1608412c81f3c4c29c0a64141d11e4e530cdc90e0a96586436e8c	1971917000	19.71917000
961657464425b98a4edf5b8b41fabf85b383c38d378b970da90e17a9ae36b01c	1991000000	19.91000000
9625a45f83230021aeb235c7cda661ca504a823085e2f2c6c4faf2860a41a57f	2000000000	20.00000000
96286f12ad2694ae28a7b9163bb6fa77a242336ab7999f38a1bcd6c580fdda5b	2002645791	20.02645791
9636744f198bd5c02b7c48af13668e8d96d716dd5b92ec3c39506bb220da3020	2000000000	20.00000000
963c89cdf56bcd82197ab8084bc5b0cb682da8a3aceb2fe561493a6ec2a89259	2000000000	20.00000000
965974658405244eb1bdec39c9c7e6f5960b50a56c1a49948571b04c6e868262	2004416914	20.04416914
9661e0393bba59365750722e30f43b3a590d4fabb1cb7ab8b692570f7fc80259	2000000000	20.00000000
966a604c99ead1b260baa05c2d76c36e52f9e6f1214f8baea1ee985df539512e	2000000000	20.00000000
96aafb5ee98c8a443b49adea59df6ab078d4c622deb2757daaaff115e524729d	2000000000	20.00000000
96abcbcd07a9a4167c3d8b09bf09365d15e8ed26a89fb263ee0f48b36850cd9e	1957384645	19.57384645
96d24f766a27bcde4511692c8539122ee725528a5c616eac4535badcd7a43de1	2000029000	20.00029000
96df9ebed1b5bbb276bdfe85d02963bdb7b69333045b0a9508df94bfdb4726ec	2000000000	20.00000000
972c470d4add0269bda1a0ef39336a350d495740a42585dc31a6f8994c7c8fde	1999998680	19.99998680
973dfc90bbaa45ca1446b07fdfcb376f1e1c64c3a41f44a6625fe85c18e02efd	2000000000	20.00000000
97636f6650c7b73521aecd7f65dcaadc7b747d8e409ae9a97fdc04b16824cef9	1999981322	19.99981322
9771338638bd6d752118a571f94fa474775c1a7b9a8e18fe5f58aa95cfa935af	2000000000	20.00000000
97827d70b169b5c2c6f29ffcd0b784eed6f7d905600858387c991cc2f5c16cda	2000000000	20.00000000
978a99f4a649e88efb560ecf6af7b6cf8ca8ef9059389cec68c313f7c8949fba	1999999780	19.99999780
979a57d37f12321f62a4e989af775dcd54acb362440a0ec2590ecbcb9a055e98	2032707932	20.32707932
97a27d654a5e566100c951ad3fb82574a3b73420cfda15ab8c57a5f61965d380	2000001434	20.00001434
97a6d399808580e001e77a5ec19313e24c0fe66a8f58960811f5f86239204927	2000000000	20.00000000
97ac0d91d4a6480e754510f5062867e50abdf1a7ec19bb41dbf9d97096f399e9	2004003565	20.04003565
97d52eaa0d3da7e5a036af685214ca8e9373a7d308846012c416b7ad3a05c6fa	1989888880	19.89888880
97eb774f71b1fae3794bde6249b39e3f06389c581810d6cdfd324dd232253106	2000000000	20.00000000
97f55b220373f6008aa93c2c466f1af534d03265ebed5b223c06344f6ff53962	1972564750	19.72564750
97f6512934aef5fb82fd7cf5f0ef35542c4b485c742582be599c71c827d2366f	2009989990	20.09989990
97f69793a038d2ec5ae39e533249aeb0196f2f591fa2d57735ab4dfae82176e3	2001929583	20.01929583
9802d3db72885950b80276adac4f17e171bcc7531efbe877e2d6ae6d379d201d	2000000000	20.00000000
981412430d693268efe4d6afac43371c711e1663cf3d53dc4d87709dcfb1ffea	2031435746	20.31435746
981c7cf216b07c480a96747c304924f3cc9573ddb69eb88bfb3aa51f684d3533	1998100227	19.98100227
982526feebb7d49dae3d4694ac4bee5b07d45b32943597158009f2ec1e61ec6c	1999900000	19.99900000
983ea8747e3863fdf4fb5eac180c0033f2c867f9eb633f5e9506c9b51c7b38a1	2012854730	20.12854730
98499675f7be7be0b1c38dcb4436f107d2b205b3ce180225e56414a935a9b311	2000000000	20.00000000
985603eada8d21f660c0e04c96dcf81e58191d21497c46077cd90b8ee52f156f	1990000057	19.90000057
98630a47f9ef2d7bef56074307f4f4650b418a2b870d56b0cf6c9861faedbd32	1999999769	19.99999769
987e2c526736422c81d286444d5faaaf836d9f515efe631c54d71eeafcb6533f	2002857577	20.02857577
987f8ed54587fef7779567b46706311cb711dc3a33790e22da92b65e1a396e36	1999395229	19.99395229
98b2179dc1095532811ae79db008faf756131ff70f32bd209dd1742464ec7589	2030000000	20.30000000
98b7a93922cc39bda2036484c4cbac6661f0d70fd30900ecfbb325bd662e4c85	2048115230	20.48115230
98b9b1a3daf9989844d89f68dcb3bd0b4a1ab10ec78a682958b2a7c1b77621d4	2002799192	20.02799192
98bf37aa441f14ff3b607b57fa040c2c89ae5135f7a47115a19929e0918f7072	2000000000	20.00000000
98d7979ae405e345085e141208e7f1f6fb9c4768b922d8f7b15c9d165bc4f2ba	2010000000	20.10000000
98e287172e6bff2da8cf1b82e899200b25663a1751e3afa4ecaf9cd2fb458022	2000000700	20.00000700
98e2eeedc2d3a0ec60c7cde88cac776d44c5c40aad81e23ee1723b5c115e6da8	2001000000	20.01000000
98eb121b3d80a3bd37f110b3668d041f3e712673905e73b9f67c4843c8787875	2019302845	20.19302845
99005f24d29a0506c8d2b9af174faee99cc1ee4fcc9b96ecc75012fa4c2b2afb	2000000000	20.00000000
990658b7110c5bb2348825dbadfee9a4ae9f5c0cbb251c31a1b595f496847f5f	1996993455	19.96993455
990fe4175c5c4e08e6ce609a6683ad7bb7d17c71349ae07c4e2acfd3387e7912	1998558096	19.98558096
99127c36fc46b3148ac656b378df6953eef6adfba496280a873e5b6f9ffcb13f	2000000000	20.00000000
99204e7c9c140dc8500fc7aa43941ca33d87d0d263776a35579f0326c436802e	1990203961	19.90203961
993194638c77a8f9d6e65cf35261a70b9558c4592631eaa58f331423a2a21031	2015000000	20.15000000
9933007f40b8deafd169f12d06e02d475bd46b249fa783ce602f6fc4bfe5efad	2037001605	20.37001605
99383c607304d2b2e16d00d13ce5db0139cc1793a51b8d43fdc965d56753b434	2011327663	20.11327663
9944e583141e7084b4c885527229d8d5e547480ea6c93b4e8d5cb60cc9112353	1974190947	19.74190947
9946e8945fcb953e4cc5fe3b803fef5fe4e633fa3c8313e6934f15e3260d4121	2000000000	20.00000000
994758ad089db8e1bd493b24fc7e86bb4616b94401c5c833943902998eeca0f8	2000000000	20.00000000
9965983fa7061f5747333c5916644fb8d8a44ed4197d22fc9f6cacf275780578	1999966470	19.99966470
9965eeeac524bf5edfbc838fac75f5f46c08ed9fbd2f20efb5c92bb2389fd4a5	2006942000	20.06942000
9974f7e9b81830775a470d9b72375ee7e337860f94f566af63c72ba76a06fa21	2005791443	20.05791443
9975b82542bfe95bfda96beed022a4a2927744090e76a2315e8a0aefee995a76	1965803000	19.65803000
9975ce3ee4148197bbeb9a930af3fc6b36fa18961658bb61f1be234cada5d430	2000000000	20.00000000
997e18d15f8a08a6812d734e6adcbd0c37e306e157971e85b86424c4637924c8	2025747813	20.25747813
999ea003e8ee20cd8d3d7e7b0a932c7ed1a4ac729d7f9208a240d6fa0e1cd62d	1954669576	19.54669576
99a1f9d5b08cdba7757fe1732efc538093092b636913c27420f8468048176b54	1964987809	19.64987809
99ac8ddf7cc6fb0ef20a52af67ae290952f03cd17cfffb2b1d853fb76ec2505b	2049967261	20.49967261
99ad08c668c405e9d316e2a6b830d30b1f9e503b5e5e7468704a38b39778fe96	1964360000	19.64360000
99f53d76c33a3db80cafed496bac2f2bdcaf406d858442750bbe2c6f379038d5	2015595822	20.15595822
9a267fcde954f52f645ba571c12032ddf6047832ffd7f27014b11da6e371a4df	2049506932	20.49506932
9a40c60cdb8a5d3e88334487b31e11b477cf59557e4fea46ad4a2e1058de8f4b	1999997800	19.99997800
9a44303dd99947698da182b8f2672786270a146d4f90f3a495b2b9ce398c8712	1984077104	19.84077104
9a650afca96aa0773314deb25ebcb190b521f963c03605e8d57c006392cb685c	1999977847	19.99977847
9a884fa8015a4c38043a8b1a2cd5ea28b4b52978de2b3e6ae531b852dd060369	2046057295	20.46057295
9ab6ae745b917dc6a98900368cbeece657a29479f56f4aa3e12d67bb66d75885	2000492759	20.00492759
9afc6853eb9506b9a002c671a287a9f69c67ad01dbf13597b39c0e56268471e9	2000000000	20.00000000
9afded6a3a412319ef678222ec35c98cea1a8129a07ec5638a4dc7ba57faf2c7	1986982073	19.86982073
9b01ba6bcee5b6885dd1ef4f8098a0e017ad9cde83582079567b8dadaf0984e8	1999992289	19.99992289
9b08043485e0a09b1cf554d522156e8e4569af783acc2530dd61c067b26fdf6e	1999275878	19.99275878
9b2b332c65c23ab2684b0b44c1aaf7204a59eda5c69e8c77e949e61908839988	1999953698	19.99953698
9b2e504deef841cb50a2fc42ac489252cc17b72be960e59ad301f6600f957f54	2018998594	20.18998594
9b3101913d2bebdbec1cd39ef2d7e29f4e560cd9a5960f94b526c8124ee680d9	1974302416	19.74302416
9b3b1e9d07133fc634c2176d01b94617e21861b1d41a0fc51a9b860d9d172a70	1978576379	19.78576379
9b3dde6e736ed48d3a9f2efd6bb8ad8d0c5e53b3388022bd29d64548f8098817	2049389000	20.49389000
9b4953e7c2a0ccbe93e777d35b421892be36faf1a7f7dc0524c3b2531f51804d	2000000000	20.00000000
9bb63499541b9addb4c9931801e1501d99a650a68d761ce27ef4876aa2fde33c	1992966532	19.92966532
9bc338bb3f605ae3b104b2a5a50a4112229d35d1c24fc0e0508cac8ed7b4f570	1999939922	19.99939922
9bdc4888b2d5fc58f85f070c3454af26c5fb82301d0845afec39c6d86e92a434	1962134271	19.62134271
9bde445cccfcdfea7de803e09db01e6cb5f9a3237d87ada04d5d3882dc1671d8	1968306765	19.68306765
9be58e44e3e1429c56a2a22ba2dc4741306bf1205dc0bb4606cc0fd7cb6bac6b	2000017598	20.00017598
9c03e6905fe60a070f7acf59654acb963fb06eebc22e01ad50d80cafb921457b	1999998945	19.99998945
9c28ec296815345901b109757e1e4baff908a7cd964fd63947247eb90b989496	2019402472	20.19402472
9c57d5bd01763ad9d75e82a441ba82ba59e813999bdb818f60349c3100aaa053	2040000000	20.40000000
9c637f88f176a5e427ad131cfd4901d59f085308c5bb173bd1ff1874a270942a	1996719480	19.96719480
9c938f30e823fe349b5e32f53b86978aba249a9ec20581388db56bfb0e6c2b60	2000000000	20.00000000
9caa523c728c7aaf731a42cbcbc17c8120b7f3e79a8b6941d88677a9893bfc73	2002250542	20.02250542
9cb0a83b10e7c71c19a347746a96ea60ff589095467b13a1a44aeeb80f5138f6	2023012066	20.23012066
9cf302b551a524ceabcaf0ba7f7bf15fbf9c9144ace7603f881fa81ba483b86d	2015429754	20.15429754
9d13c833e2754019cde6d7f962be24b18a9361bb09ce49a225fa7246be3ebcc3	2025837402	20.25837402
9d2305e174de10395561724980905f83b03c668746d089b542bd16d575910386	1957562627	19.57562627
9d349c05c75ab180fc762876850e15b949248cf4b376b7e03d08c5d03f3d181b	1994368148	19.94368148
9d3eed0cf2370bf00393e8c9bbdb085a64e2f7f6fd38d389bba43ce357fdd20a	2000000000	20.00000000
9d409ae576722c15b561323e5a5da8d2a73f0b41a060061bb1263a2ffb0dbf26	2000000000	20.00000000
9d5beadf6f256e8730626c0dbc8e02ee111af917bf58696a9509b6b47309c58e	2000000000	20.00000000
9d6ee99a5d80012be95161d7d0f1a67c3414152961bfce48cc55573b4e454d2f	1988555458	19.88555458
9d81885a332926a098c9055e67f876f3ba5c0d7f4a0f26bd30a0f0d4889ba3b5	2009990001	20.09990001
9d85fc76f4a67655743168b51f22c4fd4b85b24797e4b39b356a46b219eb7d1b	2000000000	20.00000000
9d9070995cd12bbf0307030c92d0856e1cc93fed3ca452cb46534546a46502fc	2001000000	20.01000000
9da5783a39bed5ff966f075b8d9b9369cd48f4369e8242206be82506ef1e3449	2000029000	20.00029000
9daaf606754938f6363bbe1efd6e1693bcdbd0758c7944d74de600058774639b	2000000000	20.00000000
9dae09335c8be58129b1c2ed58d2ca00535d9d912f52e145bde5515358812d69	1968593594	19.68593594
9db339c208dfde79cbc5fe0b5e5edca0069ef383d6517a4fed5faedf1617cff4	1956920351	19.56920351
9dc796ce2449b3a686d90658439750135a9dc47198accc4acbdb47f7188d91ab	2034930870	20.34930870
9dc7c7bf317f0838d10c5c983098d76c861642c703f006fd27742eba849627aa	1999977000	19.99977000
9dd69496c93633959d2715f639b295927226c2c80fcecb9c72bf30d8b67069bf	2048624536	20.48624536
9de02472b87fab56b7c13ba1509b3d9ff6c04a6edd7b680acf4d635f197d137c	2000000000	20.00000000
9df964dd444db7483c317bbc007866af152b9080806c5dfee2ee95ad85125d70	2000999247	20.00999247
9e02fd8b9764ee4d153b7da3d6a63b6124cdcb4fab3d5de10dcb7cf53a47f13d	1950361720	19.50361720
9e1d75d077b30ec7ee831b504482de74474f77db4078249f1f44f565bc68df28	1986253808	19.86253808
9e2d7df5cb119dd0ae1d29b7b446089e7d430ea1b0632a869665474876a572aa	2027818385	20.27818385
9e46eebee0528d2fec27a6815589020755f2b6867cfa2f43af3e3c3e1c58366c	2000000000	20.00000000
9e773d4451d11ca6f87a55f8279fa808876189b86dd433e58ff329efc48cdcfd	2000000000	20.00000000
9e9454fd8783d130bb0992cd5b90a7906618f699c045e933c90db5ac400d352e	2039315568	20.39315568
9e94793092fc2428bad477c783b93aa40099432f428b42281a038970d880e7ff	2041278889	20.41278889
9e960428e86549c0fc3eefda1c24051ae79a8dbea79d3a72d37621251bea45bb	2016121000	20.16121000
9ea964e98364a54c1cd9e405dbbca583fda21e7eaecd9b12ac940e641b7135f1	2003869541	20.03869541
9eb885733a1fe44430aaf5441a45f0f448a1538610f183b01404abdb6f85fc1b	2000000330	20.00000330
9ebf59370afed61d48a88e8352d18ab1299b02a51f731752af9ff4b1bba8c04e	2010614800	20.10614800
9ec33df36702b86e04163c6f341c951aeca3f52991ca0db393b79d16e1705a20	2005500000	20.05500000
9ecfa1ab1c2d49e11ee02df12ac9392461db91df2dc7385f4ee18a72c23db155	2000000000	20.00000000
9ee010464ced50c99051178555d9674dc02d273280039341843d0cab4acfcb85	2000100000	20.00100000
9ef8fcddd362c0b2f9ea930729320c657424e1d9a241ce2d58d5e3c645123e84	1999990000	19.99990000
9f051d8b77b000f58fcceec543b51707135d3140cabd3707fd944f4e18a3154b	2000029000	20.00029000
9f0772c75fb750babbff3762ade3f2567aee2abb818c5e63308a625f3ae0c92a	1999943000	19.99943000
9f0929fc1b66c52d8f371bb1b7ed90745e8cd6b6374ad24441fccfdc29404955	2000000000	20.00000000
9f27418369dcb3125076c89cd0a78addbbbf9c1153d336de8859d0765f1803a9	2000500000	20.00500000
9f49272b0d812f3d29ade12e56651dc9845363c0c1ffa70a330e4eadafc09757	1999998823	19.99998823
9f5a53a10e189a3bb3c7853f88b1ab689a0d8c4c2919b3b560693f1a7b664623	2000123871	20.00123871
9f7370032eda6aafd1cbb9b420fd196918e624f66d8b83e843f130c3eea77c4b	1999962634	19.99962634
9f832a1db609dbccb4e61ff806d94637e843f81be1cf0fdb4815a9c50d0e1e19	2013233222	20.13233222
9fa7782a441701a87f3a2e2ec61b8041d662ec0b2d5f42020d2ece90c724d9a3	2000007532	20.00007532
9fae5368091909ea027b6aeea32e23e4e59feca462856f0d182d6c2886266d96	2000033570	20.00033570
9fd757cde6b82d025843abd3f262444ff17fc914c4bf7f60e16b6dde467d4e31	2010000000	20.10000000
a0057200ede1401e3b3c8be2ea6f7d665d35e4792510940d6adf49a6ff562616	2009299166	20.09299166
a00e9c9e007132be4e92677c49f071b5e263f956d2c4912a5926e8bb0bfeb15f	2000000000	20.00000000
a021a78bd54b91221af915586da3e460a3af1d67a5cc05b6957c956a451bff28	2000000000	20.00000000
a038b4abfd97869212502aed603be99a3b7762d9710355a704e6fea7c030b814	1987722335	19.87722335
a03ff5a212df84c060d37fdcb44bf05e48a207da2403881bf276371da6152e09	2000000000	20.00000000
a063b43aea48422ffaf0e163bd5495f92cb80ed15648f5279e7e1b0db02f92f9	1999997957	19.99997957
a06eef1ac4f26479514eba97b8c7ab443e05f968b72f12d9931f9cb7e9f87980	1999997000	19.99997000
a0771350d4647f39a152cc8a5d295ce52a1676c14e3d85d1ed1a5657c2a7377c	1999987526	19.99987526
a0977db17a876df5832f00cd01e01f2f5b6a8ceaffd388d6ece6ee3e7d8b98b8	1999995004	19.99995004
a098ae3cb4c3af02b0eae5b4ea31b4cde490c882704653560f4d5a019ae2a303	1998394175	19.98394175
a0a7d90046b85c6b85ac047cc14aa457901f1a7f9a8f5a43567a42059b10f11e	2000248422	20.00248422
a0b5220f8074b0d55a527820943169baf6b00cc176d286850f10144c2c37390d	1999999956	19.99999956
a0b9031f2134fab75211823b65b3011569d72bd049064fc7f295c7433ab72a43	1999891035	19.99891035
a0c08ebab9a995f5b4f09fe941094000c1f5b2fac5f40a7c9945906f0e7ca123	2037335695	20.37335695
a0cf2a30d9e0339138af93e984aaed38213ae6df30be3c138e4fe6cc1414c515	1999970624	19.99970624
a0f48f53d1905f0de59751d768084791108f666b8645d8c0acefa482c0d93959	2000030000	20.00030000
a11a593f75c95806d52333e39dff8184f17edfd703a2171547fef65cc960aa49	2000000600	20.00000600
a11d542b542a060df82b0ef516642475fd1b5c91a97b4ee2ebd3a347766347b3	2012868848	20.12868848
a12306c577dced4af3ed63900ba73980d92eb77cd43158b705730b925c4006c3	2047128000	20.47128000
a129e7d68e3e6652b03267d6c8189f667e0ca5538bdaa5e0951bf4cd28e8d7f1	1999998978	19.99998978
a160da1848b2af1eac948e20ca54f8c2a2ca15748e40565ada646bf6007e3259	2046729667	20.46729667
a1931c81bc7ebb4fedd86da11502f967fd508af26e941b6aba7c0b3268657634	1989000000	19.89000000
a193eb1c07c55a4b15e06a3e0ae52db18bbe4b533cd0104e36a71e34d88ec8de	1999998500	19.99998500
a1a7c59fc1326cbcead65bb90f0cfe62e05a4604bafb4192e2f344c7bd1af910	1950000000	19.50000000
a1c549cc7eb02c2e7e4bf4233c1a0c01d47f5668c767dd2a827622deca011514	2006811276	20.06811276
a1fcc3f2a95bf3de51722de25ce0ff4c13f8e44d62f69f0efd444fbe13f8f47b	2004511385	20.04511385
a20c0d988abaefe708044af246358c05297fd4df0265f91715732dcb4e3944ac	1999997014	19.99997014
a239b591f6a1f31669813c0f3c4819da932be1dc07bc3d4fe13cb5679ef00fa2	2000000000	20.00000000
a24a409476bd228a794b3972e7db2bd815767c484b8cc8ffd924ee01758fc6a8	1999999000	19.99999000
a271f13d24e34403085685c0dcc75cae68adbdd9538656f171be548ceeede53f	2000000000	20.00000000
a279087a6bdb0b089f74f83ee73079bd608a619b71c954dfac69cc55c0a810d7	2030670923	20.30670923
a28adf6c05d4414ff310265b821effa59afb5125fcd5f37c84622d73d6907dc4	2000000000	20.00000000
a29b32bf692fd6f8b165ed40e57765043e9bf1bff9b8093a7e656fc423499e21	1998220818	19.98220818
a2b406cb3a5e2052e8d072456d9b586a1227c5518ad7005054c64bcf6cc316b9	1998971396	19.98971396
a2e1b58262a8915f0bf73a3b9a93fd622894f043e8ffdfcc78f6f6f71afc16a1	2006574400	20.06574400
a300b5be9386cb15c4541fb819ba26b74d03139d2ad52a3f8ab9e687ca817017	2049499442	20.49499442
a30750d59335bb3be97e454c2059bdfbe964579cbc54fc04609d77de9f04463a	2000000000	20.00000000
a317ebe49e4184ab30e0525d66c4b47f510b7da5d2c15d57d201ee5e9f04fce8	2020494639	20.20494639
a32782c12113690d73e4878f11fd693ef9126f7250438fe520210e8afa56d1ec	2014159042	20.14159042
a3317c0bc4ef344e17138cd6e835e0eeb772f35aae2f1d28e2bb34d5b44d318d	1982646400	19.82646400
a33ab1b887a5983f450fb8baf7c6eeae94b89a1fbcd4dc30300e0306d127dba0	1999950000	19.99950000
a34460b7d6931be341bdf6de35ff09ead1e12a6626bd1bb854e0b711082d9093	2015308519	20.15308519
a357c585888c63849f9104667c6268dc165c742c58430a1515fb01096bca6b08	2001000000	20.01000000
a36385047bdc9c99fe9ddf0bea8c3a96c866cb1d6165d690641a206bafc84da1	1999999776	19.99999776
a365d88f0c0d630e97551267ee573324479f4b4881d9c94262d08ee1a8bc792f	1958303376	19.58303376
a3898919e0e2b1c40eae71d019846f93c8b8f55eadd093f65a1f27ff7fcfb042	2013415135	20.13415135
a398a6fae9fad9004c69ea74c43ac8fa088496eb8a802a3069a8e5ae4b6c2bc9	2000000000	20.00000000
a3a2bcebeae54ccac839f8e8987c903da655dad1a4999f93b71bf22942924dec	1999999169	19.99999169
a3bc64170909e3dd2108e3155369389bed4f638578a972daed93c4fd4e3a46e8	2000000000	20.00000000
a3cf87af5a35885bc7ccac1ab495c6705690a2c8b4ae69669359b080827b9d6c	2000000714	20.00000714
a3f99832b7716946b390763e2afc6d5706207f106ef01e758686286ec83efb0a	1999990905	19.99990905
a40120dcf82e803657f0dad18428b077f45f1ac3126f217eda6a773ec3dac913	2000300000	20.00300000
a41f31960e963710868a4b0e5b3a05231a44c20270e8d5b28570cd0e4d82af37	1996758090	19.96758090
a41f5244553dad86d2d6271dc09d49004b385e47bc32f735bb575eaa9bb26699	2008208500	20.08208500
a445f62bf07fa8c61eff695fb19dcfb582d9aabcf2c3b668d3cad1e6bc29a77b	2001565947	20.01565947
a449efdfd94c54bcb0d3d4396c7c3fb179f75b3ae7dd9da5e7f73ed47f0a27df	2000001000	20.00001000
a466f1d949b13a34bcfcfd93359eddcc538cf64ce1ad9663579ff137e55b2706	1950881303	19.50881303
a4726618e415e5ad473ff94220ad97b8a7762007795d2f43d6cc16c54d81c98b	1966695246	19.66695246
a47c72c48253faa00a2080e9d8f6e852112678a4824c1765e7b219c17abe4f01	2000017066	20.00017066
a47dcbc716ad34a84eb8d4ae51a06d683d5e3bcdaaf347779b73324a05657f38	2009989330	20.09989330
a48064c89c7847d29eb4eecce3a3a21c123f4b532f47bfa5108567c0b5f2dc01	2000000000	20.00000000
a48adbe80e7301d4eff89b303d34d848f6be1496a5965caf8bc5fae8b2c373c4	2009990001	20.09990001
a494d62e0a16e8fe0dc336e2b0698f87ea0c5e1f8b8a9a345e4d8b5f52eff452	1999000000	19.99000000
a49a2b574a300a51804a851288541a61c5eb5c1c07c56ff14ffa3c315935d82e	2015024859	20.15024859
a4d8d57761adffcdd9b3b1536eaa05d14bc2c749ba54cb5d7adc1c55ecf4e3d3	2020090576	20.20090576
a506722e6f8261296503305aced411df6174bdefdd000e3c04881f47c6b143a1	2000000453	20.00000453
a50dc14ba8baa750cafbe7c64fc7c1c61ff6f7ee2988c8c443b2e14bcddc5076	2030520000	20.30520000
a51ffb936d586db1184578db958cf4eba85d822912623b2100df08891f8c3917	2009990001	20.09990001
a5336b92377bc480b2ae7f240262b20f9aa3f427e0a46405f2a87fb9cadeff49	2000000000	20.00000000
a53f95315680511238ae95afd6604db59c1a9471cc71c2c505a4db94d8b7cd9e	1964718834	19.64718834
a53fcd3d36e602cff1315b16c7f2162bd0a1264d830bcabee526ff4a503717eb	1999971608	19.99971608
a54006dd7709e7c3931e5f1a57b67e75c7aaa9f7b54a98142cc29980b4770347	1999899174	19.99899174
a55aecad03546f20b1828e68a7acedcb5f7693bde1036e410c6817965aa22442	2009990001	20.09990001
a583c9e3d38a6e5542040d005a4ff571c5c720d7e9ff06943ed540b14f1b0684	1952807239	19.52807239
a588836bfdb7052f96a10a44249d35b5cdbbdffa5543a9c0838284b7a4bb508a	1999997000	19.99997000
a58fe8b151a348ab02634b9e3482881fc6f134bf26ace1729395b2143b4da54b	2001200763	20.01200763
a5989e3bfeb3829903251261ed2aa03661a8e427c6ca82fa59428536e8a5f6c5	1999980603	19.99980603
a59992a7f8841aff936b8037847d208ccdd73b98c96558ae3f4f93595bfa1c2f	2000000000	20.00000000
a59b7839d05e2122a2cd8c1f03b6b380730bc9d1f80b6a02f06ac91757eea790	2000000000	20.00000000
a5ab6bcb207e6202ee9a8673eb43983a1be3d3f60a8efe52fe7896907b095bd4	2000014554	20.00014554
a5acade768c4117385ce39fa4bba173053f18fed4031c08bd6cc75cf9b472496	2000000000	20.00000000
a5b3f3462727d64699aef957fa61be1bc4c6adab194335c7e1d6a65a479cbd02	2001332371	20.01332371
a5cc62dbd55395b06e7b222faf989b456fd3b91868dd482e2f08a575abe06358	1996695200	19.96695200
a5dc7caa7294b424a6fe02c5c1011c29036b7ea13b9e1788c982ea6d921b103e	2003948456	20.03948456
a5dd1c117d71d3c7cbf69e6f4379fd4070909e423abca071eb0d55866758d25b	1997533001	19.97533001
a5e2fefa4f5c33c5b2c0443d7de1dfd10d42d2118234a4ab0b8eb60a46d81b1a	2038075124	20.38075124
a63e2ee18a146e7ce591c076fae19663e22fc6a8aca54846dbfea9d29a4d6b59	1999999823	19.99999823
a6569161c34fcca88460ff12758e3b00e5aff5ac52a5b8d4b07a8c54efde4f41	2000000000	20.00000000
a668c7aa20c60cbf5996358061f229104e847d5876aa8b3ce9d23a474be76153	2000000000	20.00000000
a69daf9ee3b83a9c1d5b0ef7bda7afc53f1bcb86a65b36c61d4625770938c615	2000005000	20.00005000
a6e29f2c54fedceb557f236c2b1ab9cf594260f600352f6f8442e9d1378666cf	1999120000	19.99120000
a6e7cad4ece686adaacaef7095cb2001e8c110c011d779b1ced3000f70e34a01	1996747920	19.96747920
a6ede5e221183cda2a8596fc4a1230dd96d895edd009d370e0e1913baf2cd060	2009990419	20.09990419
a70f5ed477ccc8680e48db3e18b9527b1bf06fa848a0770293d739aa8650b23d	2036251703	20.36251703
a710885b0e1ea773564bb2c560c34c56b4212430dde8a3abdc5ccb8172116917	2020324851	20.20324851
a722eeb7738aad2daf2781a9794253fa40aedb0c92dce94258fcca9d5402c6ad	2000000000	20.00000000
a728f97521154678600eef88ce63e2f4d3b42a26a5a4aa39c3edd2cbc5ace694	1999954591	19.99954591
a72c825301e4670c069a3da4ce358b31bc7cab63a119fa52449ba16a2f0afd9f	1999855191	19.99855191
a74a2ad869bd0f442cce80c126fb13ca2d2c7187af64332cc08db4ef2a4b8afc	2040042045	20.40042045
a75522eb64c473f8d1edd25c451cafb5a1b006e2ada33d9ae87e5bfd81870aea	1971401303	19.71401303
a76145326721b0dae18f6731df9a3371fe7f5860427081f381efc16e6ea52f7e	2007995568	20.07995568
a76dadf615ba279f00c0b7000693abcd7d360d6383ceb6366e62e9dbd991d194	2000000000	20.00000000
a77714034221959126423ddb682eecb81450431a68aef236bd3298b7c09e5b57	2039594366	20.39594366
a7b8f2ac72730419bec640201db84df2fbb1428bd06b8eb869f7f2313cc5e11a	2000000000	20.00000000
a811dacdcc507751d12614e81141c49ed324d10cf6378631edff937a05dfa25e	2019532668	20.19532668
a83c75f5da4ea5a421963c347d8d5451f6d3acd94612d6f0907c0736617ed7dc	2035996000	20.35996000
a8658d51c9b496008d1e168625132a16b4c71a3b3c8d56d11d90f21a4375d68d	2000000000	20.00000000
a87a39b25e683710402af36c87b707423c2dfc9ee9b8a302249e721400ab8a6a	2006253674	20.06253674
a87f6268ba6b8d65d33ebd9bde5ba458eb2a9ed60d5858062486de312903113a	2000281841	20.00281841
a8842d701605e90477985953b1f71d2a0b9b430edf05bbe116e81bf4ef1ab783	2009990419	20.09990419
a8894b5e2193987871df7d5c6abcdf5728a8d0997a5efc98ee98564780381abb	2000000000	20.00000000
a88976af4c640226add83bda8d7d107abd4cb7107eb8f4eb599bd1ff8e493ee2	2000019716	20.00019716
a88aa1c46610f01a6a2e6fde44270b547d4e4c291b61f82e45d067a5709a5b0c	1964692188	19.64692188
a8b6f770efdaf15878abcb30e43f9ab92a3aa1d7e672d78fca95ea6ca60919b4	1984996282	19.84996282
a8e6166ab5e5555b7903bdee484b6ae8bfcad3f67ad9c2541d53458eb393a434	2000000000	20.00000000
a8f77b721899a77046235881c55e7d8a818c2794dc88504c866142b8c3f0c4fa	2039778493	20.39778493
a8fef441041d13b7c40eb7aa8d1f0b72b24a52182046bddb2e9d6bb560c7bbc0	2000000000	20.00000000
a905d5740ea157388d6f3f41d4dffc157e2f22e19bc4f40be66cf8210ba14883	1996749960	19.96749960
a912fd077a3c19be853cc3bcfeba74a004312af52f4f0131d2a6a03b64cb5b09	1989432227	19.89432227
a9216f23e8c6e46555ee269e94c10e8dcc83fc1e3b1daa9b308e0f03e73a2587	2006351166	20.06351166
a93f97da507377ee2606bc229988c7e96fa276c60ae911df8fac54a51d36ec9b	2000000000	20.00000000
a97d232c339b08479c73f3eb12e4401e15b9c13bac68707e90e0aad973a9b9f5	2000000000	20.00000000
a989b7889c04f442a82115eaeb5bf08521a9fe27fc6d82ed72b0039693996b96	2025318500	20.25318500
a98c5d050a877ec071dedccf60d23bbd23cc5dcd41153d1c9fc22292ffd6deb8	1950087275	19.50087275
a99f3027117358bf259ceb4acb7978aaf04fe21f7d111d5834cd09489759a3c1	1984097136	19.84097136
a9a27be0f3ba997159bb9b489318cffeae845ea33f19b91696c308dba2c74c0a	2000029000	20.00029000
a9a38a42e0cba7ae6786a7ee5aa1d3926ba8cc77b7b718f2eee155ac5dcfd8f5	1999991413	19.99991413
a9aafd628bbde1ef5cd014abcc76b893edcf81ac1154db7576d640ced81ed206	2029740000	20.29740000
a9bdb4130fbd212c1cb8bd5cc2a2567c2ce16fa816ea1b93e9392c056c1581ab	2000997661	20.00997661
a9c822d40d736699e72a46249d8fe2ff5be700a64b7b8ca1f9d0767d4846574d	2000000000	20.00000000
a9daf9013d2645367941f0b3ec97ed539550e505d265e70addf5635f3346fa30	1996719480	19.96719480
a9eff01aa37e3516eee46798b232f5d1a1d573606e2d84d4161702fe0ea935df	1999793500	19.99793500
a9f88a4e382d2f1944e7013d2b36d828053719793bde9a4fcde8e5eec01f90f5	2010000000	20.10000000
a9fb4cef0fefaa5c9e5e23dd8cd7886943f6b49525e65e81d6a3b060dd640b37	1999882600	19.99882600
aa0e1f34687da8c677737fe7ec6c5de0328b04ad3569848f24a2c9231d13162e	2000000000	20.00000000
aa3267adb4a75ae5bfd8b0efd8a4ad0f8dedc55fc2191a0e946f10af1c0416e2	2018877978	20.18877978
aa42e25609e70e0750e6512c803e82774fdba7433dfaef3369c05e02ef6c9c53	2000000000	20.00000000
aa44886be45a3c003fd9e356b6765be517e9a156f68596d94337696d725ca68a	1969686712	19.69686712
aa486dd7983186eb93ca0759ca40249f9e5118dd31af4f94fcce9a78953a33ae	2000180000	20.00180000
aa5f5e03ac4fa340df1e80e187fb7dd867f166db46b4d0a355523dbcffc418a2	2028005728	20.28005728
aaaba34d6fed1346b7db542a6fbdc4c0f4d7a073a7cb5f3d252fca2a49b646dc	2027753008	20.27753008
aab67c9db55ec402bcf41d66210d411e33ddcb6ea5e2c83fbb4469a8f726bee8	2000000000	20.00000000
aac89179770d0c22dd761124b5d01d702268b69c70c4711acc1902739fc1f3ac	2004871548	20.04871548
aacb448d6c9144c1fe6e311001c801b1619461d4dbf22d95fafc7215e7ee85b8	2000000000	20.00000000
aacd8e5db6f6368ddb17945d00a6d0c37a71de37d18a2a551866fcab22fe322b	2023019197	20.23019197
aae36a973d16a7c1fcf4f14670d34756e9ed59092c58db0b7ae480a6d8e5f830	1999899717	19.99899717
aae5a4f12df55b61d956705c10ad7c6beae28e970156f281eed70c02cf53872e	2009989330	20.09989330
aaf33761e8e4d413a5805c804a3e40c7ae63a87c8ddee2423957c59433ff315e	2000010000	20.00010000
aafe4dbe196392c2037e42420fa2b4c5df9637f0b277018a342b7237aee8cc59	1996756050	19.96756050
ab1173830b5735170e8fd8e6bc4c69ee0e13ad9a05b3470fe7b5ed919c770bae	2000000000	20.00000000
ab1ffede302665ac0d22b6d88b0fe3983d835edfad125a50843e511c2701095a	2002484033	20.02484033
ab237ed873c3480d92bd6d3cc8bdcc3fe5f89a8318aace74c9bf74fb9dd1be20	2008886780	20.08886780
ab362f6df2ec1a5a8de87aca3f31124b4c2330fe35d7b9f526dbd4ea88e1d7b3	2049671536	20.49671536
ab4ee5e8ec557de6ede71778b6c0adc95d90b3d201b97d79c9fc2b802e92a60c	2008370850	20.08370850
ab52bf08bcc0af008e4f1b742ab5cff47926e8264143b4e22b7975c076ed337f	2009997780	20.09997780
ab758eda5fdff11eacadcbb4c8ad554011dc1e6620398e9a89564d0b6d6c23b3	2000000000	20.00000000
ab8070f3fd6db412a9da7c701c7b7a87f4d3d8c9a1e845c50a0b2f1cf3f8c31b	1996570777	19.96570777
aba7ccb60b65d18c764f9c9561cbd2f96fe3b5eaa2e60de5c586e27da2db6723	1955235500	19.55235500
abb58d78871229814c615454934dc48232ba0469e429a7dbeb2acc87a0dd923d	1979295731	19.79295731
abd1584c9a54ca2398c2d89eea4a0ccfc63ba73a629cbd0cc533310c44f666bc	2009989330	20.09989330
ac0dd4a599f6be3afcda6d99073c15d563f7cadfc2413f91e0173208d614a41f	1999980600	19.99980600
ac181c14eccd133cc811af22ceeb1e469a75a7dc56a7f802c34710c010346909	1999999013	19.99999013
ac1d203fbaf8be4213cda70d3ba9457baa8a06c72ce59ca1d3425996b63a4097	2000000000	20.00000000
ac5316b13a9337a1fc0fef6304823cecf8d3c920c9e1889c5561e732b376a8ca	2000000000	20.00000000
ac560fcfa814168b5132605809735b5308011bee440f245b1bc69b6a7be1329e	2000010600	20.00010600
ac779a3b3e8fd7aaba2c123a67f466b3303445f9c66da90bc0368ae30ea3eeaa	2000000000	20.00000000
ac7bf638086b532a465d285b411a874bf3db977d04f8bb9854ebbfcb0e1d6218	2000020000	20.00020000
ac80328a94e11da065bfcb2a4d9dcb3ea7f87ea9085f56f0fb3f440548d828f5	2000000000	20.00000000
ac86dc0a8770919490969bdd04b5e1596f7007a7a74a801694dd6602b708acb5	2026089200	20.26089200
ac9d67bc0df9860836cdd585cf4abf9ae29cc3e7ba1a9e69887406af6871c61c	2000000000	20.00000000
acb15466cbcc02cc5d50c3094ff00759859f7f3f72e4384eaf64dc861f1129ba	2000000000	20.00000000
acc8a10cb71f9e5586ec4791f69e631e119f8656e69a9a22b3b8cb894685d6f1	2013380138	20.13380138
ace0595ea9197a40c287468a15ec938dd707c5284a6901a8a61d153accbcc168	2000000000	20.00000000
ad0393877441d52fbe50e6a5397f884457df4bf24d80907cf24461be493721c0	2000100000	20.00100000
ad3c20f9627393b9b895f6d6dc1d394301f1386e45065358ed72ed6825cd27ae	2010000330	20.10000330
ad4c48b49e3c6cf50be3ce111e1e50b62e1caa9c0efcc45278152fc8cc909de0	2014609203	20.14609203
ad55230800be18bb04bd2f10dbdfd46fe58fd6fad900d7ee63f603b4a33c1ce7	2000000000	20.00000000
ad5fc8ebfa4bfbfff04fb7578ebe4b584fe84bcabc4ef79df54d4a69bfee41f0	1999989831	19.99989831
ad64518f83e00b762ecf15fcfb0837ab459684438ccaf131229b37c4d981cf5d	2001989826	20.01989826
ad9870b87f064d4a287c3aaceaf785e0a946104b55bed40ea33022cad423a904	2040232323	20.40232323
adc7bb8449dbc4371ff75eb651ee8ad776c832989ec96c327f57916b6f933d91	1951392293	19.51392293
add6e1d08fa72c633921a23b9f9fb8c801d1c2aded013ad6903ad2ba684f3a05	2000085840	20.00085840
adda9319e0e9c51087546029477c06403c5139bf765e5360e2fff4a9c9dd18f0	2009990001	20.09990001
ae00d589553d62b1cca10889e619ae2c52d219925e7a1049fed350132f83094a	1983031423	19.83031423
ae0291f366b0cfe348d8cbef5927472dd3c87db1cf2ca7326416ce44303a716d	2009989330	20.09989330
ae1c08e76f1e40d01677668c10d34c65f61903ed0081d8f85059d4fbd945335f	2015619077	20.15619077
ae265aa6363ec273343a3197fac84b569dce18475abcc5b819bcf8481f24e083	2003302330	20.03302330
ae45dfdd0fe2c1416aeddc118d852d8e90b710e108de8c712738b41ce03c537a	1999998297	19.99998297
ae4d90515490aa5ea38b5595e6fc617ff462f657a9aeabe0480fb106506cfae3	1999999120	19.99999120
ae511aa2d7d2899f653bae801f32792fdf6495c04cbf69ba9951dd263024fa19	2026500000	20.26500000
ae8e62671856b00c62cbc194fdccca4ad508509b41f4a7b1e516f51a6429601d	2000000000	20.00000000
aebc164a14bb57354d42a2b250e6a516778ebdfa507c592332cf9cc0fc27ca75	1968397612	19.68397612
aec1947343ed6f000ac30f0897d7ea5227282af630ec379207c664f7dad15e9e	1999820000	19.99820000
aecbbf239a8f3011f68ebaf170df768fb5b73e8f37bdd901f7b0128e8f5d444c	2000000000	20.00000000
aed5dac745242cfcad14f3f86e8e77dc2d212bcbce22fd71174ac514c1518b50	1999977799	19.99977799
aef7e80145f73b05701e50d5328f2932b02520b61b2efbcae65d5eab440bce68	2003162976	20.03162976
af0284273a5c919829fa61f0aaf3bff5ec813aa75051e035461eed6cbfd79404	2049303930	20.49303930
af0314d5b625bada07d13b868be46810a19329b7054367d2ab16926e305a6b1d	1999940000	19.99940000
af1adae3b19de36940db2d89dba0b6f1d4b54156c2b85765801b94967882e57b	1980653595	19.80653595
af34b2ee9cfc35f87483bbb2057c03f66ecb7370b7ec01e9c656e68d2281adfb	2005091928	20.05091928
af6f45001bf89c67203dc531e1251faeb32ea5092a3672d6bad0cbb27a30cdd2	2017528538	20.17528538
afc5240b7591b3e6473e7f1815c3e8358821f5da9d316a6a39848788a5582fcd	2041810533	20.41810533
afd212a58f95aa60e1a5e04db96dbd1ce19d9a9f8a05464bb79e34ccc38963ba	2000000000	20.00000000
aff3afb7bb1876a1b717ff26b94195b43681d9f553244bc102f3eba6acada55d	2000000000	20.00000000
b01adb1e659a9dc9eeca76f47bfd9fd27a37f6ebd1f496484b106204fc40f402	1974884588	19.74884588
b0204c0e32be7ccbfdb7c5de5a9840b1a970c741969d67dbec4669049451b0f1	2000000000	20.00000000
b04a3777689921300e31baa328ffc5d72cad56c94de5010bc86a70a9ee0b2f07	1989000000	19.89000000
b084cda4e03f02e8fcfbcc382297461fdca4299c729cadc8f734a05e64bccf39	2029658728	20.29658728
b091c900c3d09e0882b67e104b317159a9dd867a529de944797670bb97d8d44d	2031138902	20.31138902
b0aa797c16d8e11bd71f8d7586de9ea2480e10b8671735765ec0676732272864	1999980000	19.99980000
b0d8123931b829372f253a64d591fd37a253c8e1825346fa8f066aff50c68ca1	1958302248	19.58302248
b0e6793c00b5688a57c9f596db8a2d8d7ce5ebbb8b66dc0279a00c75659af53d	2000142295	20.00142295
b0eabc07392d780bddc6b22af7bbeb943b1145f382573a56fa1c9d96a276ee89	1999988404	19.99988404
b10360e1ca094bf02f6e682d81f8d63fa2180348a2e3017fbce26871d2053e81	2012067900	20.12067900
b113137118515db83f3985444703990fe7a19f4f3f059d4d432644ee546ea811	2000000000	20.00000000
b12fb306553a097aeac00c55481b988a20fd64a4bb5c88f88d8545f67c592716	1958343139	19.58343139
b13fda248e5bf357613e0ed99728848b5ad50b5c00d006f07a062e177002557a	2005000000	20.05000000
b156b7d99d16076460330678136ba6026399e10e3df9475460677d697224409f	1999999655	19.99999655
b15738bec17f5eeda10c9a2e6c7ec2688cc7f41c569d59931589a75fbec1e442	1999995200	19.99995200
b16600f7188e8c4b6b65d59202ae77b164d85b4ae48323dca8399d73af75bc49	2000000000	20.00000000
b167e44a2af2c710d418b38b56ad52fe2f95194071f62b1c4692b07df5c1829e	1968842677	19.68842677
b16e1ccd800d570f271078bf85d51864534f1e1165a0324530f5e035e3fa765f	2000000000	20.00000000
b19b142a7b25cf8245fbbe0adad975b0383cf9a658273dfcda43e7f2ddad47aa	2000000000	20.00000000
b1aa35c89cea2421d5fe77141f5e9e11cfd31e5c2a4a25900b75cdb750f4025e	1999909000	19.99909000
b1abc88d2ae3435b1a37c2a9e7fe26f25bb64cae7a28d6bcdf333d2b6d94f9a6	2017000000	20.17000000
b1b5ae9159b90ea287178bc50e46ccffbf33e94c7913a7049996b4fb16155e20	2009990639	20.09990639
b1fc87283a88135d4a39158669e03e61d7d9bf2c1ce72020ca93363be2c49a15	2000000000	20.00000000
b21dbce7962af8f34537cb1ff95d40a237e556a79c3e4ec44fff705529f83cff	1988918554	19.88918554
b21eb6acccba2b5262d7d601ed56ccde53038acc2dc376d810c7e45d4b3d4d8a	2000000000	20.00000000
b22abf0c8c645944a34462a8baf5e0abedf08c95a0022909a98a0f9c416afe5b	1999879055	19.99879055
b256a6d9844f06448020284b9d404b3eeea08bddf6739d79190164fd8ee2f48c	1999898444	19.99898444
b26ac8eab698a0ac07459ddc317ebe7816693cf98ab1af3731acce52d16df1ae	2000095254	20.00095254
b28ca647857742bfefbef6b61593ffde02211ddb08b5a0ce561fe794b83cd829	2009990122	20.09990122
b2a66e297f283a970c032c0fca3185dcab681a09d10bb0346890d4110a3c78ec	2019669314	20.19669314
b2e7e50e6c1193497a5c3192d8440779c98bd0865ecbd5b84339ec2b9d04df87	2000191335	20.00191335
b2f9715b5025ec70e8c289446e137958761d4565c0baca944b837181054df7bb	2001920041	20.01920041
b304f5e957b099e8c9ae0fc837b46f619c94367663131529f71ed23f71fb46bf	1998998591	19.98998591
b32559062562c978c7aa7ff056f9c47754eecd47e01fa93877c3bdb4cb8653c9	2000000000	20.00000000
b3523cff3a78df6622bb47411450cf1d904320edc6b23c2c966c1071791c4828	2000000000	20.00000000
b392ae5970690db10f98d2441938b8eab37355eb70630778eddb52c18484391e	2019163078	20.19163078
b394555dd357fa83efdfd9610a13c8113b7b5f84bbce95043da4526a40b35bdc	2004036360	20.04036360
b3c611a75d8dddff81872577f44b12e00bf0c3bcaebf2b1661d6f7e900ba7405	2001250034	20.01250034
b3e13ba12e5bcca0be15f5404fb3b47f10a007be782b650cd94b49046ee77d15	2015893630	20.15893630
b3e1b387d58b3345bb139d3c9d37f97ade6eb5906e2b131a3a55dd4f97789aa4	2000000000	20.00000000
b3f59fc24dbf3d9234d9107463b29156eedec904ccbf427d6cf8dbf82c02100a	1999298790	19.99298790
b41ad5925091f0e80504ece631f37920528cf8eeb78be62bcd64f22190362b5e	2000000000	20.00000000
b423e7144978378076a43586313516360b9f2644b070bc18067cb69ea0bd8e26	1999935260	19.99935260
b427de17bb0e2ccb15ef95781fa3c74be0c30bf80373566df61ba549fbc059d8	1999775904	19.99775904
b42d35e82c72a7d3397dd69223488a7644f1edb340d4f7dc4d7cd9d961796277	1999999229	19.99999229
b430f66cd32ce1abf37cb57e6cce8f023160e65386b8073daddcf8f83aa5ece7	1951324036	19.51324036
b4584be2b870fc21baf0bc5598785f8583524fea32712da3683b11e08fe2cda6	2009990001	20.09990001
b463d4eccb226bfd2c5a9ecc42b62369a01c2242a17829ca2b84981ebdbad968	1999993702	19.99993702
b4a7c4b304bc2875a637f1dc163e98e66dcb503bbd812ed8d3a99d414f8b62e2	2034154091	20.34154091
b4aa6e8877e774f379d2f0598479703286027d2450df5e8e2086b03b41a33f83	2008219205	20.08219205
b4bb5662bab17768ccf2d2404cb59835ad18f7177c245ffbbb7a17ee6ecb8e5d	2000000000	20.00000000
b4c03be24747f9aa138ce1007ca774730cf3b7d92c91bc03f5e5732f260d7782	2000000000	20.00000000
b4c5397922982611e813421a49736aeda8aec1551b05bfc23ceb0a97dc3a3659	2000627207	20.00627207
b4de150bb0bfbd8dc9d1a82a744c8fbe932cbf4861c7b429312dc04f24343c1e	1966478530	19.66478530
b4f1c99f56fc3a20321ce7b4b73aa560efe2ffc844aadeac49ad7e635f263716	2000008079	20.00008079
b4fbec8e3b664fd79e6960efda73a6a577551d7c9fa1617bdc788c75648874b2	2000000000	20.00000000
b510fea1631ff77da4c7b19e30e707057088cbd0cfb326d8062579cf2b7bc8a2	2001000000	20.01000000
b512e89e2050dbc1acd3b17fe684f78d7f0e360ab35fdb262bc79359f8e9102d	2036134400	20.36134400
b5191f74bd48253f78ffae1b6e439d8df6f4f7526265e0f2d3bef2764d46f09f	2000878854	20.00878854
b54a1663c00eb98d4e521dd353abfafa083e295fde990c75a7783dd66f6d932f	1999004727	19.99004727
b550468b88e9a0c1f3cef07c67cfff334582e72dfe479dc1f61a9d8e8fd656de	1961045038	19.61045038
b55e06e1f58179122fdb6fb892857f8d313929725035936113914d96a7d02f7e	2000000000	20.00000000
b5763ac9eefe4f69e740d6100d8094308abf39a958b52627cd80d354588993d0	2000000000	20.00000000
b59f177665ef5824566e35484e230856bb1941346eb09492cc7808fd9364dc87	2019138930	20.19138930
b5c3589f3814d7bdb388ff4bb8538e5e712b18ae138269583dc801489f3c5102	2000000000	20.00000000
b5c4f428db23be5c53e360d7d600130c538a08c5b981466a7f322b2a38fec3a9	2009990001	20.09990001
b5c56835205cc639f0d61e25bfa49cda823bf5cde080ce99703b1e22dfcc568e	1965727029	19.65727029
b5ccff0915988b8fa47b231a54c6497a5ac019ad66f9d02fa9604969a2eba788	1999998149	19.99998149
b5cfd6c457e32b52081e7f1ba39361cb737185d8f9c3b9daf89790fcbebfd20e	1955585715	19.55585715
b5d5fa3ba35d733dd659d01c4f0923f61b3ef306d6f0232c560ca94e695685c3	2000010000	20.00010000
b5f048528fd7178f80680db5566a396cad819b2b60c6e854bad33644966c5395	1999011996	19.99011996
b5f84fb3eea32df20307f869e1ecea55f1df88bf96766ea621d76196cee39b7f	1962221705	19.62221705
b5f94e285d03ebde820099365d7417afb102c9fc2cc242b57704c62ce97e97a9	2000000000	20.00000000
b63daf113d70c3e447f224d7396814d9af4dd696726a37e994dca39c4c13bc89	1976931971	19.76931971
b642e1ed8c92cf9d5cc6a2b67b554acd8e2f1176f7ce5426651c0067c99fb128	2000969278	20.00969278
b65580a8fd6c906fc9140982026277e3ab4c68617e0b64025874157491604acd	1984998655	19.84998655
b66f41c4914b4fba736cbabd68ed64d6e19b14bc782a0994e0f8cc23671c73fc	2005308176	20.05308176
b6705aade14d6ae182a93f43b15ff7efcee4603e9409a1bb24683e0db49d66bc	1999999195	19.99999195
b674d3a71084d65a543a898a5614397451fbf6d2ed3f2d12ba79c15c5a4f9fc0	2038390732	20.38390732
b677ee56d70b20cb23bd4bd5dab73e4f0e7c6f5a53b3e941664f27c06ff071f8	2016168573	20.16168573
b6860ad9eb3b1e1ff63d13407503994a71ca96290e60f8c4de0b207c386c8131	2000000600	20.00000600
b698c5d85e76530bd0fc54780c01282165a5ab8d640cc38e7a9c996acd89865b	1967266641	19.67266641
b6a7f39a3479bac3352a9c141db4086eccd373ebd854d81574396c459da9f078	2009990001	20.09990001
b6c004d81ac6763b64251d5e7945aaea20888facc9d8b7e3f2dd1e847bcc00aa	2000000000	20.00000000
b6d62d7911ff85ceda803c968a84236fb1af3435d077380d5c97de76cf380ff0	2000020000	20.00020000
b6f99889ecd7859d2b44f436776128750b39ca4470e12cb6603ece98aea2eb28	2000097994	20.00097994
b7554fd3020ad906c7045d4ec50f195150607f45e76e9c5be71e4e8b856539b1	2000004283	20.00004283
b757cb7e5f6ad34cbeae7cedadb816618f2f944c534f97365d3fc0f048fb4f0d	2025859100	20.25859100
b760369bd47fc1cc933b311383aebd6658806413f4ab73886c6a26215c04eab1	2000000000	20.00000000
b7936ce2bbe55612374e5906ae793eb4bb8dea17e45b10cab56018e3a68e9906	1986207715	19.86207715
b7972584624315f48eacca347b164a88370a180d674f41bc307fb2ee84edbafb	2037569500	20.37569500
b7bc4b494d4da1e44f741c120e7d8b8a6c3328c2fa567dfacbd5120cfc7614f7	2000000000	20.00000000
b7cb01e7855e0a91fd44ae1c50703a825c5f0743d8dfe0f40bf09beeec2ddb49	1999331593	19.99331593
b7ebaf241b4a35d649f8478a1badebd0772b04fe7e0d0c8cdca8fa582d9febe7	2000000000	20.00000000
b7fc8214f81208264a5590db55025a9efbc7f68ca0aef33cbccf9ad4bb439ac3	2000000000	20.00000000
b823044cec195d845c02f0394c5e06be199eea04e72722e28e161f35097fe9b2	2000001000	20.00001000
b82df5d11f497193dce6a731ae67b2790ab2e1ad55ed77c7a240f405a2687e83	2039194416	20.39194416
b836b6e52ea956f1ba072634894fb3e40fe566a783901ff51a5fd580e1853489	2000000000	20.00000000
b84654284ae7dd031401de190911bd8d9a95e0984b0efbbb04c3ed98b169b3fe	2000000000	20.00000000
b862ee21ce39bef61cac4e21750b9f9270224007759203ca3fd39c6d4ee8670a	2050000000	20.50000000
b87eeac77ac335e6d2a8bcd68d318a736a6af7c79010edb2b1451ab26f2f7d51	1979999210	19.79999210
b887da5fdc9d09c7176c0f512f39732d00f78d8aaab98d276d868319937ff933	1995131246	19.95131246
b8a2842147238563f565ef5bb12185ac564094d828a3eb4d7f662ce392dc71da	2003482135	20.03482135
b8da422eef5586da08be9f719f5c88ecce0994fa9cf455a7dc749f7123689d3f	2038743944	20.38743944
b90d9b3f2da504e4e4b53171433a37dbe35dd5685a2a7516c172854066140b6c	1967350690	19.67350690
b90e3c4ebc0ba0b04f999d1b7210d4a0118282cbf307ac7f05a7cf29c3fbfe80	2000000000	20.00000000
b910e683a5729e16c7c2077fbc08312f39edf4459bbd662b42a8485d02df9574	1963943017	19.63943017
b926d8acac960691c0ee45fa032ded34de7001c789f477d8ee77c02e9aa8484e	2048297700	20.48297700
b92e790293be0334457e1c70d1e38c2f2d255f7adcb77f51b8d4db3fb39cbb7d	2000000000	20.00000000
b947c8c1d2a944ad2f88097a410785d4f814d77054617befb86342abc9e5caab	1999945003	19.99945003
b94a93812b09c4f8e1e01f63d26db9c6da9386dafe854af56b1ce12460d2b50e	1987139825	19.87139825
b94f84be97a24a3160ad40e298c9207332e26897936f3c8231001d70e6813207	2001992300	20.01992300
b96216f727a87300c0308b2b496e71f0618e029b83b97fbfded75676c346f962	1981101571	19.81101571
b96ab8080cebd5572f9452bbc696b333cb9da57432cee166c47136def535ccf2	2000000000	20.00000000
b9708c57f3422b014b474d3bb630fa2c10ff2aacc524feb92367dd1f79d98d0d	2002825866	20.02825866
b971ae2c10569320fbe840b556e75084184f746f4e51bc29403b019daabd2e61	2000000000	20.00000000
b9721a68190e6e0a6a30db43c31ac17490b0e7cdb857da43f9e352e8271e6cd2	1999975000	19.99975000
b97bb091c00f12dfc642b472d6d1e3b5a22182c77a84338187754bf0a3f78b41	2000000000	20.00000000
b9928fd96513214d881694888926566ede2927de4c2b0d3f6cdd244ce56e8955	2000000000	20.00000000
b999be4501b4e1219679702cbbb0b005159aef7dec3d6cd8c9dc833c7ff7a3e1	2000000000	20.00000000
b9b26a4becc4f43e31e942a6c2ba3f31cdd05832d341df3b52d4fb19c5ce9d53	1999975990	19.99975990
b9ccf329eec7ba25a199b834eff8f13eb761ae61c85b2a611108383af16ca0ba	2000000000	20.00000000
b9d1c6c4796c72a80da178ef53d0b5d565d475dc5951a566f1ad981c3c122dea	2000010000	20.00010000
b9d5a696087490b56288dd0d128cca3a82bd94eda5aea5d0c3038b93f785d645	2000000000	20.00000000
b9d781bce2748149832b3d6fdd810ff5a6216546eef6248e983a5f5eadbc495c	2000000000	20.00000000
b9ed6c63ca8620852c6f4e76ec9c816faa804b7ac8d10a62571b3129736f6c19	1999879442	19.99879442
b9efc72b4c5aea1ff7ce2f3123dfaeb6125910093235d2a89b0af69ba0064aa6	1952045555	19.52045555
ba063113a220fba02c14019daab26c9cce57451097b218d6430ed124ef0897d4	1999796880	19.99796880
ba076aac3f361acc9fc492eb1a45b32344dcfe5cbc5f8c16980463290b85db0c	2001934517	20.01934517
ba30ab86e601d8df2fc183f8688eada0494b8b5451c4d10ede96a63f773274e2	2001000000	20.01000000
ba3694265d2d19514b3708b0c1baf27311b27b664843e3c926c475bb2fd8f27a	2035963881	20.35963881
ba496e84829021daf64197ef8563f88c4666c9963d44941cb480770447cdba6b	2000078572	20.00078572
ba7bbb144f25c3912c669382fe45d5604726e4472008a7d051b249880b5391be	2036977426	20.36977426
ba8327ede4cef4e80455d9eaf8519055e309f144288611c1936e6689765ae796	2015090095	20.15090095
bae8c6571c018827ba684d4593c1763bb53e2f0427c33d103ee8780c14167e8b	2000000000	20.00000000
baf6f03846e2c0228e3f77fcff531ec91b5adc96b49c539439829d73cfde39c5	1969570996	19.69570996
baf9394ad8f981404b6a0dba7bb1e8a91ce16ec6cc50e534bd52d84e54ffc85d	2000000000	20.00000000
bb0885dc46c04f4a2ab16fa57f89ad2c5c967938149c6bdb70c1b1b7b1574fbe	2034994200	20.34994200
bb352267b0b31af1a98602751cdf638b7af2f3a9066b4639b51edaa1132eb153	1996719480	19.96719480
bb513365a835e4342734aca4cbd9bd0fd677b54849900d821c7a133d45d8fe62	2024999244	20.24999244
bb53972d3316d999556534b1bf4a75c563b9e60847f1be0a1bd2906ebbd93f6a	1980474185	19.80474185
bb6ea50406e0ea1246f7caa891451a89cba0c650748ebf7d8aa306f7bbda486a	2000000000	20.00000000
bb715ebea9c0ed58152b311fa46a45bca44241498954a2019e5977861057b2a5	1999999230	19.99999230
bb85ec070f2f0e4143f5b9cc70bada1867ed46a2bd91a8d53759f1fe975224a6	1999984556	19.99984556
bb8e716685c7e18e21f9a4861d7f73c4001df5b30c2abbd9cd15e9b23363b5ac	2033483302	20.33483302
bb9a5cc957034745ed3fda20231037d39670cfb4a973e596bdb81c94cd2da4e5	2000000000	20.00000000
bb9e66944956c0ed4b0d4c080d86cab0ae072178a4c842d99297d13010f01bea	2000050000	20.00050000
bbacdd4f186fa24ef7326cc204b5cc45f71e8cb2501a7c62f5458460feae0391	2009986248	20.09986248
bbc56dc4089c17b64dbf87f51c8b67126331fe322cdf93cb0011e0b3456efac8	2002071236	20.02071236
bbd82b94972e4e927474f4254f3ee33774d66453e194a0484cb7cfb2df8ef197	1999950700	19.99950700
bbe19363068ba0482f1db8ea55410a9aa4b252a480a0b693dfa2977fb29a25c8	2012576109	20.12576109
bc3f3f3fa528c2777fdaf516a4770a21e735b3768b0c3a7d9efa65715b9763e3	2000000000	20.00000000
bc4229a07325df8e193671650fb741b13069acb9f22ca6a576d379c763504250	1999761457	19.99761457
bc88a2ac0f42ce44cc4cbf76cf3ab2cc2b2d3134817c876852214e894f22a4e0	1953885543	19.53885543
bcb081c3c2b6169da2ddbc156eb8e8687fbc05c2cf5f02e4da2bebb79d85b86b	1977437738	19.77437738
bcb39c3e58c34d6acac42d22bd88c5a901d910cdeab530ee11889da277396430	2006775270	20.06775270
bcb4f96c78ef745f2bbb1803d684aca05ccf41f07591e79bd6b2f84dd80947d9	1994559662	19.94559662
bcd989c5198d59c6e294682282bf3c520fe0f296b3843d2856581b99afcfa363	1999995500	19.99995500
bce516c66282d15ae1ef1490e77a0e49b64fc2e0d26cf189f1cbb6f8422219e3	2000000000	20.00000000
bcf1b9abeda87bba097c7b47619a7e426dec2ca5a46d1c4db686b0413d47de6a	2038490246	20.38490246
bd038ef1196adf9a1d88dda51e1306052fef9318ee31f5c3ad3c751e2d62a668	1998726691	19.98726691
bd05e66fe1e4f489b7c8eda143dd7cb8a5cbe386e0ea0b82e51d3eef89189010	1999996567	19.99996567
bd081de47b51e0d61d2b71288520c7b637a6faec2819f91845f567608e954217	2019133904	20.19133904
bd086567dd353eee83fe736fbaf388f0117adb65a5384ddf171ef193e4db5853	2000000000	20.00000000
bd0b664ceb8f0bbd1dd917114d6bfff39f215e1b952ae9ccd69b3935cfbbf88e	1989997768	19.89997768
bd1f97a95d1a293d6898467c02b0c62854dd85c0e2b1553e8e121ac1752ab55f	2000488465	20.00488465
bd228053105bb1bb2502dccefff382fdcaa91f635511482a27c0af205ec5df2c	1999496958	19.99496958
bd2d025c7429c143f0c68c3dd2aafbe1aa43334d4c2e84092ee696cab3a1bd86	2000000000	20.00000000
bd47537e06133ad08227e53f6c63c838030910ec8d22ee94d10f1c5ba1e169af	2000000000	20.00000000
bd572d04779a236fd34a2e497c6a102102f73a70002f909ed9671bb5636df709	2009989330	20.09989330
bd8183d3b4f64e1eb7e54ae3c888802fdf6a3bcb901717c20feabba214ce3fc9	2000025000	20.00025000
bd9c3acfa2dde38b8a4ed68f858b8508611dd8c6b4144c894ee24ddb183d558f	2000000000	20.00000000
bd9fbf10b57ddd2f172f32d3ce807c0828317d0695a592167d649ec67c060c53	1964797868	19.64797868
bdb5775aeb1488cd2cfb44a1d5d30179e6c6fb4bf90d065c23c0b87ab66198d8	2000000000	20.00000000
bdc7119af415f27b7c87d787e2b3486488b53f48e1ef10b8a7c62a7ea6dc5ae1	2000000000	20.00000000
bdd6c56080d018bc5fffd76a9b80abb0d127647fde1c1251597066bdf3f16ec0	1997196854	19.97196854
bdeef72228346635d109e698be95b20ffbabac5e39f43faa6e0a1ad25589ba96	1999988191	19.99988191
bdefa91e9ed70f2d0bc3d4e42550c396781be557539cb74c3c63b35b0c497429	2011206826	20.11206826
be0bf1c1f3df52e2f5b1f82150f588647b6259c6321e9b699bad11459e60846a	1957626680	19.57626680
be10ef4f1de3fe67d7e282059e04fab6cab39256eaf0f157b1fea93735e783fc	2000000000	20.00000000
be163ed3f0f9cde2fac438ff5b6d284c1a705deb3664389169deec4bbfafadd4	1988327794	19.88327794
be1fb1f4ab3e39d279c91494ddbcc9760d114b7e454e7ac9b7fffeff600939a8	2023981891	20.23981891
be4b575e458d2b612996740575377f029c6e38698fd5953e3899fc84114d431e	2029495398	20.29495398
be5f8257c040e61b5cfd72c47685f666b901fadb591c72cb3cd8177892b0df28	2000000000	20.00000000
be6abd9b4a1ef7bd1d7bfc1be23f2b3233df36aaab1b8a1d837902f383ba8f95	1972213291	19.72213291
be74468ededb9c093b00dce334c961708e32bebefacc16691a186903e262a6c7	2000000000	20.00000000
be9a685abeee5b3b4193e1259ef6b0d1ae9e0cbdf88aec9e4ae38fa05450cd30	2004973143	20.04973143
bef1cb3754c866fe589b5ee684d15b666060d5a42f51a22389298fd09c5d65b0	2000466606	20.00466606
bf040f5ca26fcb49a8092e4a46e0e65e22e631a6e3673c9a3a154644a7570c07	2000000000	20.00000000
bf131d2206018df3acfc21d8c871b4a451840129e34ede970f3222523686eea4	2000100000	20.00100000
bf2d2dcf8595612e61617d1132c55a6e7e815e671a4790da13e117a66100f39d	2033368800	20.33368800
bf338d4dbb0e451891637286a13e8672fd5a50adb834500b18e24a6ac95e14fd	2000000000	20.00000000
bf37555ea11758c3765ce7cd504a190902d9323b46b76d282b9fef4410174376	2000000000	20.00000000
bf582fa991dff895f6e0b592509de8b9a541914a529227f30d0f963ae226de0f	1996758090	19.96758090
bf60ff65f7dfb62cd51cf6e969922f152b6cea9490a7edf5dd434c793c2e9f62	1999997048	19.99997048
bf685b64befa981afadf27dbd23869aaafa280ded4bc2e0d90836f498a286945	1970212705	19.70212705
bf6943b46d084007d66a11df7f6ac16e21bfddc7df529c21df3e41eb1f111d07	2000009056	20.00009056
bf773a8cf0baab09c1864b9c759198bd1911bcf12fc22bb080a45a9b4ecbd872	1999999776	19.99999776
bf81a249c0533e100b7cc739a67e2a0d1e29b967f36ec12f27774a26257edf63	1990000000	19.90000000
bf8d00153e473fca91b586c04b80767af63752cea8656c9148a5c16a4db46bfb	2000000000	20.00000000
bfa99ec2ab3ec75516aa3ab111e1769b3469cdec50084494859cd508dca8877d	1999996171	19.99996171
bfb6f6015f3ea69948ce6339f8b70a00133a3a9c37d60656427a47bab3bd0ac5	2000000000	20.00000000
bfb91acef25798065cf2ae1ea52b5c950592ff180e574f256dcf5d725b85219f	2000000000	20.00000000
bfc59c6887b5bb932f213e4394fe8486aa3133a1a39f99305b0ccfb33f9423f9	2010644660	20.10644660
bfcd48a9202cc04ed21955ba0c1a635a30658f293b09580590fc2361b8f3532b	2004074000	20.04074000
bfcde801c939924fa1a723b0e5f539e22f44371a838352f6eb2c1c566278ce05	2038211100	20.38211100
bfefafbec8f02dd7557951a911605f9a74bc403571a133e57199aa3f06ce5178	2000058603	20.00058603
bff97f224c10677844a62a90c56bec5c69c572711adff2fc932aedde296cbade	1999950626	19.99950626
bffce5c19eb9d85f0891c388db8e5cb33f31f6fad8f3eefd30fcd76f90d54f2d	1993902966	19.93902966
c01a71166cfe2288b8a6fa146de011f888ae1af7b68bc02056697698ce95e779	1994560790	19.94560790
c020fe0929c4d5a27f4ac0c9de67c0108a5f4f7914026922c4e6d0d10145c33d	2038947959	20.38947959
c03abcaeb51938e1e866c8c42003ce2984fbba66bb7e1a7f0ccc5e89e7f96a04	2000000000	20.00000000
c09b269677ab5c9dcad7236bb003512d9b4ac4d61f82b8bcef17434d5ae4ab15	1989332192	19.89332192
c0a2b7a840b4b937063e8f29b923498a8654da2ee7742d59b13843810e4b28fd	1974884614	19.74884614
c0cb345d8fda723a773e489a9a43a0cf77e15499a08159bdc45af5b0205321e0	1954571894	19.54571894
c0ebc43fe49c6961fbabfa13afb707a2fef9f824c3751fe8afe602143ffbb4c4	1999997000	19.99997000
c0ee7dec45a53edbbf3f9131eed823646f1ec261a96bf536240c2e0f09dbbcb9	2000000000	20.00000000
c0f756fddf3947ff3cd9fc29331ba4f864eb71f157683657e4c370b04ea8b756	2001744086	20.01744086
c11ac5b97fa022cddda18b8f1dfda58d97e8ab69aa4fdb9fe72e8a541b8d325d	2000000000	20.00000000
c11ede3111cc7730147f5650fac928904259fca25553132fa885fe73ac1ddcaa	1999982116	19.99982116
c12f8f6652a349f1ec9f3405889c7eb03d690c6fd1655dd6a84aea9922bbd501	2013246872	20.13246872
c1468bd209f548d2dae4d1bc6c563943f8a84cdfd804ffa7b243ee4cbf83b588	2000025000	20.00025000
c1720392848187e7852770682490d1478ed00e98837587c66ee4f4ca13a04d00	2000000000	20.00000000
c1861b88174269fcf84610ce7e085594cdff7a7ce5db0c9a9cf5f1e2bdd1a2c2	2000000000	20.00000000
c1a5813db3006a5a1eda3f983f3b51dc94a56f3c63a178dbf6a620bd91d2b10a	1960909061	19.60909061
c1a963917b0f4a3057f484de901368f3030277ff6c749c3e0c120edb0fb14931	2000000000	20.00000000
c1bb9f3e00e65c6c0cdd9351d7550f6b8c62e5f4a1688af48b190e1a3c39de73	2010796478	20.10796478
c1c18b34d3ecac90166a781b30b71ab70b4ac287bb934bd88a3457240bec5aad	1999414980	19.99414980
c1ca15cd73b94f717ec8cab9329a523d4e437a2599ccbedb70bc39a4143f99fa	1999990975	19.99990975
c1d3084e2939a4edb9532264c0a932d7a18a0559b8ed111394c39a09197a8d26	1999999721	19.99999721
c1f3858682f29e6bb479271e71beb590fdbfb48b171d1af09638fbd73fedf3d0	2009949410	20.09949410
c1f6114e51a23d150ce154bf3c69e0e29e6dc96925ea8198baceaa4db337edb6	1994648990	19.94648990
c20dcf883fe30a44f527b167078742f564eff53c56c973b62405278c80c6b93a	1999997366	19.99997366
c21092f01303c17e751b4b34d2d5a6c86bb9f57727be15ecdb695ab8172cd486	2029787548	20.29787548
c212a44756fb5df90d2ca9817474e428fdb1049f2e3dea70efde8dd1a15bc884	2000000000	20.00000000
c22c30edf91c10bf46cfaf25a81d5399b25155f82258d0c4584f1c3017c99bb1	2000029000	20.00029000
c23426f597a4ad224013a4ecfbf7d69192126ddf58cc79961e1bfd0226bd0863	2004122700	20.04122700
c2948cff2716a7a030772de2808ae04bc9b74fbcf662e53a4b9e027938d0e1a8	2009990001	20.09990001
c29efc130750a2cc817122e0e9d39bdcbf176560a34c9686f0c885ffa0e87dc8	1990000000	19.90000000
c2b7ae7a87fb450395ea01bb8c65265b83e77c2ab854678c9d77b007efa6c899	1995166705	19.95166705
c2cd8ff6eb93143ecc232389bda23ef73b6fe916eda0352fd95e81d016fcfa3e	2037200600	20.37200600
c2e11522a5e44ed142c05bdf02b35a229b6ea475eec651eb49248b2ec9ef1b84	1999990654	19.99990654
c31715189ef148f8085ef9126c7d332deeae36eecb7d5d58195244c9130c4f61	2000000000	20.00000000
c3399f472dba2bed4402bbc4d9c131486e44c99b29ff2e8a5003b751e5afe988	2000000000	20.00000000
c33fdb90f91691bee18e54f84c24b1433355475fb2b623b6f59c473c700b41d5	1955689722	19.55689722
c3494e710d8efd7513cf9bbfc842c5616c1c983ee2cdbfdbb61e6d7ea5daad4f	1996758090	19.96758090
c3957ed58d5156ac6d0f6b0a478f7c6f4f2740525f427d251e8b80beb14d26d2	2000633641	20.00633641
c3aa1cebc6cb8a4c17ebf4ffcfab66289dffae132c43f76126e265d50cdb6647	1970000000	19.70000000
c3c4ea8ad16347c0b23508a06bdb4ad5d29048d7909d68f178cf96b3edbc94a9	2004980553	20.04980553
c3ff7602fb9969bc8e82067e2acca5707fcdedd115a1ea7a15dfe4b5f120df56	2000008742	20.00008742
c40968181423bb25d9023dab7476915084b9983ee8dcb4cd4216a63b4c3728fe	1962396677	19.62396677
c41755b369eeb5bdca7cb7d631a1f2a2c8c86c1ef6dd7a2e0cce43d506d42840	2009990606	20.09990606
c41fcd2f3edd882e8daae2d99c01c2713f7a378ad6cb16fec8b9674b5ea76d46	2017264485	20.17264485
c420d73c6402d624fb9518a628e5fab1a067548c149812455cda79ee9c3b24ff	2034681827	20.34681827
c4260623e695f87d4e2eb4e2b71346ed0c7a7516b12a08803bbc94762e52b58c	2009989330	20.09989330
c42e1bda1a3e45658b5125aef38e1f06cf7356707e05f6c4b9660a9d95fdca61	2049208630	20.49208630
c43031e059c8dcad3c8c2dc71cf38b77dcfc02f50ac4958da1b1e33ede894ca3	2030939947	20.30939947
c44ba8f1c67b0927a47f67fdfd21127cb03faad1d3997e22982c05fc025c425f	2000904601	20.00904601
c46b7b877957868c339531f352a36d4c61a9cdb0f1d45567cd9f9d1c92b04a81	1965287330	19.65287330
c471d7d7faad9d50cfbe1ae296935660c2d7d2be52fba632b245353a7248086e	1989969298	19.89969298
c4b96e25bd548570638d901473263202bf488144f46b9d053699ca74ee0fe4de	1971793273	19.71793273
c4bfc34567869ceaf7537041802592f931111a6edb9bacf43bedd35df620efdd	2000000000	20.00000000
c4d0c4755ddc411faece5d9e780f556334ceb1aecac5554e6b9bdfc1efcc6b1a	1991826701	19.91826701
c4e1e903f655a94d575f14151e51133dae7b2658b509638c5b2dd66308d67c24	2049994233	20.49994233
c4e95b0211b7dba6f34c9b1b3df083624dd706635089415ff8d8b79b6c7be89b	1999692360	19.99692360
c4fa9b490a76cbdca6a873c01587b73e761354631b0428faa6cfc055fa40fabd	2047721560	20.47721560
c5148bb227924d23b6f5ea4b9655c7d74f8f257f81f3646ce2993fdbba8a1df1	2000425600	20.00425600
c520a39ff7ae3e2315dacc0bcfa7b08840050e3c4ff48b0a355e206498a883ae	2009602625	20.09602625
c52c0b829c2a321a98b65168f4070d02b424c48f6df0a161cb1306047707e69b	1962087393	19.62087393
c53da2b09bead1b1a0bf691d0b695af3ba5fe752939018b6e552b1a4aa55672e	1999819108	19.99819108
c54b95e80cf937398d8dc487982fb5671c977ce79ce74a5e84c8295fb3c96d36	2025452539	20.25452539
c556110b964f783e7c55c04ef40e9bac4ca1a661defff2298fb9459b49933dfb	1985372743	19.85372743
c56baaa0db18ae22a0efd11098c9ef1afe8ee341525acea7187599db5e3e50ab	1989998624	19.89998624
c56c6ebc2f9ed26932f132ebe7715b794802ababfdb79bb4203074c0ab460044	2000025000	20.00025000
c5a18919a5db5f40e6f724f00ccb93f7ba35202637c2b474731fbe1dc4517cce	2033996572	20.33996572
c5abe640bb489a1d4771a44f0664f0487bd61c27b4874fd99c7e3fe0fb1ba2d8	2000000000	20.00000000
c5ccdbf182d835c048f16e196bffa725d4a788bcc04b4baef6f0218425c4a535	2012001450	20.12001450
c5cf7388d0ddff6969af73ff6e591a92de12844dd781968f0de61260f6dc88bb	1987247311	19.87247311
c5dff833fd01c1ec05ee0e9f6d207b60317331462e53a7bb3c25efec39a62723	2002394900	20.02394900
c5e3b7209cedf53841c3f820e5b1b16c328d0bc85b21261faf0990c249901860	2000000000	20.00000000
c5e4e3f79ada1df2b09f5de4eb5a8f30c92cc488750e7bea86e62fcf76dd0d94	2002761597	20.02761597
c5e65de63d671d757cfb1c06850840df708d0fe79baecca70d97a548b1300caa	2000000000	20.00000000
c5ee14a9039a447fe2dfadd10d73f7474377d4fdfbe7f0ad2b2bc7086e674f29	2000000000	20.00000000
c5f855e40a25400f38b5fdae3c398d93d19b516193f53054ad6e66fe1a9d077a	1957415282	19.57415282
c623283f6648376c1a7c608f77dbefe24d87f1ac1587d246e2b781f7951d12e6	2029173463	20.29173463
c66dbe52dfd8038bcfb818010d694b9973b44a3f45d4d46693e51d9dd1078e88	2000000000	20.00000000
c6790c4379ce8ba49961764283d5c05bb9d10b3b7635d08ced8b74cf17b224da	1951375308	19.51375308
c696a8dc94755a7acde4fb2e8b0837b678d689a442e469e242908259acc04b7b	2000000000	20.00000000
c69fd267246597346944b6ee8dcc0f1d8b22492f6c56e95df7cb9034f94db532	1994187208	19.94187208
c6a72df948cc8f1cad2ceb68f1f01e72ddf560278144987130fe76231d1fc83c	2000198009	20.00198009
c6a8738b5f311b5a9666b3e46dfe3ac6cb2278c3f93c0d4ff575cfbeaaeb7776	1997262572	19.97262572
c6b90b00a3cf5c61d902e3d69c8c56a9a6249db2e999a3c5700b1328ad82b291	1999962900	19.99962900
c6c6226c800e20ecf68a4fc129ed2599f13271fc13782e1347259052781dc93b	1999999000	19.99999000
c6cdfa57a5b52b454f604571059d37417bc0d30029a7079e6770f1e757464445	1999997549	19.99997549
c6dec815fa7272b02caac39750e6be910686e4758dec7b928ac39b4182d97cee	2039445000	20.39445000
c6e372f7d12d2c97ad473da53c5dd7f809ce1be2a7f6af473c4ad37ff44955ff	2000000000	20.00000000
c6e3b81df09818774cdf22a750af5d7a93e52d353eeb135197e25c3a9af8f0f8	1980892516	19.80892516
c6fcf327c5e81e2574f8a9090b3099be138024a0a1ad3125db8eef3dc8f9dcc7	2025154971	20.25154971
c70a34f5861ef02825bb4d49f2ca42c6d0614be2d478194c58a9e42065ec256a	1980763501	19.80763501
c72275119a00e66dce5a08ba9be001ca9fee19f07335477a80b23039c9bca04a	2017535538	20.17535538
c73f5d738433f9f9e466edfcc6d542bd8ab58f25e8eb2b7b2b9f34b4d0b94e3a	2000000600	20.00000600
c73f6113bcd516b043e274291e15a9889357f9ce5f65a7b980d60903058de633	1963154904	19.63154904
c742229256b2fc869c1659774a28bad1a0bbb262a386d3cde1c1949c578d58fd	2009990001	20.09990001
c75371784bf65cd722ef04638efbe21d79f2cb6e36485dfcc7cc3fb8072f25ce	2001589823	20.01589823
c76c96b5a9c8f895c7c1531157622e20fef2e55a81066ce831b3bc73afe3e3d0	2009000000	20.09000000
c778a2f0434d0d8c3dbaaee78fe0f38495119b88520eb7dda09509d7bcb32e71	1999997400	19.99997400
c78b1dcbdf4ecaf74e82bbc6f2955877c2843dd6e5002b50f090d2e321595c17	1999995000	19.99995000
c78d26f52d9d07fcec1b381b0ba95b5f307d06c903aafe627f54c69ae6189567	1959963510	19.59963510
c78f4b260aa304dc08a7bd1b708c694a82e9d0360908c27aa2c640692afbd8a8	2013412068	20.13412068
c7a25a860538d7da94d3dcf65a8093e06809e7fdeb7bde8a798fab4e28399c50	2000006681	20.00006681
c7aa57ad98d1e7c5adc3db8149a650938d3b1e3204192fd449a9aaf2dddb68af	1961997137	19.61997137
c7b72440f0b062d1891afa8f73a2db4550de62dd4f74986b4911e123ec5e8308	1990059972	19.90059972
c7baa9652dbde4c286cab5110272076ac54d83bfd543c1d0fa113214195b807d	1999969600	19.99969600
c7bce930791e782a60df41dd474e479ab31f429e00a3e7fbeeaf2eaf8fc32d00	2000000000	20.00000000
c7d74130d63930ac55be0fdb8b1973881b1b489b5eeb7d92a5c1bb01404a2540	2036348628	20.36348628
c7e4a7f04c23186dab46760c902cc4fb4b670541152db2fd2bce5a53206968d9	1999999587	19.99999587
c81f858d0745c6574c5ca61808533e1af88aaa14a0af75f61dbc32e059dbaf74	2000045433	20.00045433
c8297a3c1b5ea42253c65bc881f86daea1dbb7b774b17abd1c4898e0778db9a0	2000003000	20.00003000
c82d223b09c41e90c178ea8ef2a01c0b7188ddac969e7bfa475eb5e0e5f01596	2000000000	20.00000000
c8576159a6baf699c4987f19e1f4ce7c87c8194cf2422a54cc34ad6e8fbe9843	1999997093	19.99997093
c8738bfa76f97f646a3da29c3fa8d3accd9344f1c9b3fbfcff2f662a85b0353c	1999963002	19.99963002
c8836b35e8178a0bfb49203dea4195c07dc234d721017e5ad28f8e72841ed5f0	2000023000	20.00023000
c885965fb5dbca9153253b6200c6e0315f7ff9b2159afefbf406ecfcd5f9581a	2018627540	20.18627540
c8870811a09bd5be72361d933a600d72e5b62032e543bfd4ef5d3d21c9331239	1999994368	19.99994368
c89b7683d425c86f9f604ecbab4697c0865735ceac4ce0f38076585f89f8e171	2000000000	20.00000000
c8e659b79ecb19ad74db9a8c02e23ba9ba57ba3b37d7f62c56e98fdcf949383b	1999933392	19.99933392
c90eff5a3ec62a5b02ff03b6c69659e2fa47a54d241177aa622bcdcf34b4721a	2010000000	20.10000000
c919d866ffb85946aa94241b96364fe36c0fdd92d2d043aa04a8e5943646b922	2009989990	20.09989990
c94de6a540708e16011e2dae303f85259b10a39faa47280e318f2568c1425879	1989999000	19.89999000
c94fe40066c0888934927a03b2ad339f0023f04bacd3f9cf4f4d0b8256464d9e	1950794820	19.50794820
c96c8a705f77dd8ecf426250deddb133b5d74918a9999449a3a5f54d8acbf7d8	2030751020	20.30751020
c96e60f5ca5933fbffd57b5be4c0e5fffb737b3a78337c02e74a0b809fcd1864	1999686560	19.99686560
c97fddbd73935cf7b8f0c823aff982894fe21db751601dc151131eefc4dcb5a8	2000068676	20.00068676
c9955ec255538f7e23a45958a12e3ce0f6966b118a7f6e8b5c1566994664f694	1999899777	19.99899777
c99a8c0f282ce069a2cb3cce70b23fdb2454d0654edf43456346bbf11c38accb	2000000000	20.00000000
c9bc65b17e5ac864eabecb18ef6fbeafd903bca05cf2e98ede8be7d58e671c5a	2000100000	20.00100000
c9c1e6c1f89168627b6aefdd94f50bf3eb04e9d75b5cbd9035e3514c50fbb939	2000000000	20.00000000
c9d732479e36de43652de01d19e82bd0efb10838f325cc9751a5af660e5bbf39	1981984267	19.81984267
c9d9c527d751833f1d23d43d2093bcd0c36e9e283dad501458c641190c4f5f36	1999886564	19.99886564
c9eb69dd3e8907a061f8665df9f0395154033529bd55419bb809fce24fecf10b	1999892979	19.99892979
ca2ad2c37bef55bf38143c7dc3b647ed9014835a41bc6d381e4157e9d83703f6	2000000000	20.00000000
ca386f07372f2a481929830e01f610298c576d902de148e5601effbfcbec8f35	1992739316	19.92739316
ca633f93eb0fb4dfadd392784858688c8ffcf88242c3f302b848166380898d75	2000000000	20.00000000
ca663edf96509f902c360a08a0d83624d27f46b453802264176e13d9879e95ab	2049784000	20.49784000
ca6b5cb624d90197d1cc773e44d566ace158d982076cde32a33b388f4b7e932b	2000011260	20.00011260
ca81159dc88dcafa480d8b4d598362e50a11759ea5ce2c01f8ed34ccec7390fc	2017027594	20.17027594
cab467e3153350e37cecd1d8723cb84f417a0d8c88a56dfe82b81fcc2c8f45b0	2045096200	20.45096200
cac45ec1d32a209f8e30bca9764bc80a70eb49cc0e7276fc72b7bc00bd57075f	1989999076	19.89999076
cac8ebf4770cb88b85d9b407fe18256c31441971820383730ba4fec2182311db	1999998745	19.99998745
cacbe721556d14073a45d49702c83b6f1b9dd98a07587da7c71b36346d79f0e9	1999962535	19.99962535
cadd13a6288fa86af775a2c2520dea58385a84dd5865123723784d4501c83214	2043057337	20.43057337
cae76be5949dcb36eb50b56b30edc90d7c7d292457a6704cd6944a8160bfe82a	1979979422	19.79979422
cae7f5a3642b9f0a8ea833f013fee916414a64da5fc7531ed273b6f12bbc7cdb	1999872198	19.99872198
caefc10d489f27d0eba6c460cb4cc59a276fec6db14eee40eea53fa46cbfbdab	1999996959	19.99996959
cb18672109845b1a915ce2f969b4c8e613ee52ed8775fc76274f265c230e8723	1999990837	19.99990837
cb22203b793a7d38419f4a69fb43538ab58977f49e0455a0442b4ef06d134a40	2026000000	20.26000000
cb279befcf6c6d3b155192a34284ae3258e4de3cc29e127961b6e144e206796e	2000000000	20.00000000
cb383c9711ef506935d286684978a3b696967821ed839eb996f66d046a7c20ec	2049999777	20.49999777
cb39de72e9e90e609c425e0ab3c67a8e8a3af4083837dfcfab9881743274032f	2004201114	20.04201114
cb4cec9032eaa03854850705d77a60e3375a40acdb08a85291e4827b3e63e597	1961699000	19.61699000
cb676a67ac1247ed04d913f9021609538a74997a428633ea52cc79d8e3155165	1987996945	19.87996945
cb6b3d8960c5a96d72984adf73bc90d16be684290cd4c3c27e9bc61bad3a2646	2000000000	20.00000000
cb6bc9441554dcbb4a90d888b885b099818dc9979ad5c07d0b811e3e815f0d75	1997444536	19.97444536
cb7acf6166fe940dddf7baa30458b984d6724297c53af78c017982264e494ba6	1999996997	19.99996997
cb966b24cf8af38cb46ab3c26fbe626ff95e5b626f2c1820270fc32fc5ee8b5b	1995732452	19.95732452
cba38e9a75cfed2c04ab1812ba6c6a829609a3a440bd2827d22943491cf16e43	2000000000	20.00000000
cbb83ed84041138ea690f5d3b1bb2b5ff5a44a45d277777d6ae89ba51e7c634c	2000000000	20.00000000
cbd2c1b38ef09de693750ed543938e945d88647041fc2bb459890a88e91bfec2	2000000000	20.00000000
cbd4424388210b3e04b8be66b6a1fa17787497ed7ea705e24dca125d820a132d	2000313590	20.00313590
cbdc76d00b1bdb510e8408d8bbc19da04a406174312f06b9c221fd4919ba4eea	1999969331	19.99969331
cc13401d1b4e8cb3845764984c2df3f57cb8e018b6b417f02d26cac43cacd9af	2000000000	20.00000000
cc1c256f1ced2f080a717acf0649c1a8b3f0dec2033a666d83b9e247bf583adb	1979987357	19.79987357
cc270170bb76bc252d1ea0b103bffbe0dee0d02d9210572eac1574e86aaeb9c7	2029532382	20.29532382
cc27f219a127283838eec19b19ba55c00fb6380480992dc2d545038a0e949c7d	1974914360	19.74914360
cc30509ee15df1ee8072d2bcec52dff11277174e91ffcd4385a19e03829fff3e	1999999780	19.99999780
cc4464a69d0a4ca5d417121623b90e944b454b877514ed1dd63b90fcec3291b1	1966610000	19.66610000
cc4f98303b84cdd19345fbaa9e9167b9ce339343dfb7ef95f38aad7dace2fdd0	2000002000	20.00002000
cc70ce9e20b14f48a599c0cb46379519c40556f527c2642567eab0d0d8ca9f1c	2000000000	20.00000000
cc7233584ae215cfcf4ab36310ae3763897807f210c02b88dd758534f92e2b3c	1999900000	19.99900000
cc7357ad1d9663d4a5c114fe20a5cba360aba0c0ebd66938e6f059918ed499dd	1994645300	19.94645300
cc746fa6ecbfa3246d1dae77f16df43249d4494d27a25f7aca4fa9e3d9647ecf	2000000000	20.00000000
cc7b93f066999a8bc58a4477ce5b3dcd4e45d2e9c077ab9201e72184d7e54c50	1956742255	19.56742255
cc83a0de9166d6c781c75a8dc158d4033dc52d349b2c82913fc5039910131485	2010131686	20.10131686
cc8c2e3159cf9d3c3f64234f9457d9bdb202d3c6ffc8d2e2faf32b7fd5955427	2000533226	20.00533226
cc9dd6f3d12a24af79d34494aabd0ae4beb418f9edf6e6d9c6e80bc75bdf5971	2000020000	20.00020000
ccca4eaade2ccf347bbedfa98b9835e27e715e173b87d8e9b7c65c18134d10e3	1999998692	19.99998692
cce1878608d206ccd0c3c72e2e67ee82444bd4752bc9fc21c46372858f74918d	2001675953	20.01675953
cceded825a9dee8f0f1b796b094cd91ac916fdc18fd3770f224d906fb031ba90	1951043876	19.51043876
cdac891a2c4c4c426b20256c822519da2d3a92d04c325f7f72a37b65592802ff	1965890264	19.65890264
cdc13b348dc6e0bffa5f14550ff4b5ac500513b999f8d5d6f06a1daf87ad50d4	2025138699	20.25138699
cdc5b63d63fe08841d1f87d720650f634edcc3584125176a912863e96fe21436	2010000000	20.10000000
cdd49ec087a48beefa3b1eab238fcc246d3b264c215d69d4909c93f8e656065e	2021400808	20.21400808
cde5ebdbaa7924b31c5b4e387aa58ac1d1fa8403d16fd42ee0971ae48ffd997c	2000000000	20.00000000
cdf3f5184ea1b130cd4e9f22105524c036825a5341ba4d5d2ba8bb788c530832	2000000000	20.00000000
cdf804b8e84c12c6a4af61ee39b86fcc2ee77cc349ed68e1bca92be1aa480740	2000000000	20.00000000
cdfdaab11b2ac86580e8759cbbf55e259350b73b033f5a6b712d22e7cd2e3c06	1999940330	19.99940330
ce0f86c257b107d478742387833181006bb607c14500135806332cf8b59b2454	1963453539	19.63453539
ce30bad4cc8a3642f7cc5fcdf5a114b96f1a3ab947ee3053b2ce93ef78b5f54d	1999999765	19.99999765
ce343e7298900ddc1570c8914ebdf7ecb8759b975f39f73969762a8826c30e72	2031213030	20.31213030
ce4dbe4327a69d346eb560f1af0c5b4d02bd97889e7797175dacd491dee232f1	2027945386	20.27945386
ce6a535957a5278d12cf395215d80b3657d5a32094c7c784d4ed47b3e990c5b7	2000000600	20.00000600
ce6ab56f4a23a0019ac2d73c640f73f547a26d1dc0f1cd9112f98959e59a6dd5	1958998837	19.58998837
ce6faf1beae7d9cc00b62cc5e7fcede017a25945faf5871014a7150f1c22854f	2034245200	20.34245200
ce910efecdebd31d07bdd9232e2d3cd00bc1b9c85fe0cabcf355fe7a8b2171d3	2000000000	20.00000000
ce9a2d221e5756269b2f1acc0bb1e839d8c55d9c9e9a4521e3b7ae10348eaefe	2000025000	20.00025000
cea24400a4c24e7e4eb5d301aeab7e2b29c4555cb014b83265ce05cd39ea2b23	1987920545	19.87920545
ceb757a3922e5b903ea887f756da1603173beb3bb4f7506e71c7d239f51c2c81	2002399684	20.02399684
cec658459f48777f38a95189a44d401d79f31724c9fe8e25d5c55cb26b194f34	1999933263	19.99933263
cecbc3178a7babb23bcfef13f93dc70f43aba57fd630914831b60ef83c8e427f	1993709700	19.93709700
ced5f892bb1b5e46a841199471fab213286ea455373a542fd748b551811d65b4	2024578300	20.24578300
cedc19b64e7af67cf057edba200384fff929e89a8b597f4dc0e7a64c3abe4be0	2044962067	20.44962067
cf07063430cd0bf9900324d254874f6758c7e8e5ff009872a2dca8aba77899e2	1953633021	19.53633021
cf0fe9e458f7a1002c73cecf0434a8a281100589ea5bb68ef9edc201f0ce547d	2000000000	20.00000000
cf1256388942c6a619341352df4aa16b3a90626c582f6e2d0edc5c92d73e69f5	2033325300	20.33325300
cf3bd8db74e3253cc52040d9f46b02189f4cb93c16cb8febdd73a2637493020f	1999996136	19.99996136
cf443a46e3c16fff0419fde7b7e79214c86b870e531c6236b071de0569a2b413	1959705736	19.59705736
cf4eb1198643362ec3d74aebbeb3a7376da729a8320ef3b0e58f0b95de6e1d1d	2000000000	20.00000000
cf5c4883dde972c4af3a75b86ecb50321df85d4cc6f422a47ff29664f4bc6bdf	2041838152	20.41838152
cf88ab651bf375cfeaffa540ceabb743e6d935634668b3390d42a78d08548fde	2021023634	20.21023634
cf8c997f5d23646dd9a9a0189e97599a31f1da8cc6564d536c6c001bef026d05	2000000000	20.00000000
cf984023d9cfdff873a6d2ecec0227d8d7cd43deaded7ce7f574690c674f1ac6	2000448742	20.00448742
cfa61747b75ecd96a40621d381244b7e3e98e61e67f9f54512c03caeeec0daef	2025445100	20.25445100
cfaa58932276bfacb96f696b79a234dd9d14323c9f317c39678a2525bf09a6ec	1999741279	19.99741279
cfb7d46d972ffd34793b4b4a9f1abbe401df0a6d65dc75be9d8e754202997838	1963006637	19.63006637
cfdca6b6046f7e20f11f6a1897e07296c64704631cd465368d78e52125d4bf40	1999937118	19.99937118
cff7c53a690ee760145e6941e7fa1e08bf606b8d071c2e59805713a97bfe1580	1999998340	19.99998340
d038023bf59e62007393b1966e0e46864ff825a2f71cef340ea89ddde2317d60	2013945550	20.13945550
d05d31acb4ceb89a725157485b7ef5eaea6fe00e7ec7ce7e479f8417c290ec80	1999997724	19.99997724
d077abe24c170de31e1b0007db7aa6a5111ffd3a1f8101ab60ea01ee45fe19c5	2000000000	20.00000000
d09df0d3bce903e485b1a02be62cae5896ee768324be897488c4adf7869ad4f9	2018086515	20.18086515
d0a1cc98292821364cd9f2d84594a25a735052aacf862dbfc15b9794c7b4a4d2	1989509594	19.89509594
d0a32e9203739d28eca790ce7da55d8badf92a63e26b1bf3af1d13d8776bc69b	1968493666	19.68493666
d0ae79015bba0f1bb6ddc2e17fa060f0f8c5148ce060ee4554d99fd31de29f28	2012858700	20.12858700
d0d4aec7559084aa8e3f327735ad31a51f8144baec044bc2f7ded13f49a73c37	1980060000	19.80060000
d0d769ae7ae618ac2f5cf38de3b5892e833e8506fd49451194792c434c2d30dd	1999000000	19.99000000
d0d93935d8f606b2abbeb73c6cdc847c488be39bc1faed9a338d91dfcb5bd00c	2030771043	20.30771043
d0de4abcf007f9fc3dcab4105c07bd5a28b65e820558e679a788f10670fa9b6f	2000000000	20.00000000
d0e5fe91a2eaf17fb0fe73ed380cbed70ea960e8c9a02af557dc2cca8e28ae19	2000000000	20.00000000
d11fceb993afcaac9ee5feadc5eed7f3bf55f548fc743cc07dcca9fa21f127fd	2000000000	20.00000000
d159d7c65606e228cfecea7dbef2c1bd2eaafa05b9a6f4cf517c7a1cd904ca8e	2000000000	20.00000000
d170b0092b465f3d83a779a3937f1d6c70e7641e62881f9b7f1066d4bc21f09e	2000000000	20.00000000
d17f02d259eafdf0a354fda09965bc8e21f6c783a4ba678481ea15834d6f443a	2000000000	20.00000000
d1ab7e8bbe92d7396f7ba60facedaf047be9a42d845488f87cb68d1b09ad58e5	2001981369	20.01981369
d1ad781b3c9a571555708a388ca7b6e2393e1ee725a5ac0e0c68e089f2d14d7f	2031596600	20.31596600
d1b5c5396e7a7418cc33462b035a443fc7095ec438ad60836d2cef8ad2ea6d9a	2012930624	20.12930624
d1d1e4922355eee19e64361513e0cf1637e161417ba501636e5953bd35ff78ff	2019627867	20.19627867
d1f8c72cb815d3a808fe2e5a4af8f644559a605c45914fcc6a890db205d5cbd7	1999078997	19.99078997
d220ca08c9a1df34a9a54719243be63b37175500af7275cad4039b37a1f6cdce	2000000000	20.00000000
d228ff56d101116ce646e325db3dd7851e3b3010868d3c8a9d75aefcb8aa5240	1999992000	19.99992000
d234eea904cbc9a4af573b9a032e67ed0c07f38a55aa1b3cad8cd55676a31df3	2000000000	20.00000000
d23a7ae9e4b8b375d19b6ec72b7243e4130f2b00993d8b8d67bf8563ceb279d9	1999906215	19.99906215
d248b09c8bda2bcb3502210242c70ce9094ff1d6e69c130137e3c786188a420b	1965698047	19.65698047
d24befe7d97faf49dc7dc4b0681485eebced23a69caf96f423d4d5a6105fa705	2009990001	20.09990001
d25c5c604572c1ef05716931645c68f0aa97fda407bf30fe6912bacb4e633d86	2000000000	20.00000000
d26869768e6049ff2f5ae427fc2fc22d5175446685bdf974a4a1033c64b9c283	1999984556	19.99984556
d26b9ae9e0ce2c231d75f206aed50cb7ad56389bde7410c8adcb4bb7d1fbee65	1969566404	19.69566404
d2817bd601b80bc6e145eb9168ae4b56fd7d8105b46720ee1e91729a03a6c174	2003238994	20.03238994
d2d3c40370e9c153b9e396ba0d66a69bb2ebc9d10c92b5a3a27d45dc4dfcc5ef	1991485800	19.91485800
d2daab9b54d2a56110bdd5a691e94330658e4ce2d8bf685c978d8703d336d376	2000000000	20.00000000
d2f2345849805cf6c835569a82cb87c3f03ac536dea9db51bae57feec077174e	1999999010	19.99999010
d2f2cfc935c21ec7f64841e0c61d5f52c19c56e934595f522252e8ab67027931	2002002021	20.02002021
d305bdb6ecd8877d0e2ccab515d86cbf8e4bb22fcda65704de9ed2c61129ab4f	1989568000	19.89568000
d311778884c4687092b9f0f25e3c942083817fd3e3509e3848757ca72f692c44	2019889256	20.19889256
d31d203593b522ce63f31b88a360ee128a22f90a4c80d9837728ee9e2a696155	1999897680	19.99897680
d32651986cfa131c857c81668030070c3e3f5aad757fdbc5b9106532242549f4	1999998000	19.99998000
d36100595607f8f897c9e6b18444144b14481ce3219f6a57f8f5fa0a4a9b11c2	2004299280	20.04299280
d3665a19368700c271fcffca7554ecc87572ba43439439363aa4f096853ec9b6	2000000000	20.00000000
d3871530eb8a98a08c931d7391d0c47f1138d9f59b5a6060b0a033d51c8d512a	2001002725	20.01002725
d387dbff90ae11e84a71943ddad18afde3651c3348e9171fe8fdd922d8c47f19	2009990001	20.09990001
d38a2d07c7be34bb58b16b7d21975904fb43e910e23e9ec87c1896eef7272e26	1996741830	19.96741830
d390e2903a6c007dd0e4aacc927713cd1f0587eff0f806c9a4229327ca6659d8	2031000000	20.31000000
d3a03e695ca729dab6ae0c3531b43a4703d31dbdf605c72ba7f6883ddfa37ca1	2000000000	20.00000000
d3a8f4b4f0a1686d0ef7fead8b1503838a97accb883d19658d1e844f27d31157	2044829673	20.44829673
d3be15cae578e75eef4f9868acb4b9cc448e92d9b761ce333c19ae95c2b4e45f	2001243928	20.01243928
d3e41a50a163b9bfc2773552339dc53d0632d8c1f64b8d18ae781a1560589b49	2000000000	20.00000000
d3edd444f76c55a73573eda208d0291fa96122d122e8a9f40297fbf4ce25cb35	2000000000	20.00000000
d3fd4bc687d1625a1ba938333cfe665bf73a689a91e86d6ea2c522dd22b2a089	1969954428	19.69954428
d4085499646c83343dec0e2a12335cb80207d2ce5bbbfea7071e4188b46f5e22	2000492500	20.00492500
d41e3bd4c61f4f05dc8db95db436f2330c3b18c489497a13443998475403a7fe	1976062695	19.76062695
d4205ae0effe7574cbf87c2db51c7770ef3b8f0e51a41d28d791cfe7c4be1422	1974434944	19.74434944
d4442511237155709ea396bc2a70fdaec5c5dfe23f8fe33d3f47ec440335d3da	1978287707	19.78287707
d4689c4699c0c94b6088cb9a754e12c607d85ce9d056888c68e0ebad2339b902	2049868415	20.49868415
d4859ab638b6c2d7df58f76b237fa11c81c060c3e4c81602aa2a974bfeebfe28	2018815900	20.18815900
d494664ef29acdada3344c7fe020e0ef8e26bba6db21bed213789a608d722d03	2000000000	20.00000000
d4a18e791fa8cf540c21ee1dbba46d77262e89566082309eb58514c922eeeb87	2004109118	20.04109118
d4a1e8ae2080dd45b4f026b806ff690396a7382872eee961a34607f8f19ff70c	2009989990	20.09989990
d4cb9585c86a19fc5fbb0e10a1b857bbdeee6e2ad8c9b7642b5eeaafe07eb5b4	1996758090	19.96758090
d4d60d4634d877cfce0b8dde2746aa69cf0e49c02ef63f9219325a65f942b496	1999986326	19.99986326
d4d61043972169a4836dcd2dad83cea0a2e7a62085de1e16a687d91860616bcc	2000999500	20.00999500
d4e086390956ff933ed613c7dca2ed66b0ab0836f89ca77327301c6d2487173f	1984231592	19.84231592
d4e829f29b3c3bd0df9a957c5841d7c827c7e8443a372ec9ff5e771292617d94	2047097193	20.47097193
d4e97b8cf0cfb52837eb50b071e3f3bad8080a00d484fd1c7382e9370d6f43bb	1993948184	19.93948184
d4fc3324347a993af1c936b812f8b0e02ede46c519caecb42ed262e8d8c85140	2000000000	20.00000000
d509b1550e7ffc885646e0d34e12fda1e9903bc131135fdf6f8d29db90ac58de	2000100000	20.00100000
d51acd3f3805bb258d2a8d5017097bcbe2f9f8e8200fcf02778e5188777eb904	1967057945	19.67057945
d57f5e744ee6a3fe65a7a687b0beed5d3e85e9c48f45066cc7b87c39323d28b5	2012196080	20.12196080
d588053ec0cfcd3fd8b7ee252cebc956c98df339c9c814c9a972c845ceda01c0	2000000000	20.00000000
d58ae084793277c2fedceb4524d56c481505f0c4c5bbbcb10caadc81d16e48b6	2000000000	20.00000000
d5a9ef459abb570641b39a6be3f1de2d02aebabd3f6c3e7ff2a667221c4d4299	1996752000	19.96752000
d5aaddd61f43d3bd99069f51a05021b9b2add223a97084140e7069b5a7f1801f	2009873292	20.09873292
d5b65dce2d47f91227dd9d4938bd149675cd58ff6e826746fbc4ad28f593350b	2000000000	20.00000000
d5c5bd501f2385b7ad2d4c6c475d0a2aa9d70e248943f90628e0c40563351b3d	1999988195	19.99988195
d5da4066ecde756aa5e522c4cb55998ae7796719c51b318708e89cdd98e9b21a	2000000330	20.00000330
d61441bfc32d11e3e569b54465e22dbe44d06db77ba35d27dbb95906c41caf62	2005092765	20.05092765
d648c5f7f8ffb1c9e8eb2ddf75b80ad1ffc934c0613c4fc4d319726e3310a0db	1999999637	19.99999637
d66916047c73b88cf49f43fc9ec75d4abc979b92a2459dc1460efaf5a69c3af9	2009990606	20.09990606
d68dcf7fc697431460345064c9a5b333ed67f97d884af31d6741c3afb9be7c5d	1985788000	19.85788000
d68e4f07cdaf58744a3ed1ab09f758cd880724435a8db94f457bd8c274ac5808	2004290661	20.04290661
d6923b222f8fbece8e28bd2c683ea982dfd1cb0b72356c55cd2b104f7e23e6f0	2000000000	20.00000000
d694d659b12f0fd7a77eb2fb409ee72963610d14350d2edfb9ff39da4d579a8a	1999596392	19.99596392
d699f7fc9c5515a3ede5f68a1513a0194e876d1fdd72d4f80f49e4d7bf6f2431	1999987626	19.99987626
d6c9d7f971d0abe1af898d367c0489fd41e2b86f74f520dab87e849c64a7f988	1998898340	19.98898340
d6cefd55cd372875536f2a8387c8aab6c13b5df477417760104b4609b3abec5a	2000100000	20.00100000
d6d6551f09083917cd77d98ef884dac99dc6e138c230370ed9344230e3ab8dc2	2000109367	20.00109367
d6d65dc3a85e48a16d13c356a626f552e46b74709b6d8d4adaa304df8e924eea	1998000000	19.98000000
d6dcc1f980450ee4e183a9888b08bd28d18df5caf6c64cc66348b3e7edd193a3	1996754040	19.96754040
d6e376151276d28e16350c3044d5fbd2adc49aaa488c35089456d820031978fc	2004110492	20.04110492
d6f2d3daf80f3ff5aa33122e53fdb4f964aa9825f158ff2af045ece5df1f263d	2008246098	20.08246098
d703a40526b2a5a53d225895b7f64194117646e4b75bc4487adde4d41cfc3abb	1999995132	19.99995132
d718fa6b19de92986eb207342a9e179f26eba851da146d3a2f209474e4e091fd	2046004738	20.46004738
d723b05d52655af83250af6f79af98e2abd3befa4fc37c668af2164562d63074	2023538700	20.23538700
d78a8692f5cb07a76a47a76e557b9700488d614fd774e2fc5491179b40232791	2000000000	20.00000000
d7921a79683b21cd9c8f3926e04c4c6ad7966e1cf0d4a2cbe90b61a17d7c60dd	1966937482	19.66937482
d7c8b2ed6da508b2b1520222f303e4e1effe254bd2cc5755aa8c95ef62e1a72a	1999930890	19.99930890
d7c95ee65a8736acbd98784302fa6e92317a69176a3b9c4258e39db017e1b0b6	1964400000	19.64400000
d7f1796b80a4c8cd0a56895caa95bdea3557b3091790ca1c7f13635d71083be2	2048167484	20.48167484
d81174c5fccdb883d07208a520f457be3a1c89070df5469cf65d33106ea45c2b	2000000000	20.00000000
d83b16678de93b521417306f45102b032b9ca3ccbb4f0669cf86b19d91bdbb70	1985634009	19.85634009
d83f6031b135f0cd262c1b2568c68d3226882836dbc57aa3ba3add7b2710f4f5	1998992382	19.98992382
d85dd1a2d8c0a73779264b51ddfb83246fd356f1bdfc0afa9032b8ea9ccde231	2000049542	20.00049542
d876ccdaa9af01f5545e38beb3b7c47b1befe365e0f8405ac32a7fca44b9b32e	1957819939	19.57819939
d8d06eefe8387c3e9188d207eea2d9d1d307c85e88f9cf9ad993066d0227e998	2035497025	20.35497025
d8db54158ecbeb620b2151a72aecb8aa2b88118f3308eaa925768cd2694041b6	1986287543	19.86287543
d90b14707c0cdb2dbe423f6ff8478d834ed790eccbbf9800222b3f528c4723be	1982143426	19.82143426
d90cf4fbefbc8cc5cbbb9ccd669db3561811be035cf85aaf1d61e1294a07dca8	2035260874	20.35260874
d92280bd69386a7659c846a26447c65c69e5352f5f42ab67e905155317da563b	2000951524	20.00951524
d93dd6905de51f1f5d31b8e57b22da7b14c39685e0c8c89f97c912da4fcb0181	1999006050	19.99006050
d9532ec8b555bb111ee6343c016145cda1ffd02131d364e43ba470b2a53cff9a	2000000000	20.00000000
d9555aa4f7bcd54970d1400f2cb483df81c8049d32296d8507049066d08e0821	2000000000	20.00000000
d99a447bcf4d387982b76c2c638034290da87c12937eb6b7b4bd060c5769b17e	2015300000	20.15300000
d9b31dafec5f5593dc5244c438f924b3602437a6d9027c9e3fd6e9d88b15979c	2010000000	20.10000000
d9bf45b0207c55eb71c2a271e716e110cf6c7b0fc4ab7e78c134c75c43c541f1	2027616097	20.27616097
d9d8ea6b21597fac2ffa22411ecb3601e5a728c253efd97159fc71baacd94c69	1999997000	19.99997000
d9dfdf87080b871ebdd93e1ac87a06be9cc5ab57b54c8fbe2ffdc075d1ee7275	1950496512	19.50496512
d9f5916fee5389e4bcf9b420ed20041ce5b22376f4d09c9d421fd26c825f9797	2000082000	20.00082000
da0d41a157e29107b48c94ff5ea3ad1c584301075d617fbbde050fd496a6ac47	2026967580	20.26967580
da297804c6effddc4b1fad54ce5009ce17e041480a33fcc07379d86a53b42b58	2000169030	20.00169030
da33f3882e694ef964ba1a0c5d2747de9fe869111fb4c2cd67920a365d8dc604	2000000000	20.00000000
da35faaa71b4ce13f77d44c3aadf0c6a2c6fdf0bbb3acafdd9037746268345dc	1996756050	19.96756050
da39a88ad967582126987e36ed2d2f0aa6c4c6e2cc5180044489ecdb9320ab8d	1999939386	19.99939386
da401474cdd51461f78f50152fd2a649d939221bbf6d7ea4ad8235619ad041ad	1999260650	19.99260650
da51f775bcc2bc95c589a6a2fb5ede1e514a20fc8c4260ad0431af94dea5d54f	2000029000	20.00029000
da537dbf9b082579041efd40eedc437e1a3b8d913f012c405827bf3a428d1647	2000000000	20.00000000
da56a1b96e84eaed35b7c99798cb897a2a45900d3cb92feefe041b0c3614a7fe	2019670046	20.19670046
da5ffea06de3a5bd9bcd6aa1773fe0a541149bd62f8d3295f7bea8d730aa77fc	2000000000	20.00000000
da6dc750395452661e5b7a27d08e52b0ed8baf14f318600811fc9958ec2452a4	2001998000	20.01998000
da6e74da3649c1a4f058261ff3ff7318d8930ac477e7a0f85f3214092f66cd06	2000000000	20.00000000
da70f04b30093ab15ae6f6fa276564c17113a4b02894c27ed61f188e0530e919	2000000000	20.00000000
da84b23d88cf3af4b76a0ad4fa340f111227f4ceece2ef9f4c39e061cca71ff2	2000998024	20.00998024
daa77cedba2e510a9d861244efe41f90819372c6088f50ab6e2b7da6acf98038	2000000000	20.00000000
dacc0caf9594707f46b7d716277a3e4e8a9028a2611bccae81bf635d1fcb23b8	2000000000	20.00000000
dadc40cdf78c9a5f80aab6d99b2fb50030857f92ac37b342ce0c029cad36102c	2000000000	20.00000000
dae7d30e3da8ee5a93d97b21e20e0df4da4b5fed36229cfe586f359d69a56b1b	1999989422	19.99989422
dae98a5ec4e36b995bfe0bddcc7c77bd435081868a5f1d182b7d1194741a6bc5	2000000000	20.00000000
db01d59e29397ad3f7f39fe9cde298d32d36931eaa40f4ed52fba325929e8f35	2043647635	20.43647635
db2903be8c88d3875efb2cd704f3304939d62ec90efb6abcfa0adfcaa35a32e4	2000000000	20.00000000
db2ff44870f6ce6734919895c672275878252012a21648445a3300594b9c3787	2009989990	20.09989990
db356249a80a7bd3d7205d50ac8e4b0dc75754962a704f55183b539decb8cedb	2000200194	20.00200194
db395918185d2469e28205c9b5c3444d4c01a7a6bbbf07af9ead2c872e9e906c	1999983324	19.99983324
db43da793ee0c5344971b0cffab1f343352b36d03854b1e9ddf365157df94162	2009990001	20.09990001
db6bc9ac222c040c468e6ae068256861325470cda900088d3dfe5f585f985b95	2000000000	20.00000000
db7637d5a711955290ba0cec37349e0e4c034fd45f95f0999856c3f3eabd6f76	1999989236	19.99989236
db95ddaf8a9ccea287d3399da0821387f577689f67c6716570c7526ab6410c76	1999999776	19.99999776
db9c7eb81b08d785bf9fbc613f08966f81e91b91d19c10af71305510090788f5	2000923449	20.00923449
dba2418e8c1256d1db2d4dea79d2ce48927ab4c987dcc81812d4f34e3fa37050	1996747920	19.96747920
dba69f2e9342dc38d5613d1d5136b63d38ba3b916ac3464b7eb6beae62d89ca0	1998986608	19.98986608
dbde805bf29777ecc04984c06203cd62b498ee757ebfdbaa9e8b64fb242431e1	1999890000	19.99890000
dbff9dbb3f7489fe8e6b8cd0261dbac31ada847eeb7b9a3c9f0c4812198e2f8c	1999958440	19.99958440
dc0c7e751400dedfdcd7f8256c160dfd13f7180b24d97d0377ce524c25ad2449	2000821577	20.00821577
dc1a9125defb2704435a6eb1a89bac469309371d4a513a34f88767d841bb8d8a	2001660200	20.01660200
dc1e7948c2cfc0f70c56b7f717a48b501f1050b33372fd2053b299ace45e558c	2000000000	20.00000000
dc25c351af40617372286a4c1854a729856fb8e626481d05abb693813fb53f29	1999986700	19.99986700
dc450d3ee511115aaa78f4f8d54a819144a07fd45b0041bddcaee93fbb7a2bf7	1950100000	19.50100000
dc4bf5443da1d8bbcaa46b2a2e61e93323f78736eb182a08a14229d4e1db0d01	1999996560	19.99996560
dc4d74f6bfcb8e7a5bdc0e14071c8fd43bc1a5ecc0b4e17b5f6defd99d03d8de	2000000000	20.00000000
dc58ac66e4e70ea059fa816348607c7e5281548712732f4b06c7be319cdb5139	2008974400	20.08974400
dc5e7ef04277a613d45841782b39bf8a1397f274321eb43601bf354ba6a4057f	1998969418	19.98969418
dc866cafe0997ed695e8240d80ada1cf2575bfccf2f61af34db1bef6be91a54a	1980733642	19.80733642
dcac6081e07c53d24926d3c7e52201755907b22c7419feca2bb416134baba90e	1997988253	19.97988253
dcaeaa9065f265338d3bce4cde76bfe1526c630c1cbf9353f472824c57387143	2000000000	20.00000000
dcb390b229694cecff5fad73dc942b9673ff62bda0c2485824afbd98c03ccb23	2041945698	20.41945698
dcd271d18097c1394e9b9c1a93312e6c0cf559236a6e7de9e542d76484f11baf	2006162059	20.06162059
dcd87da59d404391794c7c28185893b6dafb982dc3082f154940530c474edff8	2000000000	20.00000000
dce2fbea8ad0096f3c4e9fc6eae7dd9627481aff1fb971234b212a958d7eb1da	1999990000	19.99990000
dcfa14ca60c9a8272a6ad6a2c953a6db1cef36878c05d477b4f6ac5000a98c38	2000000000	20.00000000
dcff7415839833b08351a1c9fe3d5f560f3e32f4346c9e23065461a237309a0e	1999572130	19.99572130
dd11826cc7984ecb7bf7338643374bd596c8144abeb9d6a3cee0d4dd0afde884	1965998037	19.65998037
dd16066c414560cdb00974dd76ad337bf98b341e1b8693698d0cc11df4f494be	2009981918	20.09981918
dd2cea4f4dfe76a4609eb9f131a2ed116e5895b29919b428a815bc3bc55e8356	2011996001	20.11996001
dd33837dec19d3e491e544395f69be39891da02e062b5270f6ade2cedc0f025f	2037366585	20.37366585
dd4546be7389429cb5bfff92f60abc1d53b53e5ba13f0b645105ed71ff652f77	2000096685	20.00096685
dd60e293e6b925a5ea9710b755994d4afc76f9ca4f35e769a9d0a911401e1596	1990000000	19.90000000
dd71d657943bc3467591961e055e3d3de279d06151cd77728bcba78cc5b9b44b	2005222982	20.05222982
dd7a545d9e8bf416147dfa2a1c19e6abcc5dde8022b0222680d6afa9e9014115	1991358000	19.91358000
dd801a41ee7c99f400196b7ea24d65d594d16807349ef45c5df451af26672cf9	2028428123	20.28428123
dd80c84b626afa5ba2afe2717592e7b4065acf1772bef92e4bc37b6bd13efaf8	2007820471	20.07820471
dda3cf6654c8bcd0ef1f2a9017702bc0236f608a615fa5598029f39a7e432615	1999999780	19.99999780
dda8afd7c04e93e69444ec9f300b3531abb37aca750e7d06e8184ca44ab20946	1999976413	19.99976413
ddfd0e9d606df7dd27f1308b6896f20229521c6417cdcb48d47e0b00d33769c7	1996737780	19.96737780
de1d47a4d5f81c1fd5c357173d4ffd956accef9bb5a724b6208fda0d3b3f5623	1999853598	19.99853598
de3dc937b5e5bc69088509b1668f7cb255dfdc6aad4e69ae1a00fe985377e3fe	1981273985	19.81273985
de8b189e837bc83ec05e3573174fdf9ded13ba00c31d947731ca0bc888d831dd	1999998838	19.99998838
de90523388269913622e07b0463c5aab57d6db8fcb9fb6a5e1723a3b2fe993fc	1996756050	19.96756050
dea2e839c5aee130de75b9852f1a2e4b8fb2bdf962ff883ee8d5b52162a84425	1999970000	19.99970000
dea99728268a0202de9be8f4deaf3a57c35540753afd3b8f069db44efddedd4a	2000737363	20.00737363
dec3288891eac2142058ab722c520d0a4448f449375ec4bb6295c6963fa05e98	2005328041	20.05328041
df06cc553a390390d762d9035c60eb1b6a54a9fe8f54380b3cd982faa396b67c	1956209741	19.56209741
df18d259bf9d8a0e91156ebd99b751e6457564ceebe600c81027688be1a7aa34	1971272202	19.71272202
df20bf8c12ad179a194a46a6e7292d8c74a355c1c30b57a54df3d62c2139f696	2000138500	20.00138500
df2ce049e93ca671c90421f59c3bfbd7ade51909b9ef948455661224998b8964	2033722006	20.33722006
df39a82f23a0b38099c52f856a0ef379a204586be6628f02ca1e246fb7333795	2000002340	20.00002340
df4f258a60ecd9f8372fe681b6f643c8f4b248dc070a7e11f9b4b5ea766e01a7	2030335559	20.30335559
df582b7925690cd37a748e229fb254635372a150141a9184ea060ddf0bd83cdb	2013052108	20.13052108
df5de1b3b654d214348c5f201a2d4ae0fd9620a37e95c8bf2fe7d1c1a7f340ed	1990499319	19.90499319
df688666691988cf546e3be03697da6660b6457a857342b43229ef78aba03759	1999999900	19.99999900
df78da5950008ec7cad53a4e42d90cd2efe7c5dff700722289ee459e16e771f5	1958442685	19.58442685
df92f39c4d0cb063a92e639c9cdb95f60e13e266fb2812d9ad79806f4a1d3e55	1990094064	19.90094064
dfd091dde9c80791042ebb974e6b48f5efd9630179b8618e7fa70990c4950f88	2000000000	20.00000000
dfd6073106852724c8084b835a4b69205c7bf9cf818734073c72dd8c3aeee77c	1999998020	19.99998020
dfee79573182cc80ed57f4c093e783eeb54065607e520506296a6b6548a4e8e4	2010593007	20.10593007
dff6f3ac795496a963b94d6cf4e6c7d147bca3685dc1bf8a613ccff5461e0d80	2004000000	20.04000000
dffd8ca7632425412cc8eab6189323d2c6ee19b1fb31a572f3d19dc863602354	1960000000	19.60000000
e005498ea392f538dbf396f0819ec68fdea9990fb54afb782f60748cbd84402b	2000000000	20.00000000
e008fbce0ad51e0a55173a15ffe8782d0ac949cab96ddbb60f75ffc0fbf7d29b	2000000000	20.00000000
e00e59b179dde0a0ec0086ff389e221697fd778a728a19f3239de29e3b8d0cbb	2037957982	20.37957982
e016475aaa86797484009163a117cc8191f986d9e9c7298ecaa2d38e07a60dbe	2000000000	20.00000000
e0294f27ce47cd62884a04776a537b87686056c95612ede41678c4212bcad051	1999934981	19.99934981
e0390aba69bfd94e3188a33b19620a6776b622f9ffc8ae4bffdf380846b2b116	2002485234	20.02485234
e0486d4832f86742242c04e0c5c47a18c48ff456d0c17dfae61d8be5e893b0ad	1984177100	19.84177100
e05b956e344bde09148ecbbe0d967eae5e31e3b2a665998e43fec9f990a2d063	1950539569	19.50539569
e077d266743c754f7fd812ea23adfcc4f812423aa2f5562fd656ad504607aecb	2049699700	20.49699700
e07bfa9c2f940787ee5bb8f2c59a9e92bf7c6fe0db995ebee5580df7ee1a3b24	1999849581	19.99849581
e0843bb9102e90b48876175f945457702b23303c627484ea59e7f42283f4c6b2	2000000330	20.00000330
e0c5b79718b5702e216923773196e76415b63e7e7be01810143b6d6d40792f63	2000056658	20.00056658
e0c658d2d74cf9ae6c930bd6b45c98fd564cc82049455f6fcd18e283739611b1	1999987729	19.99987729
e0ca67c334ef4067cf18641ba3055f495a7ae7eb581e181f756149ff60447410	2000000000	20.00000000
e0cff62ff4d6085d2d4fc2e742a08c65bb33fb7544be85e54eae62b2be9d65a2	1955224743	19.55224743
e0dad1af60621c71ff93dbb1b792c2d3834febe7bcd2fd346573574ea8718bfe	2000029000	20.00029000
e0e9db95667f2f5f324555644d76fb9f6e3ea518c9009844694133558cf080dc	2004973244	20.04973244
e10105e38e1cd380e8ac0c19cb6a4eb40d8840f59425b979707ee2eb7734e783	2000064800	20.00064800
e10a3e16c4952501b0fd6c6b463c7e88a8ebc2a07a87920ae9e995bf7b3c4be9	2000876784	20.00876784
e10af20bd11ab945558b7ae0206884affed101187591c738837b8d2135a0ff6a	1989949332	19.89949332
e11b5f1d30994eff724e56a541314b86c0ae90721fada56fe624a29cfad6c341	1951879006	19.51879006
e132f4f0837281d902690e07b57c75adf7cac4d2357166fa246b1ed22e525f42	2000000600	20.00000600
e133951d58324b76fd14c96ca990e4705c5b0bd3e07b3b4cf0e00f3b66c7ad53	2048084256	20.48084256
e138658aee6c19b16cc84acbf197ced7dd362435a9e63c47e4943d35a853f921	2000441998	20.00441998
e13a0f9c11996f377f40bc3c30760ba29b8201c026872c8186ab6bf384bd90ec	1967458277	19.67458277
e155bc3ba028ece88d398ec7ffe5b9bad15976d5a0f3d74c88612cd3c1275aef	1995334506	19.95334506
e1677a5ea1e646ffa737e153001348957794bc7de181ca1ad1df7eed2cc0a252	1954910458	19.54910458
e16b9dd9460b39dae8c5eea613482527048f51a443eedc93c4807476a1245099	1999994166	19.99994166
e177ce2005ce4c4b683ab7ae680eecd10fe0aebcf2a3a63625c4ec8560a8f1c4	1999996888	19.99996888
e18a2250e20952ef8c4f14814f316c4daa2e47c3d6460d4d8b94226263f94432	2000000000	20.00000000
e1912b9ba2c62c0b2fbe49c2d56bfe21efab7743cc329132a126f3c247148753	1958004379	19.58004379
e1cb3ae163ef70e6485bf17713118a36dae76c1177e69a63c3a5ab831f330d08	2000000000	20.00000000
e1d064d439c75b5008c1de3d98cb8cde25beef3b42c251ca7fc16f03f9ddebf0	2000995503	20.00995503
e1d98d99d2543811f85b0623bc356017b81a7ef93be060ae2b0c7ad235e8dc55	2009344263	20.09344263
e1dda16f0daef23db87769c9cad8f5448b0eb7e532f4f14d82710feb5597d208	1999923600	19.99923600
e203a9e42ca7ec84cb5b4fe43f0dd5c4f5c62d5d6b3a50dc83572faff8f498d2	1958897558	19.58897558
e228077226c1bec82f8e4ad0cb39d66421cd1d9f0cd691e10b22694f382a5e6b	2009990419	20.09990419
e26a51c6ef0afaaa08c3ae3e3932989693a01cfa443ab64b07052e76982fa35e	2002000000	20.02000000
e28d9870968d4e281ceb11ab9ec462609d9613d266f3deb06ae3f302ead85f93	1969976658	19.69976658
e29d8f217614edc175ef02aaf6a000d781dc9eb7b2cd07352d557941b45fc73d	2000029000	20.00029000
e2a729a68a5eef51327424c50aab1dc72ddd92260b15bf26a8256a5440f6a648	2041254947	20.41254947
e2b177fd1d5f2bf3a26bf76ee0c6a4da6ad169b8e357789f4133d021946d87b0	2000000000	20.00000000
e2baf8338c6f24d7d6c9ec31d43595625434821566db9a28d45d80e77ce05ad1	2009990419	20.09990419
e2d1b817af096de9889d3c074757b783c5f11a909b7b3f3aecac806acf35e2f7	1999709400	19.99709400
e2d4974c6781f42cd2967c4ec3d92ac75b8a3cf91c08efbb210aec64dddf4724	2024971959	20.24971959
e2e6fd353a42b01db7072f69f465b3979035c38cd25c44c55436740dc2b433d8	2000000000	20.00000000
e30972a1e256bcf0cc7b14cdc4f996e9928cf73e5ac101c03a754a943a54d408	1999700265	19.99700265
e31940f2f55b0ccb1cfefca88966962ea2e8853ed0462d3fef8968f21f3b89a5	2000000000	20.00000000
e324ff9179c4d1e6fef86da7a7831d7587d13bc4c6fc699375321f7d94346cf7	2000030000	20.00030000
e32ae69fae8150a6491b665fd857e1ca87b10100e6a24663b6a994b30bde9fbf	2010896498	20.10896498
e32d719aadce759fffa904b9f67bce29aa29cf84232489ca4b5af8b17f905a21	2041105438	20.41105438
e337a20f45cd2e6677723e16e8690c696ff929dd8f2b5fdc46f05f39a8df3e4a	1999950000	19.99950000
e36a8e802cc52a02af97b57c829ec9e7fa879ccf12c0bac4ee841432c13b5721	1999999730	19.99999730
e3796b5526b6a6e7e73eaa61ffb6682b750c51b8f8221eb2a85aac2adc5d2101	2000076283	20.00076283
e37b4332828a748ff326a85da650c71bbb58069d7811467ee9aa6dbd6a57f168	2043143284	20.43143284
e3af20f9f0452692578e9aa5628fbd86ddd846013279ae7b90c01527b4562357	2009990419	20.09990419
e3c2296f9a4a2b84dad481b4aaa91e9adccbab5dd37331f7c20293891dfe2e74	2001705763	20.01705763
e3e68652b30c1971b5291924f9b8aad2a1a4260dcacab754bb51e3f204b5d4ea	2014194879	20.14194879
e3ff7db5d36e2f3fd494e93b7900c006d06428e21fbd3cbc3eadf2dac4b4d4cd	1980549709	19.80549709
e41e399cb4697d82a7f39609243f7976c35a26a3ff9ee23a3cd7b1dc9658e46d	2000010000	20.00010000
e4463c394ea5015f2fb897f6971f5e0166b26fa4eae54af9cdd921f360383158	2026574479	20.26574479
e448891654cb9a8799575e7800b5ef44932f3e288ab59071bf1d5b9087ac95ba	2009989990	20.09989990
e449b16405eb244551e2261cda90f384af2e4fe11078fa0885b0546e2b7d9fab	1990952709	19.90952709
e4750eedcf5d3e9ef77f43bb8c7677e7dea0a8721f84612f260dd09e2393ad36	2000000000	20.00000000
e47a862e10a654774f0ce45a16cc4fc218f8fdfa9d493c69945b6c1460b5ce9a	1963815731	19.63815731
e482b1e512e5567426a63995c2bb97d1067be09341cc6ee271999f4f1052054d	2000308407	20.00308407
e48674ed9826f77ae2625b902475cfb8a7603f0cbdaf58755f6a838be0d28db1	1980876000	19.80876000
e4933166053b16547fa3791db5597955eba762ec5ad21cc278b28d30057a78a6	1960000000	19.60000000
e4a808d7ea002198670a17029136efce6df2d4b9c5e23e91cdafa19dec694544	1982963544	19.82963544
e4aa6a1657a0b83587025673524418cad27b2d45782b7f82e2449fc33950cebf	2008725357	20.08725357
e4aea598c8562392eaefced8e33564032d14a3c88acdc481b0651366f886ce71	2000000000	20.00000000
e4b3f98e588a4a8b1e3bb3147a15355314aa67f1842fe5da5740b9fb9dd0bdd9	2009258461	20.09258461
e4ba543833ab79f1c2c8f0b0c6e80118e968cee8debbe72bba508f8455fc4121	1958816555	19.58816555
e4c4c81e0753fdee62e3a45ec402c95a3170d73871586ee149e65befcd595c60	1999000000	19.99000000
e4cbf8fec2e017c4012ad7b397d3272d8bb4caf4859292461697e46fff9e61ae	2000000000	20.00000000
e4d070f62346db95a35ba1030f18a6ea7c3b6620d7bb239ae28548bfee2b6872	2000000000	20.00000000
e4e23747fce73518a999278e0c0a1fa1169d15eddfda9ad0d9b7b0ee03d61ce9	2000013848	20.00013848
e4f29359568ae441c12348413612abdd6db9d08c3cca1f4558f525f322db2fd3	1999980957	19.99980957
e4fdda221449b1533da9f0843ed2f261b676f0bb340c540269f5704d93ad5560	2000042000	20.00042000
e51009e92cae9358309cc68f7064aef4204b13b0d435f20ae8a9b04db5f3fa00	1956045927	19.56045927
e52e4701ca476e7b8a36c97d52f0f5b9a3be16b9c20470ba16ea3891ca7baea4	1959210482	19.59210482
e5306e73845fee106d3caf3bd7c5e47d89b766da2d5aff7c10ff5c2c7feb4cb9	1964033795	19.64033795
e546382ab7b243b8d10843231e0cbb13b17d958690efac324b43bf2123710f8d	2022479930	20.22479930
e55719b0e2e5026f683f4b74e289855d2ddc555543d1a1285d5b25512d002013	2021940330	20.21940330
e557e43fa6200e70572f14f42b6f8045374ed1fcdbe5ec3ec27a9d4328b0bf40	2000000000	20.00000000
e56903fd7a5bbdf800bfa2c14479d09f0b0d1a154a42e9398aa2b774c5141d4d	2000000000	20.00000000
e5a2dd6450ae8c98e0b706146d152efef55d0e8bf15d332bcbedc4c598d7db92	1999999568	19.99999568
e5e1c7d40d330462230bbb224554a82c3c1a2d389dbdbed7d5451ef7070988b5	1999654800	19.99654800
e5f06a60e4bd8e389685643e02817a6ecf66b686dddff8eb64b9b675158afa9f	2000000000	20.00000000
e6026a6db938a0c3fb34fab0c79e0bce4deb8dde29b02e5aca34fb8b7299958e	2005035890	20.05035890
e60f7161c27a8d6949d5eea16011af74143da60adbbe818117addbb034e78326	2000000000	20.00000000
e611f8e8b1c321813d840c7c275c480e1e67cd793f4c8756e88edd38482c48f4	2010431727	20.10431727
e62f32ea4d26679a095e63d1ed0410c98d15751255d04913b759df26e27fd634	1999908661	19.99908661
e63df396d3f3b4f24c4f6b14c624afd594e054d057dfcffa731a97e0db155524	2002188339	20.02188339
e651b6c12a194c06e9e4ac4ff1d78842c2e0428983b3c92f46c71cd15cef4f1b	2009990001	20.09990001
e65bb66f0d0fbe9d32a019170eda608004a9d64464d34a6ec29a64a6236265e3	2000000000	20.00000000
e6a05b4c3512e74e3072109d8ca1ab01a41315c61fca9b24e1a4611a8d5892cd	2000500000	20.00500000
e6b37fd45f2ac11e292cc9117da29451efd8be19429b4a891716cfe7882c957c	2000023093	20.00023093
e6bdaeda06b54ff107b78f09d99b7d128272a68950720d6f8c9010d74e5841e5	2000000000	20.00000000
e6c298dd371c96732f1c750253ab49e8a21b9c37fb2fce7e0bd680bd02b33e98	2017407000	20.17407000
e6da48c8843a49c854f61b4bd9c9be1028c3fbf381830358fb7de551e18136aa	2000000000	20.00000000
e6e134926fe401a12d92dc557d55c1dd395c311f27ba6f8620c1e8395bac3c7d	2043375303	20.43375303
e6e8756762a0e42df0f7e430ff15566b16128892b5d833ca73512bbcbb91a8dc	2007995856	20.07995856
e71f1959dcad090253a1860232714a762ad45fd339dda89836f80a11b92bdc48	1999898210	19.99898210
e7569fed3406748a785bdd0ca58ded8b4db234dddba99b95bdad6b2fb4cee14d	2000000000	20.00000000
e767231af5d3cb69acf9e937c6789a1b9dec4611848f1f340fd8e5d31e485763	1959023966	19.59023966
e76f7a05a9700b0ba3961cabebcd86b2dee89e33a33637e5e84ac883c2f63a2f	2011803491	20.11803491
e799db2eba9ba776011e8d3d44be14929deb444e04592d938c4f4c6f595eb7b3	2000000000	20.00000000
e79a1283bee58acbb3f9059ae48f9c43117a035e3e95e3cb09a15bde5c7153f1	2000222000	20.00222000
e7b03cd75dd26ffea3066dedf40c5d1969c1b16d317f78d13aa2e03da499aac1	2000000000	20.00000000
e7e06221b47bdb59936eb5c0955e90f44d936bdd0b4e0ea2a9a9acaf66ca9593	2050000000	20.50000000
e80b23728c15f6ac9a187c7ead50bb983c4126e5e1ab6926363d79892575aa5b	2025105381	20.25105381
e80fded0336fa5974cd0ab218f52e37ac9c4e68f103ea63c5f4290f487e664bb	2009990001	20.09990001
e816f86590d4a3b7c336c3a6865e415fe0c3407570d8da4d550cb3d5b41674fc	1973157459	19.73157459
e827fcf9b4d2f3bcbb9d5109d4dc81fe35d62d9f5732abb802604d3e3340f25e	2000000097	20.00000097
e8299245dd982b9e4b27f0919609b3a74350be7a5b9d9c3a0e589c89690f8446	2028344300	20.28344300
e8389a9354a3e86319a4c318ee334efaede5233d44dee2fee1af5dfb4af45f36	1999978000	19.99978000
e838cf4b4d030c53d194bff7860352ec8fa422fe988aa8847b7f8defbe19ff47	2000000330	20.00000330
e83a4b0c997a4ac88139602dcf9e260afc14dd15e7a21c21910db39704152c0d	1962914477	19.62914477
e841e2a9ed4ca75e073ff5bc3accd674426bfe14ce331d6706d59ad94c5dfe5f	1950919858	19.50919858
e8448b7641521b6625b95c4713a23f21ad4e14a87f8a08e1699b3e623c4d6540	2015621063	20.15621063
e855d3836d41b598c656439cb872fa683fdd9e5960d01306af8908deb366863c	1999999059	19.99999059
e858c5ad07a97afd7d732b28c037271bc190173d38ae8dec69425a7e5b97c01e	1999998739	19.99998739
e8659f259500d4d4345acd96f43a65e550ce4ac2c6802caef2a3d4693573ed91	2008808477	20.08808477
e886858774ab014bda51ae0ab0b5639c9ad8e938afe49ec45def967c155a5372	1997876987	19.97876987
e892aff9850f90f0847f9e11b1c94dd75ff82e93f3c12850bf2fc7b2f04e31aa	2000000000	20.00000000
e8a84c710c36192be947561916565f70c83c402e54dcea207250cb5e3a2b36aa	2048263772	20.48263772
e8aed9879627449d2e40234da6a1a4b673615259cfe2fc7415bf6ea48f82235c	2000000000	20.00000000
e8b9fe0d2b346a3e34c4448d0fe5073060cf86791cadf0cf7fdf598252d28c36	2000013690	20.00013690
e8c2841233dc9ea78b08b0984d4509a3bf9abf3a7fafaf21f664287747d75c2e	2046772901	20.46772901
e8dd9616d1fb9861028e671e659f2642c24fa77df4c8a22e744110f1a05d5edc	1985877067	19.85877067
e90029ee3bb07eab85dc48ccfb2343d41eb2f82698fa7eb8644fc1d08bd98499	2000864925	20.00864925
e90ab6ae2ed02ec6c53e81b0041723a75e432eb21979808ea50f2e99868059af	2000996535	20.00996535
e91215a9c3eaf83d80996807cf987b6ec3974906d6f1a3039a587ec14218a3f5	2000000000	20.00000000
e9347a8dc112c2499bdff0d8dcf9b1d98d51692efbad14e543d4e7c315dc0632	2021846616	20.21846616
e94a5de150ad5cb7935b1194f94afe95367f5d7e9d1bee10f32728491c3fe61c	1999906361	19.99906361
e950ed75a641ac64adf56b406e559a6a5dd22a4bc4c6c597ade6d7f07e8956eb	1975502863	19.75502863
e96e012794a88345786a42457ba40f49eb9a0d8458516f7f74128439eb855d54	2025457604	20.25457604
e98aa3e8828c7da32bba8d15022877f84bac8004ff317a7e24cf3edb5f8092bd	2000300000	20.00300000
e9b3bf5f0703bd5d31cb34ef8ea5e04bc3246570edb95e6858696bf64c967283	2000154119	20.00154119
e9ba1639449645030fef833918d0a01896914647999eaa0688fbf7e8aefaae8f	1965217847	19.65217847
e9c2c96185b40a07502f8f2f72fac94a9f608d7f6980fcad0a38e3536a2f33ba	2000087767	20.00087767
e9cad152752325861a3004d1ba8f6632fc55adfdf43b0464b9a597997f9174d6	2015883000	20.15883000
e9d1dd70df0249f6c54f9430213367b7a95f0932966a769104c1b40371922dd7	2048900000	20.48900000
e9d5a2238f5800c07c0dacfa8fa8ecca5297c6b9349bb9f76d72182a3e9f3d7a	2008444515	20.08444515
e9e5236f989d50c8e7e012508ea65827da5eb21ee58bc3d4385cc5813fab092e	2002923764	20.02923764
e9f193f79eea879e840feee2861b974993a3495033c88dc7f35b78f3d1d61440	1953996000	19.53996000
e9f5731102668f6ae93f973bbc174241ef02392a9ed209b7a12674f71ac8b206	2049115900	20.49115900
e9fb4df17fe087ca4fb3d8d1021537d1135afb1cd0ee72e86d909b799db8b8e7	2000100000	20.00100000
ea05c9f4d039ef89eadb9f330f785de9cd782484e6d1dff1a2c633ed0b29b53d	2009990001	20.09990001
ea253ea883a54319f0aae1291c3624df151def0fa6d5033e2d73476bfadfbb22	1996737780	19.96737780
ea2f5393cf43daa16ca3dcc045adc163d1db8f5177376ab4ecacd8f561c568b3	2017602100	20.17602100
ea3a19b62019ef54ac6d31c22e540701175a51e33ddee5bc19601d0a7004f10a	2023517203	20.23517203
ea3bf0f7e27a91f09f0d75cc4f1da5910ced59d45ecec4fbcc01dd54f0efc6a3	1999997900	19.99997900
ea59aff11279fa2d36281d749ec700fe67fa2689349a1bd0adf27a42377077b0	2020764877	20.20764877
ea6050e8cb0659bb0d480c5654aeff83955f1fd10a9df1ca6adc73dd437290b3	2000000000	20.00000000
ea60a5fd3464c797118bd20d2c055c9016ecad79523919e09d428774156d1d1b	2000000000	20.00000000
ead31afa30c85942ab78735fbda9dee886d1282a184d7bd6f792b8bd7473edd8	2022698170	20.22698170
eae8cf260e0f0d75424b69b83d88f5965d4b36595ede6f1c07ffa9fdc590c598	2004900000	20.04900000
eaf6b193551906d6175a048d8162f3e860a6f743983f8fbc765d31a8d1d0c42b	2000025000	20.00025000
eaf874fad3b156760d1b00780fad086d57fd0d669842094619c3545db929cbfb	2028902342	20.28902342
eb0ac53f519267654c31959cbc6d313e86089038a7ca349d8e6ee2325202707c	2000000000	20.00000000
eb151c7dfdd68fa649aa459a2b1d35bde4be24a21a4c82babf29f4e9a8e21791	1993779999	19.93779999
eb1e5fb96afa1ed550cab9e36863fb14e60a9f3c7b5612582848081f2668fa06	2000031654	20.00031654
eb2b24a575c0fc5fe399d73e0e4f8f7cdaea4d347df37c18e871af22c3e4f677	2000996663	20.00996663
eb30cd020cff4a127fcd81117d8587c0a701deb98a5ae92c18fad394bf664777	1999996000	19.99996000
eb32eb6ff0c6d47aa56387a242509e61bf39ccd5b073d9450214bc84af56de88	2000000000	20.00000000
eb356dad768f7df9014754c661dfe86129fac78aefb000b920adcb59348dd69f	2000341800	20.00341800
eb54630970b72548623c577545432c190f17144cbc5146dc0170673fff00c796	2000000000	20.00000000
eb64335eff916142d3d5e9f54fba8ed3f801152f61a6512444702cb18d78c6c2	1997870151	19.97870151
eb69f0a8b5c11bf4fc204f807f6a25c47c22f4811ff2f9d3e88741f9463e37d5	2000000000	20.00000000
eb6cf1a68e2df3f589b258ecf992a42f6cdc92bd0f666ca7f35119b00928b0d5	2049977258	20.49977258
eb7ce1959e558e790653c0703f2b89c0e21f6ff8e2e06b675a841a83e74a3128	2007276000	20.07276000
eb7e69c7818ab3873f446f4009f823fada7832f07425b077c2430b570df76f0d	2023456119	20.23456119
eb883828e9fb594997b30a062bf506f6d3c96bc0ecc01c358659f3dc0dccc669	2000000000	20.00000000
ebaa746f95ee0260359c712f42a8076b5f55298444fdbac98c344aeefe90ab00	1990497668	19.90497668
ebcae4b5fc7a6e76e213936e5fdb43f3d22606bbfd06636347cb5b0b6529ad10	2000000000	20.00000000
ebdbf3a59ba64ecb419ffebe4fc02222814c85d96b122725c2b5437003e4ebf9	1999989000	19.99989000
ec0d102dfaa6a093567fa022bec67f9461ddc3d8b5e73e4a17f66a5bd91ed642	2000000000	20.00000000
ec3fcdd1b43961289118683b3869678f083063d09b7d89839baf6696082cc394	1987838105	19.87838105
ec47517bb76be6d1d21256004ce5e03f82fbe3b048769d72c05078277e03bf73	1999999780	19.99999780
ec673aa74ddeaf43c317a2fa5d4f7b950a2d85f7ed42bb7f2ce7f0e28ade0950	2000000000	20.00000000
ec6902ca113b77fb53e47aeb5f6a829f99de77afa4610036900d1ecf95bc477c	2000000000	20.00000000
ec93a43c535a44554981c69241e73cfb020d279f56e64dfba90dca8635abd17b	2018161872	20.18161872
eca7083ab8a17b48021a0c0c37fa35f2f514a85027f5831606433aa9306fb334	2011874839	20.11874839
ecac40c7570313d51c4034699aeff3c06728b5376461ca95c575eb6c751ce3be	2005000000	20.05000000
ecb1ff141824644efab01937f42ce668d1a655f8dd3a96a49fbef64b7556d339	1985515557	19.85515557
ece54c78ea1a7665e5576375ea26f05bad08863a7010fbfa9b5912c1134863ca	1962531000	19.62531000
ecf04ecf7a817eaae6ea111c024a7ccf6d06064ef0ee0508c2676d271cb84f8c	1962635496	19.62635496
ecf2237a9039d889722ed2035ffedc9c64d4c089e2c96c9f9dfd0ba407c960f0	2000000000	20.00000000
ecf95964ae59402c20ab105bcdd767664671866affa8aef2c692527b946ddd0f	2029708400	20.29708400
ed1630a4d47746b10d74e6dd4af5c7c4ec05ef94902402c9922ac6f618b05b4b	2000023000	20.00023000
ed379c2e8ddc9d8852803b2539775975efcba1ab5edffbde9d8364a49cf4af8a	2007952973	20.07952973
ed3b4ee864a74c83199c3dae2fa4053cd3d3b9f2187a1fbb83f4185c2360e25b	2000000000	20.00000000
ed59f715fe2226c1d2d85ca058c1eb5385641b11b996cff0b8d5620098d28f6e	1994150835	19.94150835
ed65c65cc4096896f01e5d30e73e9feee6b6b3b3d67e31c4b212fb1f73732e98	1989861694	19.89861694
edb23e8c1aeb04538dcb2a9c4d585e3c3671cbc4d75524c2906b01f7573d8a50	2017656828	20.17656828
edc3c9ac757742ba25b0f21464023073d450e696e0f6df4ab48857cb4ef8881b	2000000000	20.00000000
edca9c92dc401eb77e53dcbbc2d41c1f045370c04bff4a06b321db9a14ca6774	1999994285	19.99994285
edd0e63be5f15f29564df4e7698bddfdb4e2d52f3b0fbb05e5291c15bf88eb99	1999997131	19.99997131
edec1a832b0268b9a369acc9d61a7ab81c276ee0ea24f5d1a7bb10cda1a07f7d	2000000000	20.00000000
edf22f3b6e9e0ba8c34baab36a3f9d454538d23ecc8ed060ef2db5be1cba4173	2000000000	20.00000000
edf2f8a7d271fcde87bbb1343cfda138607e7976064aef1b5014bb7369bba8d8	1974964214	19.74964214
edfc940d97b5f2990e58de0be2eac0d83770dc4e7482390e7560c494ee78e04f	1984718531	19.84718531
ee0fd701deb117b3c3404c3937c305726ca84aba28804ab56a4682573bf4a21d	1959437867	19.59437867
ee25771adda524633da49b20a3d7f1698f1d3ec5e34a22ad8a0e0b75b38267c6	1956799530	19.56799530
ee27e9d925a0e145a943359c7fbf3c6ef85eaea7c069fa0193714e140be33b90	2000000000	20.00000000
ee2b49f9731ce47a9805d3d71fcbeffa26f323887e5b738e4cdd7228e1800b59	2009085854	20.09085854
ee32f413976b316d67a96b567b63f9d586e21f83c83442cf9c8273c8985c8d44	2000400000	20.00400000
ee47fbecc41075516a798b5ebc753de8faa40e50d97d9d0847fe0d8b05b3e363	1957632563	19.57632563
ee50cdd5c7163ff4064261f63082662086b18af50130b55dc22bc054da9cc568	2002465620	20.02465620
ee602745c5f4cc506d55bea01b01eacd5e8ed5c85404b9b1adb63a3622e37723	2032095138	20.32095138
ee8b6ab876a2ae91b6a062e2ccd4ea5701808c5dda62248eea74fd9feb2ce31f	2000000000	20.00000000
ee9c6a8013ec249e782fcaa27e069ede17fb419041a5059872fd0c5b49731108	1999980653	19.99980653
eea536da812569187f73bac12e1fd9b5a67503357d537d059c2f07a93dc097ed	1955568884	19.55568884
eeac48da4baf78c3be6a7574f818eb251ca59b0526d64aa4ba1033d032b62a67	2000000000	20.00000000
eedcadedaeb467302cc9403a2be390c8c06866ee4139c987ec508444d58522e0	2000020000	20.00020000
eeec53011e390f98e31720120b580e968d47984c569295f0654309ebffba20ac	2017665000	20.17665000
eefa8454f9d481e748875a0188c2dc23550f142e50220f8a642fb16d801d7143	1999826187	19.99826187
ef01deda6cfb200e0df42e81d7c9d92da749ccb3b67a1fc1db1a31d9787b8a68	2025586414	20.25586414
ef11005206d9790a2df6c1fcd85bb307b10eff993a4cabfc53e271def9a68722	2000000000	20.00000000
ef16c7edb1fdda7c68f4b28979003d72569abd8118200f426a17e6a04e4fa2a2	2000000000	20.00000000
ef27cd71e2befa52f613a81181dfa0044e3b67faf1d21c7cf072a36fa942e879	1967813520	19.67813520
ef28a389931df05dd3dfcd42943eb2292bc547c38361057513308652e0eec82d	2016675963	20.16675963
ef69ce069f8da80421105c85e2babc59aa529b766c0cd5fbf58f10e1cdcc48a0	2006361204	20.06361204
ef7648c8f3d79ab0f0ba42fd01416aa7f3db47457b0fc5fb796b79ce4cc88fad	2000000000	20.00000000
ef808c9abd456f03ddec185b9020b64ac36be3988505c8327a9e56f2e034aa03	2000000000	20.00000000
ef883b9ba3e94bc6dbf3b3e0bbc23834abddc5829581058ba395ef25d234cdab	1984000000	19.84000000
ef8d75424d0500d16e39b3d19be42538749e9a2e474f5103ae81fef9d92e8cf4	2009990001	20.09990001
ef8fa3d15dfa577ca87fe897e1ddcff492579585e842f8253bcb5b881233746b	2000000000	20.00000000
efb0bf2e9e524433cbb9e33e687f2f6a7a4a9cf52e3acfb5f741f759e5e92ab8	1999981553	19.99981553
efeead4a76d12082e5fad0923a06b03165d77f40cc778bbac0410b88a3ca0c5b	2010000220	20.10000220
efff2ee24479095ac8480bfe3f214576217947f005b683c6b18d49e78bea980f	1999974042	19.99974042
f0092e6d6bd3b0924b1f801af2b0e4b69189ea736c58a3e5b9181c51c7262a58	2000283924	20.00283924
f0092f2c6023efedcb641b376ad93e5dab3c36441fe89457b02fba0a490cc493	2049999295	20.49999295
f04b9fd98fd2175abf3e7261db08775972aba7ff6063322504d264458b3a9e21	1994989776	19.94989776
f058dcbcf62b005634271957b734dd16fcfcad7f2e419acafdffa8910194b6f6	2000000000	20.00000000
f05c32644ffcb19f7327fdb0603ba4f92796d326b71f4f9b9f839d372a0a9653	2000587853	20.00587853
f06f20a366efc6ed984735f0fa03387a3c929546ddca69191889c92dca9b99e1	1999960600	19.99960600
f07c48a194d9002f57441cf9a0dcf35ddcdc5a7c23507ffcfc3bdde7ba2396de	2010000000	20.10000000
f09554ee6d74ce248b2efc9fa1ec331e53027664851b953736ecf33158e628f8	1999960000	19.99960000
f0c3a144afc5f7c8d439944a6c02a8eaba6920c26a150550ed3776161f393508	2000000000	20.00000000
f0e1303a0a9bc904555fd72defde1c77a7de49841aa54345902eb7eb23ed57df	2031708850	20.31708850
f0e30482f903d01c4c1b8ffa00dde3240673b93dd867068e0046ac28df611032	1988112997	19.88112997
f11b7bee15bbf2e6f7b383f42c7dfd218a70511b02a68f1c6df6973e750573f4	1999991883	19.99991883
f12d262cf6a396e75f7f442bad93873d32970ed060cf056d7e5b246dd6bd318a	2000000000	20.00000000
f12f3ba517d86285f6cfbcd07764b0c88331afd262aa761866bf5cd03ca305cc	2000001230	20.00001230
f1562dfbaa21a4e7980bdf74b7fc9c4fc39d5a56f7dd06df828c50d805b5c9a9	2000000000	20.00000000
f16429225f705a090ec014c55700fa7bf45e4d695bfac6a23b70a3f1f1f9ad61	2000000000	20.00000000
f16d576b2d405f9bee896999ccf5270fbde57064d9fd27f4b90599a2642a74e4	1999985198	19.99985198
f1890e6e75d672dc6fc468bdc2ef16c9852165b11dbfb8ff6cd065661331f0ee	1959988087	19.59988087
f1b501aaf658f335f2826fd301cebc436b7daa18b7f86729bcf0ae81343ddaec	2000000000	20.00000000
f1ce4b1635809aef1c275f52c2541a642cd0fb245a74eb0002413498d2f53de3	2034941100	20.34941100
f1dc890b5d3f73227a6ffd90330f168aa0fb42c792d6516ee63c23e6eef95635	2000000000	20.00000000
f1f7564e338ad805f6b4fb54d9215a9bb83c70c0a1030d2f75490fba9557252f	2000000000	20.00000000
f20255d17cf265b9d3a0dccd107dff9d3f3fa4ae85735303339a7cdd90f96c96	2000000000	20.00000000
f20fc3f83e00aa08bf0bb94373afb83350043a30ad6c25ec274377c5ed4c09dc	1988945233	19.88945233
f2201921cc0dac622f220e9881aa6d8b8f5f4e3a0f0b4af2477782b21ce7045d	2033216408	20.33216408
f2598141a96d4edb13b0304bb4126d43419c31b66d7ca5c114d34b6420dbf2bd	2009996219	20.09996219
f28e9d48436d5aae1d25f6d7af1500f1ab3e9d5b2e45a2fa561043ab73b4517b	1964603702	19.64603702
f2a996348a9f4b05f873fbd8b047bf7ac8a0781d630bdbd99fd4a4e85fede081	2000100522	20.00100522
f2af99b5cbfdb450dc3995835de04e8e54856d638318cfc17c81071b87b7071b	2000000000	20.00000000
f2c38a37489096ed0214a4582b05d88a6f98166c58d81562677ae5251eae03be	2019014274	20.19014274
f2c7f77d5e71ded3c8af1e4172ac90ea3c8917c1032a6b956aad6d9fd200403f	2000000000	20.00000000
f2ca966ceefe378caa812445613587f30e5883e329aceec8991af07dba903760	1999969200	19.99969200
f2df2b432dec3401a6882f60683bb785a2d33d624dbfba65ad12f4d65ad79b6e	2000044359	20.00044359
f2ec0d74c2c6afdd8f1b801bc169deb17af0e636454c0349a2a24be94a36a1f7	2000430000	20.00430000
f2ec87839797b90d57692cc552223874800d6250abe414db21e1adae737cbcb0	1999834690	19.99834690
f2f661d97c22d1db8d374792d3396546c0a87a68f22fc8ee6f6629c8768a616b	2000000000	20.00000000
f30a82fc9d57e53762b74e9a070cb2aed31f866b5fb2b3cb60290d93ff23802f	2000000000	20.00000000
f30c0dc59113996cc1cee9929a8b25c53dc7d8070d44ccbce64902d46fea4b0f	2000000000	20.00000000
f322d5f2f177321b8ad2605bf20168b665281471b5d8f0fd8182fbafdab84cd9	1996772310	19.96772310
f32c8792b2918343251c7c1ccebb3ef8608a09467d022fc7ee3c22e0fd188e02	1999689834	19.99689834
f3459e7680965d7ad8184eac2fa321ad50b184a3300835129a9eeb3f3ada2047	2000000000	20.00000000
f378b04181cc5e311bf9ebdbc31abe4ea0fa43be1803dd6fee86655b3ea4d282	2021583896	20.21583896
f39494acaaff82f0dfb9743534ebf79dde2dc5e172278c861a92aa015042c49d	2001663488	20.01663488
f39adad9f433b45be29a33478c5a5ac9a4d8ee37980466d968c5b162e2c34294	2009961205	20.09961205
f3a7af41a96915e9e9c2382a9061bcee0722e6844494c7802ea8cf2a5afcc70d	2000060702	20.00060702
f3ad16267b7fe3ec9dc2effe7f16e154c6169e6779a00c7c36f9d23acd12d1fc	2049997000	20.49997000
f3ae231dd96bd8346caef3d7d7daf0896c6fe4dd388dc89bc7ee03b82442dd76	2006940551	20.06940551
f3be51d6b07b21bb01ac878d0ed465143b2cd4cf31a867b635c0fad348b0836a	1990000000	19.90000000
f3d815f9383f7f2d12412188a248bf1f0144b6f5420969f67b4bfa6f07b1faf4	1999950000	19.99950000
f3e70f48c1e2d211fbd0933378c875f0ce57eac973a0949e26402bf0915160ab	1954951397	19.54951397
f3ed2e0986b32643d52e052d99a4ab2769c6594c84c1e32a14d6d86b5066d699	1970000000	19.70000000
f40b51a31a66494400c24a6363bcd35e2e00224db5dfa239a6e550f77da97e09	2029005004	20.29005004
f41a8025063abaf15d85a0409a9ff82ad7d29718ab59fee30c60e3f614d61221	1960909575	19.60909575
f421731e3ee8faa25a566edfa9045e11e144df32ad3c9c6639db49a72036b599	2000001000	20.00001000
f456de06bd7fd87d424fe4530fc2673174bf7262c4d6f53fb19dff7f342d48c0	2000000000	20.00000000
f470ba58256d98c63cbe4ba8e4d4bae6c29078a51d04cde5f4562b83ef14c57f	2000000000	20.00000000
f476463cdf2af5cde61caa0f565a1a476da5e6555020a731a549b11171ca3024	1995823351	19.95823351
f496c9f3310ed176d688c247584a7c4e88dc064c35ccbc8b1420e60ae93bafa1	2000000000	20.00000000
f49d1e35ec66c29f3bee757de0ab8404a96cf10da96a025fe939b29ff02b1b72	1978712813	19.78712813
f4b27ce264fc92557c05f9921819d01e46c0ce2da21c9acdab7ed0f9ba838923	2000000000	20.00000000
f4d49563b9775ffd495e50166975c14bb14b19ab5f454a272a695bc7709cf543	2000000000	20.00000000
f4e84eeacbafe0194022be01267d152161a67e44986791070c5c8230be526745	2002423365	20.02423365
f4f898b7dbae965d80e187e48df27946068ff6acb00127c9b087cc1dcb88e277	2000000000	20.00000000
f4fc4b016fa0d6a8ae00afc2cbe691ed6a5fa103d7785efe21defab4e1f95c38	2047469102	20.47469102
f502eacacdc247825dd8982e9c70efba18af24346cbab2fc58ab85a8f694c723	1994958312	19.94958312
f510f38b0795076d4e51312699cc683197e276be6cf4c2482b661bdad8d4607c	2009962361	20.09962361
f512da01acd594cdd22c721d7939d2c8d76ddba280c1975e92db2941490b3e32	2000000000	20.00000000
f514d69ff0689efdeb45eb9d16af6c025c1e259b5c8d6ab69f87c24a34e05306	2000000000	20.00000000
f52f260363bf9d1db91b5e5ac807a9da81dc8974753612a04f28a089ade160f8	1999998453	19.99998453
f5360d4e8f4417f8839fca22d8b65949c23a2ee8bdf1f87a1968f506c9f7a7b3	2000000439	20.00000439
f570a469652f349c77f8741fbcf18336d14b0d7d9806ef47bad368a54cadb992	2043990685	20.43990685
f58e60990e67fbf9d7285009da427cf905f5dfbb69ecedcc9be4e5ab7c057425	1970991490	19.70991490
f5a259e5524f7eda6c5b3ae168d2d2e14335ba5a881fc487fff2e2c2e99c8bf1	2000000045	20.00000045
f5ab5a77e18b03e2b582455c872f4e61a49d44d8c576813c3c8c74397687427b	2007260160	20.07260160
f5bcf9732ce93b3506f1c7148fdeaeadb153b37ae2a48a0ae1912182eaf0d15f	2031724629	20.31724629
f5bf8c4418e6b052192b2117cd64da9a9be6a1cdbcc226a40ede2a48fe551dad	2000000000	20.00000000
f5ccb49051aceced5335d4010650aecad38bf53bf88d66f4700dd05a75f5cfc7	2009990001	20.09990001
f5d45d95f61dd4f80f073786a56017e193e6cf00234f108c5b193164c4450fd6	1999848244	19.99848244
f5e9f5db4d6e54098490880a87810412e7d572e200c63057e587f278d4e9dda5	2031808656	20.31808656
f5ebeaf7c60f27ea4d44ae6e72c686f9bf15d56020d8437fc4c0df118acfd3e9	2000000000	20.00000000
f66097ffa12babea5d5f9cc010988b61cbcd4b4b598d399a442d01be8caa104b	2009989341	20.09989341
f663aa3705beed0ea5a655f0cd39cf55d70a9f4f2fb97223c37c0c744c66cf89	1976866432	19.76866432
f687801a27d6d78e97babe3e827c8d30f3de2ddf593a4e174a239dc7e9f2666b	1989996920	19.89996920
f6919809bf6b9aee9eba4bebe0c68565781d3db2ca86de8ee0904631e168acea	2000003723	20.00003723
f696a2445327aade1ff2b7c6b8017c22dcaee2e55162ca7b08e3ad8c0d5b13d7	2039452386	20.39452386
f6cdd30b26448b27f82b6e43e82969fbd653b7156095ae9df2fa57a4279dd9a1	1999998661	19.99998661
f70a0d2ebb592948143cd7537d9f06a7c3491c11f7bce78442a4c1a5ac2f0a55	2049997984	20.49997984
f710e518db3b541ba2b1118dbb0d792284f560bf17493e207ef6fc8db95dfed5	1999488527	19.99488527
f72157181df00081775ac02fedc7a7d43d8f6882ad02fd7df2ee204db53fb3bf	2003996616	20.03996616
f72c74272e3b11d83a99d6d2e7792f7e2db0fee3780b3ff844add1829373802d	1979851162	19.79851162
f7393b2a71cb706c65298f2d7ef2817164eff41004ef1a5c58629c448fbac033	2016941157	20.16941157
f73d0a55bbbd8d8944aa95bc614b29096504bd5af9eb93e10752ca89d27e2cb1	2000000000	20.00000000
f743f9a60562ec9825a3a3cd8a99159298ad790444625eba31b16856399d12ae	1986238706	19.86238706
f748679d1a0b49ea3e4cc48b4c6119570cfdc4f53b0d8d757233faafbf9a43f9	2004496000	20.04496000
f75e7603de95945d1456a6763ed030564dfdc22437ece7a5a940900554e9b1ef	1999996920	19.99996920
f762653b240a1017ed6c0eaacc326f9ad61c4c40e693e4ba196923bcf42a4968	1954011827	19.54011827
f7703f544f18b58e04e37ac5308f86f6e0a41443057b9c3444564fa569735368	1968259590	19.68259590
f792fc39e387d89d169251f0ad59264f0196f0859217e47d621fbd098a3981a4	2007941400	20.07941400
f79a935e5891bbed4d38318e293dfd0212de582b3f68dd46cad17d24b4dd15e3	2000000000	20.00000000
f79c0e7aefc443b41692bf9af2278d204cf1076be2e7eff1b387e406fd1ae905	2000000000	20.00000000
f79e11c2db5749321258e64482696d98220e765f691cf20db45250083cff9930	2015723218	20.15723218
f7abefb790fb347b60899722c48958d706415b4a1ccf8e39e077d076a86fe41d	1996179144	19.96179144
f7af8bd7b9fedbe3b37a9419e16697891606c94e68e7578edcad2011ad291b09	1995000000	19.95000000
f7ba7f7e364a92cb0091e41b6e49838bf0dec66ec6a9db214965509aebc14993	2031528709	20.31528709
f7bc82cc37fc93537859fda3d6d5ce9c91d6c88e64f2fffc9dd5c9e20f038194	2050000000	20.50000000
f7cc1bf9cb6b93c53f744d41ce84aa19aafa3f0fa82033d967123ac7d51ce170	1999998942	19.99998942
f7d5e9a0ed844ec0cb14ba813d81702675c2e6fac3a7d375ee4e5ac4db3161ab	1996756050	19.96756050
f803a63c9e39fb6b20005485dfa8dba5c841a85524d92997f8e6b9d2528e057e	1999999442	19.99999442
f833088e6cad50fbdc4f4853dac895371387ad61457ba8696dc0496a7a07b8ed	2000000600	20.00000600
f85047d4d2cd0d6c56a5ac9db67ad4991bfe845ca7fc2d223361e860c7c4d782	2000025000	20.00025000
f876aefd0b63ac6353ce7d0fc1fc4b07b0a2103b40d7f5226f65c1dec5d14cb7	1996758090	19.96758090
f8842ae85cc610c3c1034314c51906a7d6b63357dd5585643d050561b451cf4e	2000000000	20.00000000
f88b18f282677a2c648f9d419632465369eaf11241eeaf3c0d814e90696c0323	2000000000	20.00000000
f8a9451132bd42a223e0b010aef1bc160387081d5a4ce84564062d74805ab4ae	2000001422	20.00001422
f8c79cb713c5e5fb45e4a9adb7b0d5f307bf129b9f664c444a7e6ec46a982286	2000700000	20.00700000
f8d695b9d2d2f23c4d8de3b5a5ced5e8e43d4ae0b29d9dd8eb63e7712324d3ea	2009714246	20.09714246
f8da6e55cd863c45e3add61c004dd433db81a08678d07c9249d1d9499efc3474	1951598196	19.51598196
f8e7f8175767b9852dea293db3885552fbf08498913e3bd1e25fb36a9b970d71	1980149374	19.80149374
f8faea4d60b01de44e6eb45fa254a27b2f3239b4ca13a73144959dbe0fcc11d7	1986086000	19.86086000
f8fd1cd021891b620c68791fac8d1d5240f3016629b0b10c3aa32cf36148122f	2000000000	20.00000000
f92619faf7a59721030a3ec3f57aeffe30fb059745a1c04392d383357dafcd7a	1981237501	19.81237501
f93d9125c872095615bbd3e1743a18cc28d5320d59c5a9510fbc2f8d496c9a12	1962466529	19.62466529
f942d12dff1d596630326914ea9b0cbd388b9b8380baae534a26e2e4616aed20	2000000000	20.00000000
f994a37cbe1b0afe3c7b2303586fd2b71a48e912a0806972d29a7dcec5d4950b	1996756050	19.96756050
f9b66a158187f17647f0556837bfdb55e3e1fc40f95e899714d760d29ab84cda	2005592346	20.05592346
f9e0e2a925d1d9989fd801c1975fe06b49868022a6a3cd66943dfc1b35bf35d2	2000709100	20.00709100
f9ed445bc9fad43b661394b4b64e8a388699f9080d13382b4fa34f2b8cd432a2	2013257000	20.13257000
f9fc00b26c718b27a3261009827e116e46392da6762d851f46719cb78fce7b14	1992958275	19.92958275
fa062bbe1f9ff7cb67395a69d5063780173033a80c566ed8e8af8b221dc624d9	1954569492	19.54569492
fa07790aef4abce33fa372e5291abc44040dd86124c9afbff6b2d78505154915	1999999780	19.99999780
fa164056598a8c1293b5877a6724bbe356e51182cea7f2a8acd6023411560f45	2030000000	20.30000000
fa22a41d23a314919397b231b1753eec197dbaaf3cd4a8be0881e2a995ee25c4	2002068320	20.02068320
fa27293247baad8c1b827232b9f1947de75fe479fada65399668c97c13ca4d26	2000523386	20.00523386
fa30b54c781145f57a030dca4a62bb11a001815d483c53012b901f99b02216b2	2000000000	20.00000000
fa4c3d3b06e5fea2848cfa0198dbf8995478b9d91454daa143cfe1c9dfb45b86	2000000000	20.00000000
fa50b1dd44f7523dc38090af2820bfe21755da41ff27ec0e125bb34dfa38d984	2010006000	20.10006000
fa53c81a8acab5f08dd16bb64aab8c3c06f90570212714548f5290860e517c60	1995937768	19.95937768
fa69d741d37c98e13a46cb2a09980ae29ecf918836363a17dd2bb4b381fb1958	2000000000	20.00000000
fa712b7f2ca6585b503634f07173141abec3fd7af42890ee839ab092ecdb938a	1957344784	19.57344784
fa741515e59d77f4a0ac7539878d59cec195dc3b871cc31ffdb3d0cd29124523	2003353300	20.03353300
fa7f5fc91aaaabd50c7ec8332fecc1702f297018a296dc256102eb4120df2f63	2000007096	20.00007096
fa7fe35db0b83f19fcee6d952faa7eefc5084ed1d0860f6cf4950df0587d7729	1972775823	19.72775823
fa972b820dba358f2eb5bc3e0f99532b257b6a51772c2be0caa563104c6dd787	1968290045	19.68290045
faa107747c9f0c9779fe14676a5d3040c9338b72df25b1c85a0ce185ae96f6ff	2030396610	20.30396610
faa30450634dbed5a3c2442f484a585b75fd1bde682c4c558d1d7e377ecfb77c	1993924759	19.93924759
faaa0a39ccf0e681a65f6e31ffae475147b12f12fabf91d1f9950c922ca5c652	2000009834	20.00009834
fab471d3879058bfa69bd947e09b2db7b87fae0a6c1af505805c4eb2c7d383ac	2000094015	20.00094015
fab77e3a8ac14ae074066c77c38c957474c30556fa6e197d48fb2da5774e2550	1965252415	19.65252415
fae0b08458b6540d80d36fb805c903c5970238c08b81f145cc031b0ff63e381f	2000000000	20.00000000
faf0401fb5eb01dfbf01b99d63419d6c368a8affa6d223977cd80ec2e16c8eb9	1951300000	19.51300000
faf99cf8ab9aa31aa74de814af32749ec8d52431703a369ca9e6df339060e973	1989843815	19.89843815
faf9da7a5afcdd1bf57523ef11c268cd14186fc1037af0bbc9ed3c1de53e1553	2000000007	20.00000007
fafb3edeebd7568882711294e73965d181c9e20d111d0edfde2d7bd15691c217	2000000000	20.00000000
fafb849e96b8d97b3f87f29919d82a60efa5afc08dbf7d0f1c6b9b6608887fc2	2000099907	20.00099907
fb1e3a52080cfe047bec7edc85bb1e23e96b4fc36d69210811add7287f1ba82b	2000000000	20.00000000
fb4ddf7cca9dc959d0f0f9b9bc3bcc41f73bb7c5b6ee50fba0c5e3588cb15c0c	2000000000	20.00000000
fb53cb69b9e1b5d36aaac044f9c3d84ac561f01c4698617685d6704cde43ab54	2000000000	20.00000000
fb7e532eb78769be20f8c06296a0e3f58c00d414e8f1e37fec132c7e3c5acf99	1999988873	19.99988873
fb862019cfabb9bbdda22035cc7f2dbfc3fc783b6a9f06ba69076ef8f55f0f32	1977280221	19.77280221
fbb33bf1266b219db8bd9da8598d6d0b687a792e1fad8b3f8ad2dde6eb8400d0	1979049670	19.79049670
fbb512509a445ac7481ddb067199b6339fa66325b2381e7c17ebfd44517fafab	1999999535	19.99999535
fbcd99f4209cfa1b4c8b9249d8b7e8f9d2875ebbb2c77235e0052e7841ca612f	2048039254	20.48039254
fc49a43769c8fa17677d24254a8e61329b1e1a8e51ca2e1e9d42150b264a4589	1999999340	19.99999340
fc608deb795b79c3c20fbbda7a215fdbf91a5188737c02eead75b22dfb3d00f5	2019575992	20.19575992
fc60ff94a42a27dbeb60ebfe7d3bd2a6316e4e16e9e92799482c9575943dbc4f	1999958601	19.99958601
fc780e8fa497b5072ec12098292a3e74584c2e4ce3f08c56674e2a2be3558b8a	2000000000	20.00000000
fc7f69798db581b3e976d6be77cb994dae475f5064b10c6e4d677f6e4b73e5f3	2000000000	20.00000000
fc8ecc5e43aa237155c9e15dfa80f069040b9db00eaad2d4b0bee02947f0ab4b	2013748703	20.13748703
fc99ff0741327ec162547d48b503f8354f0b6afc10d6ac811a7d0ea4fd39330c	2000927409	20.00927409
fccda5442761646cfe582bde0c2cb9126c87185570b5aaba1b4ab47345f8975c	2000000000	20.00000000
fcd8e8c539c833b9e80b16699abb24cb28f872dd3728b36a7dd8e3a933a48126	2000000000	20.00000000
fce6bbeb31721462fb7894abec37a7d41be9b0c1a69e6ab212b61fe5b9458576	1999977845	19.99977845
fced2f7efdb1eab170cad33cf67be03926542479f137b94d8b31dc37dd911ff1	1995762116	19.95762116
fd10eeadcad840578b56c53767dcd8ca8a1eaa8ae1d1d94cdd75c6bc986539a3	1965635672	19.65635672
fd2be3b7e68f2f1edc496f1636e22f3ff3e3bf42e3f431148632c85cf50e4e66	2005443100	20.05443100
fd4bca9a372295af3fe13fffc9b3563474d62f1c8ebe96e5aec1449b30aabf84	2000188674	20.00188674
fd675e38c67c9cfcc2239b0f89e0d663e058ce64e0c9d47af57b843a713b1b9a	2009990001	20.09990001
fd7c096e4eb0c2beb1424bc23bf96c1f013fec5896cd25c9b53095f11a5c01c3	1960400773	19.60400773
fd85f2e89c5dbd862a6c8dda09f32eb4135fef8e7f7a5de3e1188f9ca4b7748a	2000000000	20.00000000
fd97fc05cdbd0a9381eefd3b5150f6460c4f25d4e6b4aefe5a844c2c1c153f7b	2000000000	20.00000000
fdabb8b14c0245eed9c1ed00952c094f816ba07ba3b2461a33399e10bf5f3458	1997999299	19.97999299
fdc0141b2b7e79f27712ef1da4c72e1ae5580d7470a87ffb733890b550fb6667	2000641368	20.00641368
fdcb58ea47a03d41feded40d6176844c88b93a3eaf24923e82a1e9c8ad3bb027	1999254065	19.99254065
fdec18eb68b86478e3fd0e5e9a4a482eef9f3d980c77e635a83cec55d60bbd77	2016456300	20.16456300
fdf71d1fb178372d8b884eb889cfc4c628a940c5855ccb7e9f693604884ba487	1971880312	19.71880312
fe018dd6979adc009e3d41725e66cd89423cb636b2f4efced5398df6eda035d8	2000000000	20.00000000
fe39d688f446e665b1d6104459235de8500c7e85e3aa1d7b8846c4028ffd32c5	2000000000	20.00000000
fe49b5c36f234d7217c37d45951e15fe1c8808e5af653a1b35dafb1f4aebb739	2017231000	20.17231000
fe5da05ed35db00f2dfa6b1ef49d4cc67f0c293205167b43152937ec9acf32cb	1999957340	19.99957340
fe898633f716f5a55809bd90dfbbea3329adb8d838cf392751e4b35225ee5724	1999995855	19.99995855
fe8ccb2718514689ed5923ffb645d5bb9949103fc22808e1cbb7ea84f126df61	2000991419	20.00991419
fe9d3090db1d1b730551708e1b8cff5bd5e9c1d1c95a68508a271dcf242319a1	1970586446	19.70586446
fec888939df39d6b6d3078d3f290ec714d64afbf1673e0794e4f47ca5e8c97be	1977193995	19.77193995
fee147af3eafcc8c6d29e84711591fce7bf2b93158801b66dd5aaee17967e5d2	1999997000	19.99997000
ff1415ea00b64e9d658843ee3350773acd570126ce67b80a2f4c16fc83c1591b	2000000000	20.00000000
ff1cf3faf70c8806a4b058dfc685ca6207a924922acd3354c518766d54db65b2	1988959482	19.88959482
ff26c00c3d9254817976d02882e99c997fb2d817ec26e3fd81175ef4dfaba045	2016370761	20.16370761
ff51dac37bed362e497d197311b31ffd3f90246493a0421af1b448b0f9314972	2000000000	20.00000000
ff585b26962635869947a85152c3dfaf4912a81d0e0a2b3baa61f5014b3ed41d	2000090000	20.00090000
ff5c0ce89bb41d23e08ea753daf436efd3bce6e5d77943f479310e16583e8141	2000134760	20.00134760
ff764c0218d9390b79b782e478c2f7ebcbbc31aad48714bdb9bc636da713cbf8	2001997070	20.01997070
ff83dd86cb822b9deb6eb475a5745dd8d0c5a40278b784fa1beb6f97a5a6ec02	2000010000	20.00010000
ffabef7f9c37ae5a499ae9484fad851b5fee82c8444831ec183ce0078f980a5b	1999990925	19.99990925
ffcbeb0ca3f9de544c96acab56174bba8a053cff3ff83b350fee39d6465b212f	2009989330	20.09989330
ffdf76784fa5ac84c6fc4c10486333fdaa24bb526b5fb77052ec3e756175ed43	1970645929	19.70645929
ffebd068cd256acc42597ca08ed3d0beb7d9a1dde147a8a1840288c08aab64ad	2009989330	20.09989330
