address	funding_txid	block_height	block_time	value_sats	value_btc	script_type	priority_tier	tier_name	fr1_window	fr3_confirmed
125dqocBwr4aPsC3LQCUZPGNaHAn1qrgJ9	PENDING	PENDING	PENDING	2000000000	20.00000000	p2pkh	1	exact-20 + legacy P2PKH	PENDING	PENDING
126ykcyvJsHx3jJ5eUY5WzGsnbtcZYMUZc	PENDING	PENDING	PENDING	2000000000	20.00000000	p2pkh	1	exact-20 + legacy P2PKH	PENDING	PENDING
12qRp1i3yaTqBcTfYWDmzz2iaJt8GD93jy	PENDING	PENDING	PENDING	2000000000	20.00000000	p2pkh	1	exact-20 + legacy P2PKH	PENDING	PENDING
12y5ATqqhPaHfNzqKJiombZGNiur1sUkW7	PENDING	PENDING	PENDING	2000000000	20.00000000	p2pkh	1	exact-20 + legacy P2PKH	PENDING	PENDING
14U1shREKR7RjxAsoDzteTiAz8oHheq9We	PENDING	PENDING	PENDING	2000000000	20.00000000	p2pkh	1	exact-20 + legacy P2PKH	PENDING	PENDING
167Y4b34QgjTVKHfEdtgG4CGNGce129eJf	PENDING	PENDING	PENDING	2000000000	20.00000000	p2pkh	1	exact-20 + legacy P2PKH	PENDING	PENDING
168Wv4JTu4m5VQfNVuxqz2r8gSvjWBRkAw	PENDING	PENDING	PENDING	2000000000	20.00000000	p2pkh	1	exact-20 + legacy P2PKH	PENDING	PENDING
169wMnmM6Mk97ebtVYJhT5gNWnNJ9Y8K4Y	PENDING	PENDING	PENDING	2000000000	20.00000000	p2pkh	1	exact-20 + legacy P2PKH	PENDING	PENDING
16CSgbWtRssi6rB1duTSpNymfKDbSbzPee	PENDING	PENDING	PENDING	2000000000	20.00000000	p2pkh	1	exact-20 + legacy P2PKH	PENDING	PENDING
16zmbUZNm7F9DpgqnRgx8SHqNWDZPSkBYc	PENDING	PENDING	PENDING	2000000000	20.00000000	p2pkh	1	exact-20 + legacy P2PKH	PENDING	PENDING
17LygsQVt5Xt8CQgFTXvsSHgnaFvDBoDJw	PENDING	PENDING	PENDING	2000000000	20.00000000	p2pkh	1	exact-20 + legacy P2PKH	PENDING	PENDING
17qmhsHXMn6L8BzRjd3d9qzZSckk1w9XeW	PENDING	PENDING	PENDING	2000000000	20.00000000	p2pkh	1	exact-20 + legacy P2PKH	PENDING	PENDING
18fKxcU2CZHCQ5WvwaGxZrgQHBPokrt1Ze	PENDING	PENDING	PENDING	2000000000	20.00000000	p2pkh	1	exact-20 + legacy P2PKH	PENDING	PENDING
18mwDHhDFJpfiWnaF8pEnmxBXTQTaTowx1	PENDING	PENDING	PENDING	2000000000	20.00000000	p2pkh	1	exact-20 + legacy P2PKH	PENDING	PENDING
19hbP4yu9E2JCCo9ZgVfrirhq7d9oGyFjK	PENDING	PENDING	PENDING	2000000000	20.00000000	p2pkh	1	exact-20 + legacy P2PKH	PENDING	PENDING
19r7JuRqkxMrNUz4evKGsX2jm2hpR8dxjk	PENDING	PENDING	PENDING	2000000000	20.00000000	p2pkh	1	exact-20 + legacy P2PKH	PENDING	PENDING
1AkNdBrfKVyoLuhnRKZuZRZg3j7jQxaWFi	PENDING	PENDING	PENDING	2000000000	20.00000000	p2pkh	1	exact-20 + legacy P2PKH	PENDING	PENDING
1BVPYVMjbSbJNaR3wTmbemjzazdNMezX7K	PENDING	PENDING	PENDING	2000000000	20.00000000	p2pkh	1	exact-20 + legacy P2PKH	PENDING	PENDING
1BX2qZ9y1Db8SpRKjeViUhjuadWtL4X29t	PENDING	PENDING	PENDING	2000000000	20.00000000	p2pkh	1	exact-20 + legacy P2PKH	PENDING	PENDING
1CB22qgFdi8hW8Uqb8QpX32Z1NM5TRjX2d	PENDING	PENDING	PENDING	2000000000	20.00000000	p2pkh	1	exact-20 + legacy P2PKH	PENDING	PENDING
1CDReBbSZ7WyMRkJ3EqBkJiQF4sixqWiax	PENDING	PENDING	PENDING	2000000000	20.00000000	p2pkh	1	exact-20 + legacy P2PKH	PENDING	PENDING
1CNBKbTmhQtYAMKyuBaJ2JVsaJUkpLBnN3	PENDING	PENDING	PENDING	2000000000	20.00000000	p2pkh	1	exact-20 + legacy P2PKH	PENDING	PENDING
1CQEjN32LhyMuN2JYJrBA9b24BrAsemV4d	PENDING	PENDING	PENDING	2000000000	20.00000000	p2pkh	1	exact-20 + legacy P2PKH	PENDING	PENDING
1Cfo9zSEnwAQHddNhQsBWqK1CaDrFCWbKD	PENDING	PENDING	PENDING	2000000000	20.00000000	p2pkh	1	exact-20 + legacy P2PKH	PENDING	PENDING
1DWQvJCE4o8kMWrSwQeMnGx8B43fUszu5j	PENDING	PENDING	PENDING	2000000000	20.00000000	p2pkh	1	exact-20 + legacy P2PKH	PENDING	PENDING
1DiPBPXBcpMvRArKyhDeRr1wFVmuCtsksX	PENDING	PENDING	PENDING	2000000000	20.00000000	p2pkh	1	exact-20 + legacy P2PKH	PENDING	PENDING
1Dnh3R4rfkM4Qt1HoLvcob6o1QuxcAStiq	PENDING	PENDING	PENDING	2000000000	20.00000000	p2pkh	1	exact-20 + legacy P2PKH	PENDING	PENDING
1E2BKxUFh42y1GsocioarGNuZ2aj11VnbL	PENDING	PENDING	PENDING	2000000000	20.00000000	p2pkh	1	exact-20 + legacy P2PKH	PENDING	PENDING
1E8XazVUkRJzqug2Z7LV7YP8qroxpHAX1B	PENDING	PENDING	PENDING	2000000000	20.00000000	p2pkh	1	exact-20 + legacy P2PKH	PENDING	PENDING
1EFEo9EswuRgN86EvxFedSyF19stJGeehX	PENDING	PENDING	PENDING	2000000000	20.00000000	p2pkh	1	exact-20 + legacy P2PKH	PENDING	PENDING
1EbncL2ezpCGzWzHZz1uDNmEsHeTi1nLor	PENDING	PENDING	PENDING	2000000000	20.00000000	p2pkh	1	exact-20 + legacy P2PKH	PENDING	PENDING
1EeaJ8Z9EKbyqnzP8MwNytS1cUcQB5MoPB	PENDING	PENDING	PENDING	2000000000	20.00000000	p2pkh	1	exact-20 + legacy P2PKH	PENDING	PENDING
1F85hPNfKcwHzTA8rBy6cUu7VxGgaN6Cuk	PENDING	PENDING	PENDING	2000000000	20.00000000	p2pkh	1	exact-20 + legacy P2PKH	PENDING	PENDING
1F8X2txspoCqJYEveKiiveuteT1DdcS84d	PENDING	PENDING	PENDING	2000000000	20.00000000	p2pkh	1	exact-20 + legacy P2PKH	PENDING	PENDING
1FB1atnJGirLCe58YZcRkmGeZG3kdFkZDR	PENDING	PENDING	PENDING	2000000000	20.00000000	p2pkh	1	exact-20 + legacy P2PKH	PENDING	PENDING
1Fu7bqgc13gTprdtuYZdLMpBF3A7HgULHU	PENDING	PENDING	PENDING	2000000000	20.00000000	p2pkh	1	exact-20 + legacy P2PKH	PENDING	PENDING
1G875vuHQaWmp96q4YHiHVi9yg5Nsq7D59	PENDING	PENDING	PENDING	2000000000	20.00000000	p2pkh	1	exact-20 + legacy P2PKH	PENDING	PENDING
1GBcyigDiiA2QY8F7FcgH9P7MvniRSM5wT	PENDING	PENDING	PENDING	2000000000	20.00000000	p2pkh	1	exact-20 + legacy P2PKH	PENDING	PENDING
1GBvQf3pFXUfwVadLicZmErVoHaJcUS3kA	PENDING	PENDING	PENDING	2000000000	20.00000000	p2pkh	1	exact-20 + legacy P2PKH	PENDING	PENDING
1GGgBbjS3WVNvaaFroNMi2nqXEb36G8TMj	PENDING	PENDING	PENDING	2000000000	20.00000000	p2pkh	1	exact-20 + legacy P2PKH	PENDING	PENDING
1GtcZ7m5pM6P9d6Cfpx1zkTkRGEhKFqdHL	PENDING	PENDING	PENDING	2000000000	20.00000000	p2pkh	1	exact-20 + legacy P2PKH	PENDING	PENDING
1H7bHiF66KkTZPHfuAkj22svZNx24Vj715	PENDING	PENDING	PENDING	2000000000	20.00000000	p2pkh	1	exact-20 + legacy P2PKH	PENDING	PENDING
1H8Ki8vUU6qeMMWgkaPSJwwRv3rRYuuU64	PENDING	PENDING	PENDING	2000000000	20.00000000	p2pkh	1	exact-20 + legacy P2PKH	PENDING	PENDING
1HXXdNrbemJJQHbqoHv5TacCoJoE1JQ6fa	PENDING	PENDING	PENDING	2000000000	20.00000000	p2pkh	1	exact-20 + legacy P2PKH	PENDING	PENDING
1K8LU9o4Tkf8yBV51eGA6DCbL45KKL3hbB	PENDING	PENDING	PENDING	2000000000	20.00000000	p2pkh	1	exact-20 + legacy P2PKH	PENDING	PENDING
1K8oCriZTmpMCPXEe2Ye18sM2zotB2mA9r	PENDING	PENDING	PENDING	2000000000	20.00000000	p2pkh	1	exact-20 + legacy P2PKH	PENDING	PENDING
1K9a7bECk82JuXWpqXLvRRTwNEgXMnyYER	PENDING	PENDING	PENDING	2000000000	20.00000000	p2pkh	1	exact-20 + legacy P2PKH	PENDING	PENDING
1Kn75SHuaBw7RpBr95ar6VL2ekWbeLLskF	PENDING	PENDING	PENDING	2000000000	20.00000000	p2pkh	1	exact-20 + legacy P2PKH	PENDING	PENDING
1KpNwYdDG7J2ixftonRfWohvhguS1thgBZ	PENDING	PENDING	PENDING	2000000000	20.00000000	p2pkh	1	exact-20 + legacy P2PKH	PENDING	PENDING
1LC8egcerzTh4qeqBcwryoPAWp6UYs9wHd	PENDING	PENDING	PENDING	2000000000	20.00000000	p2pkh	1	exact-20 + legacy P2PKH	PENDING	PENDING
1LcQCkdMKkcugp9G2ZEP2XX2UTtyx3hB6A	PENDING	PENDING	PENDING	2000000000	20.00000000	p2pkh	1	exact-20 + legacy P2PKH	PENDING	PENDING
1LfpGveFRYa2G51JPAtqAm9nQ4P5hn9HXj	PENDING	PENDING	PENDING	2000000000	20.00000000	p2pkh	1	exact-20 + legacy P2PKH	PENDING	PENDING
1Lh9C6SoirosDSvWzwzXqeX6FMiDbqS7Jy	PENDING	PENDING	PENDING	2000000000	20.00000000	p2pkh	1	exact-20 + legacy P2PKH	PENDING	PENDING
1Lhhbm3Ke8yqYde4J3StmG63SeCCE6oZz7	PENDING	PENDING	PENDING	2000000000	20.00000000	p2pkh	1	exact-20 + legacy P2PKH	PENDING	PENDING
1Lo7kpYJ9D4Yq5sMr89wnevKPm77KACz1b	PENDING	PENDING	PENDING	2000000000	20.00000000	p2pkh	1	exact-20 + legacy P2PKH	PENDING	PENDING
1MB3e2gCtTGQDtUdQPTBJgRg2ByC7dkwEi	PENDING	PENDING	PENDING	2000000000	20.00000000	p2pkh	1	exact-20 + legacy P2PKH	PENDING	PENDING
1NhS8sLyU9CHKFS4gkNzqX6Rk31X5Wm9kA	PENDING	PENDING	PENDING	2000000000	20.00000000	p2pkh	1	exact-20 + legacy P2PKH	PENDING	PENDING
1Nth8yiRe3yMMB8RV82uKC6JzLtDTNbDWb	PENDING	PENDING	PENDING	2000000000	20.00000000	p2pkh	1	exact-20 + legacy P2PKH	PENDING	PENDING
1Nvy6kMBDSvTr7Teo7yFnjBk3EAgu7icqM	PENDING	PENDING	PENDING	2000000000	20.00000000	p2pkh	1	exact-20 + legacy P2PKH	PENDING	PENDING
1P7oirMpiwCSMXzRatrt4XRLcVQ1CxwtKW	PENDING	PENDING	PENDING	2000000000	20.00000000	p2pkh	1	exact-20 + legacy P2PKH	PENDING	PENDING
1PHUgt9D3LHY7KXJQTevBaGfj5rx9etKe1	PENDING	PENDING	PENDING	2000000000	20.00000000	p2pkh	1	exact-20 + legacy P2PKH	PENDING	PENDING
1PZPX5jc9fTLNwX5z9zTAbp4oic9jEghUW	PENDING	PENDING	PENDING	2000000000	20.00000000	p2pkh	1	exact-20 + legacy P2PKH	PENDING	PENDING
1Q7kHGPCrMWgB16EvhZpqSovc1LLPo3o28	PENDING	PENDING	PENDING	2000000000	20.00000000	p2pkh	1	exact-20 + legacy P2PKH	PENDING	PENDING
1QJr9yGocxK5RUsowH7zewfZNkExckEixj	PENDING	PENDING	PENDING	2000000000	20.00000000	p2pkh	1	exact-20 + legacy P2PKH	PENDING	PENDING
1QKpgd2VjDdBRkWdvJQyVPbpkNUTQutk5E	PENDING	PENDING	PENDING	2000000000	20.00000000	p2pkh	1	exact-20 + legacy P2PKH	PENDING	PENDING
1fUejUxqCWqEjt5wvsAnr3p5KrytNRT53	PENDING	PENDING	PENDING	2000000000	20.00000000	p2pkh	1	exact-20 + legacy P2PKH	PENDING	PENDING
1kLnaZMaZKWKoaxoPuM73B24iJjhXDkEB	PENDING	PENDING	PENDING	2000000000	20.00000000	p2pkh	1	exact-20 + legacy P2PKH	PENDING	PENDING
1x495Vm3bgwiKi8gDZN7Ggjd2GQxSj32b	PENDING	PENDING	PENDING	2000000000	20.00000000	p2pkh	1	exact-20 + legacy P2PKH	PENDING	PENDING
31qx6q7PodNDkPAtPMgejDpB65ALvMkzcA	PENDING	PENDING	PENDING	2000000000	20.00000000	p2sh	2	exact-20 + P2SH	PENDING	PENDING
327uTRES6ThXupKUAt1Xuk2pD9BiZaZ4wT	PENDING	PENDING	PENDING	2000000000	20.00000000	p2sh	2	exact-20 + P2SH	PENDING	PENDING
32GkxBeLokky8iPR7SQAvYMPG9NX6mb8VH	PENDING	PENDING	PENDING	2000000000	20.00000000	p2sh	2	exact-20 + P2SH	PENDING	PENDING
32mJ5jPnNEviYwVxg6z4h6erGWVfAKQRo7	PENDING	PENDING	PENDING	2000000000	20.00000000	p2sh	2	exact-20 + P2SH	PENDING	PENDING
32oEU9zdyosApkHBZatJ9pXVBhtAb4aqQ3	PENDING	PENDING	PENDING	2000000000	20.00000000	p2sh	2	exact-20 + P2SH	PENDING	PENDING
32uNa39bPQZdLDVTwAQ5H3Y6PRXJ1dcLGe	PENDING	PENDING	PENDING	2000000000	20.00000000	p2sh	2	exact-20 + P2SH	PENDING	PENDING
3353imU3xBKYGC7V9489oUYGXHyxGRPLns	PENDING	PENDING	PENDING	2000000000	20.00000000	p2sh	2	exact-20 + P2SH	PENDING	PENDING
338BstqZDKjt5jAygxovHpdntn4ifdCa5N	PENDING	PENDING	PENDING	2000000000	20.00000000	p2sh	2	exact-20 + P2SH	PENDING	PENDING
33E8jVCz7yFng4deb1frDuZYgcDCc61oUD	PENDING	PENDING	PENDING	2000000000	20.00000000	p2sh	2	exact-20 + P2SH	PENDING	PENDING
33bbC3yPc2AXQqH1xpYqMyYT5npEjcmGsg	PENDING	PENDING	PENDING	2000000000	20.00000000	p2sh	2	exact-20 + P2SH	PENDING	PENDING
33rvDNMLenQUz4uACdnSdLLnaMS2eZwWjc	PENDING	PENDING	PENDING	2000000000	20.00000000	p2sh	2	exact-20 + P2SH	PENDING	PENDING
345QTSRYrwCR44eeRJU76ei6fLTA41JgiQ	PENDING	PENDING	PENDING	2000000000	20.00000000	p2sh	2	exact-20 + P2SH	PENDING	PENDING
3473yC1DHwndsQmuLFDFM61nkZQWy8d98N	PENDING	PENDING	PENDING	2000000000	20.00000000	p2sh	2	exact-20 + P2SH	PENDING	PENDING
34AacNo6VzUafa8VmNiyCAJwQUe5Apzi2Z	PENDING	PENDING	PENDING	2000000000	20.00000000	p2sh	2	exact-20 + P2SH	PENDING	PENDING
34LPTSw5JFaStWj6v2qWGWCmmp6Zx6cJJG	PENDING	PENDING	PENDING	2000000000	20.00000000	p2sh	2	exact-20 + P2SH	PENDING	PENDING
34VAUD1kgWe9Wg7y6mtLCGAGVXmuM5eWBB	PENDING	PENDING	PENDING	2000000000	20.00000000	p2sh	2	exact-20 + P2SH	PENDING	PENDING
34W1rMm2K6AV8tyvSDTDqFHyvd1f6mGBNX	PENDING	PENDING	PENDING	2000000000	20.00000000	p2sh	2	exact-20 + P2SH	PENDING	PENDING
34abhsSbnsmugsYeV31bfUWRc4kPUDAHAs	PENDING	PENDING	PENDING	2000000000	20.00000000	p2sh	2	exact-20 + P2SH	PENDING	PENDING
34gyRWWXEw3qf3qPJorV1FwU2LkrBuxRGw	PENDING	PENDING	PENDING	2000000000	20.00000000	p2sh	2	exact-20 + P2SH	PENDING	PENDING
34icrTj33cZnG4diwLptbp21F9sDP37Hyz	PENDING	PENDING	PENDING	2000000000	20.00000000	p2sh	2	exact-20 + P2SH	PENDING	PENDING
34n8KrpPTNv5ozRu9wFn9rZsqqFzMQ8c1n	PENDING	PENDING	PENDING	2000000000	20.00000000	p2sh	2	exact-20 + P2SH	PENDING	PENDING
34vUZyznjeVjbxeoyvZyJRUktePmsXxEiT	PENDING	PENDING	PENDING	2000000000	20.00000000	p2sh	2	exact-20 + P2SH	PENDING	PENDING
356bt3Bk71DqJFVPk5zxhGuLo6zXSo9fNR	PENDING	PENDING	PENDING	2000000000	20.00000000	p2sh	2	exact-20 + P2SH	PENDING	PENDING
35TxW1Z1eeSVKCSRQMtuR9CS7AYcNUsM5J	PENDING	PENDING	PENDING	2000000000	20.00000000	p2sh	2	exact-20 + P2SH	PENDING	PENDING
35c4TWPXHuE6vhcwTkYmjpzmT43T2Ps7AJ	PENDING	PENDING	PENDING	2000000000	20.00000000	p2sh	2	exact-20 + P2SH	PENDING	PENDING
35gr57wvYUciU6GXcV68vPq8Um6pK5fg47	PENDING	PENDING	PENDING	2000000000	20.00000000	p2sh	2	exact-20 + P2SH	PENDING	PENDING
35pMXgHAnwvwQJeouurgauF2Fk3JKw3q1D	PENDING	PENDING	PENDING	2000000000	20.00000000	p2sh	2	exact-20 + P2SH	PENDING	PENDING
364HKyxxTaBsPv3DAoKv9HhmWjqm2pEtDH	PENDING	PENDING	PENDING	2000000000	20.00000000	p2sh	2	exact-20 + P2SH	PENDING	PENDING
36HYd7BKsfXBiqcgJghJ2PS7TfPsLk9MTf	PENDING	PENDING	PENDING	2000000000	20.00000000	p2sh	2	exact-20 + P2SH	PENDING	PENDING
36mxxJgFDzuN1mQBfqJ4E4dshWr2KeuCTT	PENDING	PENDING	PENDING	2000000000	20.00000000	p2sh	2	exact-20 + P2SH	PENDING	PENDING
36oR5rxAuS2FsyCkRGtwcd56b2D8cKn4q2	PENDING	PENDING	PENDING	2000000000	20.00000000	p2sh	2	exact-20 + P2SH	PENDING	PENDING
36sXgpaHSQh68BLm21EUMsiEoVJZxfnNiN	PENDING	PENDING	PENDING	2000000000	20.00000000	p2sh	2	exact-20 + P2SH	PENDING	PENDING
37EEeWB2r5HWYQQqXWMNBoZMLMmSCWsUuJ	PENDING	PENDING	PENDING	2000000000	20.00000000	p2sh	2	exact-20 + P2SH	PENDING	PENDING
37MoiJv6vKv9d7cQBuRDftpAX8Syg1RboD	PENDING	PENDING	PENDING	2000000000	20.00000000	p2sh	2	exact-20 + P2SH	PENDING	PENDING
37QJFVm9uJUXSTuot2njxJ86NSuW5fAVdY	PENDING	PENDING	PENDING	2000000000	20.00000000	p2sh	2	exact-20 + P2SH	PENDING	PENDING
37QgaSZdKwKMEUifWWH3V9vwMSt9taeAoV	PENDING	PENDING	PENDING	2000000000	20.00000000	p2sh	2	exact-20 + P2SH	PENDING	PENDING
37Zjp3GnSnwFMfg5YZJHybg56kVsYySzVq	PENDING	PENDING	PENDING	2000000000	20.00000000	p2sh	2	exact-20 + P2SH	PENDING	PENDING
38NTSUQUoWTUCKNkzzAqrXNHxd8zRwqNpc	PENDING	PENDING	PENDING	2000000000	20.00000000	p2sh	2	exact-20 + P2SH	PENDING	PENDING
38ZtF5byghz87e49w9JbaNRVHFgHqv7nYM	PENDING	PENDING	PENDING	2000000000	20.00000000	p2sh	2	exact-20 + P2SH	PENDING	PENDING
38aDwLX5B7xm8HuHzUs5Bz6t755zL6LtQF	PENDING	PENDING	PENDING	2000000000	20.00000000	p2sh	2	exact-20 + P2SH	PENDING	PENDING
38msavurg7zGUe63Wb5AETrdXTm8LNhTWK	PENDING	PENDING	PENDING	2000000000	20.00000000	p2sh	2	exact-20 + P2SH	PENDING	PENDING
38nry8YcmTnENCaShcmVXYGft3ZU9HY9sM	PENDING	PENDING	PENDING	2000000000	20.00000000	p2sh	2	exact-20 + P2SH	PENDING	PENDING
38sP1kgUwkjWXtKq1HfGRk1wc4VAZZE9rb	PENDING	PENDING	PENDING	2000000000	20.00000000	p2sh	2	exact-20 + P2SH	PENDING	PENDING
39MXodMvmb8ineQdnW2XoJTBTCCMwM6ttV	PENDING	PENDING	PENDING	2000000000	20.00000000	p2sh	2	exact-20 + P2SH	PENDING	PENDING
39UCvsdgupA1gnXxm4goTBfBUftAYiQmUS	PENDING	PENDING	PENDING	2000000000	20.00000000	p2sh	2	exact-20 + P2SH	PENDING	PENDING
39Ub7xvDZgShNrpKbFampBGg7hQVcQMdw8	PENDING	PENDING	PENDING	2000000000	20.00000000	p2sh	2	exact-20 + P2SH	PENDING	PENDING
39WYRaKMoiNCAq6ojfVxKerQviHePHBto9	PENDING	PENDING	PENDING	2000000000	20.00000000	p2sh	2	exact-20 + P2SH	PENDING	PENDING
39pZbBomYpAPxQjP6ZoEPcsGzU5urt9rNF	PENDING	PENDING	PENDING	2000000000	20.00000000	p2sh	2	exact-20 + P2SH	PENDING	PENDING
39qKCV4J7z6f7zGNHVYh2dNZcVwf1D7Sta	PENDING	PENDING	PENDING	2000000000	20.00000000	p2sh	2	exact-20 + P2SH	PENDING	PENDING
3A5foUhjoQMr4wpbVbkHsJjsPjpKkh6Wti	PENDING	PENDING	PENDING	2000000000	20.00000000	p2sh	2	exact-20 + P2SH	PENDING	PENDING
3A7eEd9yEpygVjL4eWKNGTuge2CSq64rmE	PENDING	PENDING	PENDING	2000000000	20.00000000	p2sh	2	exact-20 + P2SH	PENDING	PENDING
3AQWfuN26WScv5fYeAMsquFzdEPdb3oBdh	PENDING	PENDING	PENDING	2000000000	20.00000000	p2sh	2	exact-20 + P2SH	PENDING	PENDING
3Ab9t9MR7oTRAGukY3CR723aPd6tRyojii	PENDING	PENDING	PENDING	2000000000	20.00000000	p2sh	2	exact-20 + P2SH	PENDING	PENDING
3BETTGC26qVu91TFmqsZnCYSe8Zvvzk6BX	PENDING	PENDING	PENDING	2000000000	20.00000000	p2sh	2	exact-20 + P2SH	PENDING	PENDING
3BTUzTZJTU1hU3MZjJXQPKBdy2Lov8uCwJ	PENDING	PENDING	PENDING	2000000000	20.00000000	p2sh	2	exact-20 + P2SH	PENDING	PENDING
3Be4WZVrsWu7DsrFHoKEbJugHkF8xP9jdS	PENDING	PENDING	PENDING	2000000000	20.00000000	p2sh	2	exact-20 + P2SH	PENDING	PENDING
3BfGoYxYCVtQNJscYr77pKnwMYBtGf7Gxw	PENDING	PENDING	PENDING	2000000000	20.00000000	p2sh	2	exact-20 + P2SH	PENDING	PENDING
3BnMbx9vvyG1hVsXpGsCRjry224THCeNiB	PENDING	PENDING	PENDING	2000000000	20.00000000	p2sh	2	exact-20 + P2SH	PENDING	PENDING
3CEkWZxcaPkJhkFAcLipdmbt7exoHyu3DH	PENDING	PENDING	PENDING	2000000000	20.00000000	p2sh	2	exact-20 + P2SH	PENDING	PENDING
3CKTTnmuXRthy4PNJPU38QY7AGUsCgsipF	PENDING	PENDING	PENDING	2000000000	20.00000000	p2sh	2	exact-20 + P2SH	PENDING	PENDING
3CT8J4EJRWdjc4ejjBTwgLqTd1gfpTT9tL	PENDING	PENDING	PENDING	2000000000	20.00000000	p2sh	2	exact-20 + P2SH	PENDING	PENDING
3CffvDDriebZnXzZwtrHo9DrxSqJovqkB5	PENDING	PENDING	PENDING	2000000000	20.00000000	p2sh	2	exact-20 + P2SH	PENDING	PENDING
3CrFWXDjgt3Qga8FxB4EYPrVLNQpjpNzMF	PENDING	PENDING	PENDING	2000000000	20.00000000	p2sh	2	exact-20 + P2SH	PENDING	PENDING
3CweGMC5DJc3Q64oq6WBmX5FeAKTtbPBMc	PENDING	PENDING	PENDING	2000000000	20.00000000	p2sh	2	exact-20 + P2SH	PENDING	PENDING
3D2JHufHcEfFAGKifdKzhGCn1b1teqLGUm	PENDING	PENDING	PENDING	2000000000	20.00000000	p2sh	2	exact-20 + P2SH	PENDING	PENDING
3D3D4XNTmSBuH9dtWz8rp1Ef6JbcYkgSCg	PENDING	PENDING	PENDING	2000000000	20.00000000	p2sh	2	exact-20 + P2SH	PENDING	PENDING
3DJBfZ7M5JEGSniRXYrDxXNgKJfWfTN5mC	PENDING	PENDING	PENDING	2000000000	20.00000000	p2sh	2	exact-20 + P2SH	PENDING	PENDING
3DajvPWEf4hUmYDwBGWspCZxe6vnkNZcG2	PENDING	PENDING	PENDING	2000000000	20.00000000	p2sh	2	exact-20 + P2SH	PENDING	PENDING
3DgH8LPu7a6gqPnLcsjDDTZEKew5BLvq4S	PENDING	PENDING	PENDING	2000000000	20.00000000	p2sh	2	exact-20 + P2SH	PENDING	PENDING
3DpfEZ7zgGb7bnZuNBCQPsEBGr2LXNmSyw	PENDING	PENDING	PENDING	2000000000	20.00000000	p2sh	2	exact-20 + P2SH	PENDING	PENDING
3DqLCv49aFGaknEDMkZKZ3qkQT5ymKvKt2	PENDING	PENDING	PENDING	2000000000	20.00000000	p2sh	2	exact-20 + P2SH	PENDING	PENDING
3DzD8oFdCSRLp81xpNsb1AQYgasN9HY9hZ	PENDING	PENDING	PENDING	2000000000	20.00000000	p2sh	2	exact-20 + P2SH	PENDING	PENDING
3DzYoiWRS1WLgtPryV1xtNpCAJFgFuQanD	PENDING	PENDING	PENDING	2000000000	20.00000000	p2sh	2	exact-20 + P2SH	PENDING	PENDING
3E6Ub2sfSNrVn4nDBLAA8kpwoenJj2tNXu	PENDING	PENDING	PENDING	2000000000	20.00000000	p2sh	2	exact-20 + P2SH	PENDING	PENDING
3E8FhzaDHoLwevn18y2oV1pfjzwq488zyV	PENDING	PENDING	PENDING	2000000000	20.00000000	p2sh	2	exact-20 + P2SH	PENDING	PENDING
3E8fx2o7ZTHwem7JF6jLYadG4Evsjj9TFf	PENDING	PENDING	PENDING	2000000000	20.00000000	p2sh	2	exact-20 + P2SH	PENDING	PENDING
3E9FQzhnH28fS4vK2MyqJKjTFfofHBzYXy	PENDING	PENDING	PENDING	2000000000	20.00000000	p2sh	2	exact-20 + P2SH	PENDING	PENDING
3EAjLj16XDKU5o1PpWSKwpR2BvqXLc8u47	PENDING	PENDING	PENDING	2000000000	20.00000000	p2sh	2	exact-20 + P2SH	PENDING	PENDING
3ETV5TrpNhEzRt9tDQYSz2GK7VXp1pW4sa	PENDING	PENDING	PENDING	2000000000	20.00000000	p2sh	2	exact-20 + P2SH	PENDING	PENDING
3EUq5nJp7SpZ2dVPhsk8iYoozs98azUrT1	PENDING	PENDING	PENDING	2000000000	20.00000000	p2sh	2	exact-20 + P2SH	PENDING	PENDING
3EWukScr4Tg82rzpTVg4iAueSUnSSnYnUD	PENDING	PENDING	PENDING	2000000000	20.00000000	p2sh	2	exact-20 + P2SH	PENDING	PENDING
3EdRjcrNg4yq24SRG9gYDAQd3uze6s6WxA	PENDING	PENDING	PENDING	2000000000	20.00000000	p2sh	2	exact-20 + P2SH	PENDING	PENDING
3F16XkNyaBKVfg4bpBTY8JaweEidVM9Yqi	PENDING	PENDING	PENDING	2000000000	20.00000000	p2sh	2	exact-20 + P2SH	PENDING	PENDING
3F6vmgRJ3Cpif3VZ7mNJvvft7msj4A8iDy	PENDING	PENDING	PENDING	2000000000	20.00000000	p2sh	2	exact-20 + P2SH	PENDING	PENDING
3FwHZUZYnQE427URugK11QVzjH6quhbJat	PENDING	PENDING	PENDING	2000000000	20.00000000	p2sh	2	exact-20 + P2SH	PENDING	PENDING
3G49uuAkTj1tRypKxRfHYCAHvwLgpuXiuz	PENDING	PENDING	PENDING	2000000000	20.00000000	p2sh	2	exact-20 + P2SH	PENDING	PENDING
3GALAtSS9FfuiMYNJFagjwJxiVsWCNTBfy	PENDING	PENDING	PENDING	2000000000	20.00000000	p2sh	2	exact-20 + P2SH	PENDING	PENDING
3GZdJqqkh71sZ1DTxfq4KBDzUJnQYYsxFj	PENDING	PENDING	PENDING	2000000000	20.00000000	p2sh	2	exact-20 + P2SH	PENDING	PENDING
3GkEQMfsUymHox9bikiu89K3bEykpWtLdJ	PENDING	PENDING	PENDING	2000000000	20.00000000	p2sh	2	exact-20 + P2SH	PENDING	PENDING
3GuK3etcNw2PJ8RGuk4fgwewmFs9yysvt9	PENDING	PENDING	PENDING	2000000000	20.00000000	p2sh	2	exact-20 + P2SH	PENDING	PENDING
3H6V33pJbMfXSxNwWAJTsP8fVqcdDbqe9W	PENDING	PENDING	PENDING	2000000000	20.00000000	p2sh	2	exact-20 + P2SH	PENDING	PENDING
3H7yPkwsyhdskCKwGQGzBWaEAanF6K8jx8	PENDING	PENDING	PENDING	2000000000	20.00000000	p2sh	2	exact-20 + P2SH	PENDING	PENDING
3HKNZjjAWjX6EqiUJBCjqFNXM8yERkGLM5	PENDING	PENDING	PENDING	2000000000	20.00000000	p2sh	2	exact-20 + P2SH	PENDING	PENDING
3HQEMMJUWj5XjGwGS9BMHmjcBVT9BY5CeN	PENDING	PENDING	PENDING	2000000000	20.00000000	p2sh	2	exact-20 + P2SH	PENDING	PENDING
3HRsHRgCSqcdZEgbzLAyLjfFnUaSv8YXqn	PENDING	PENDING	PENDING	2000000000	20.00000000	p2sh	2	exact-20 + P2SH	PENDING	PENDING
3HZAqHkBNgvNrtpB1h14zzFMr5q2Hvhsig	PENDING	PENDING	PENDING	2000000000	20.00000000	p2sh	2	exact-20 + P2SH	PENDING	PENDING
3HbGHeM9ULVDscdgsfKewHkvLTUqbfzm8d	PENDING	PENDING	PENDING	2000000000	20.00000000	p2sh	2	exact-20 + P2SH	PENDING	PENDING
3Hk4PhUWjj7oogjYvNK5cKnEpzULDgEZqg	PENDING	PENDING	PENDING	2000000000	20.00000000	p2sh	2	exact-20 + P2SH	PENDING	PENDING
3Hqb6S8g13aySKZZWNxUU5Jn5ianuYgic5	PENDING	PENDING	PENDING	2000000000	20.00000000	p2sh	2	exact-20 + P2SH	PENDING	PENDING
3HxVAsFYbcSEvgvK8x9SdBeSjKNwm6NyvR	PENDING	PENDING	PENDING	2000000000	20.00000000	p2sh	2	exact-20 + P2SH	PENDING	PENDING
3J3JLprGDMarT1iKRUfU6VmYbc7vTcHG1k	PENDING	PENDING	PENDING	2000000000	20.00000000	p2sh	2	exact-20 + P2SH	PENDING	PENDING
3J7zfWyg6VwPbVpyVDXEU4yvjCmtfe6Rv6	PENDING	PENDING	PENDING	2000000000	20.00000000	p2sh	2	exact-20 + P2SH	PENDING	PENDING
3JSGbva15rn6gaDj2AxzBk6my9DKyYJV6W	PENDING	PENDING	PENDING	2000000000	20.00000000	p2sh	2	exact-20 + P2SH	PENDING	PENDING
3JbBS53UQ4XRLLsB77rN8pfYdz3Tq5kLhj	PENDING	PENDING	PENDING	2000000000	20.00000000	p2sh	2	exact-20 + P2SH	PENDING	PENDING
3JffDiZCNHSoJtcw3Pgg2zzxB6QmacCUii	PENDING	PENDING	PENDING	2000000000	20.00000000	p2sh	2	exact-20 + P2SH	PENDING	PENDING
3JpVZdvRWwpoTCpbeVejKpcDx8qpWDwd9D	PENDING	PENDING	PENDING	2000000000	20.00000000	p2sh	2	exact-20 + P2SH	PENDING	PENDING
3JxzvBVbW8j3xs9d7Nuqqs8KU3nrEwmigy	PENDING	PENDING	PENDING	2000000000	20.00000000	p2sh	2	exact-20 + P2SH	PENDING	PENDING
3K44pAjLmU7FBbuwJWppg1ge6NguLVebqw	PENDING	PENDING	PENDING	2000000000	20.00000000	p2sh	2	exact-20 + P2SH	PENDING	PENDING
3KVLCH3pgL9imW7e9TQ8rRHXVfZbyQsTGH	PENDING	PENDING	PENDING	2000000000	20.00000000	p2sh	2	exact-20 + P2SH	PENDING	PENDING
3KYEJMzsVFhQ3mKQypGqJCCNAG6uwPfwPE	PENDING	PENDING	PENDING	2000000000	20.00000000	p2sh	2	exact-20 + P2SH	PENDING	PENDING
3KyQqFcS4zrTt8VVcvuf1FUCEcVhhbyY6E	PENDING	PENDING	PENDING	2000000000	20.00000000	p2sh	2	exact-20 + P2SH	PENDING	PENDING
3L3VnLwyBAtjpi6Zs5QAAD8LDq6tuznay1	PENDING	PENDING	PENDING	2000000000	20.00000000	p2sh	2	exact-20 + P2SH	PENDING	PENDING
3L9ndYd64LkP1imUkJVnG4Y5ASc9nx4TvP	PENDING	PENDING	PENDING	2000000000	20.00000000	p2sh	2	exact-20 + P2SH	PENDING	PENDING
3LCUtTe7H6cRycM56FQpptZtEpyfqdHGty	PENDING	PENDING	PENDING	2000000000	20.00000000	p2sh	2	exact-20 + P2SH	PENDING	PENDING
3LK47prs5Z18ZSsEdx5uCjf1HuwLh82Gn3	PENDING	PENDING	PENDING	2000000000	20.00000000	p2sh	2	exact-20 + P2SH	PENDING	PENDING
3LZTPLyynGcKxEVJQZ7X5zUzdh1qvrB3pu	PENDING	PENDING	PENDING	2000000000	20.00000000	p2sh	2	exact-20 + P2SH	PENDING	PENDING
3Lm2L6m4CfVmaoKdGYS4dQHni698vrMAXf	PENDING	PENDING	PENDING	2000000000	20.00000000	p2sh	2	exact-20 + P2SH	PENDING	PENDING
3LoVhGdRxvN519egrNsZCjTvYJujdGpXKQ	PENDING	PENDING	PENDING	2000000000	20.00000000	p2sh	2	exact-20 + P2SH	PENDING	PENDING
3LocoPkqQTQj24LhzNayYRz17tnhndufCm	PENDING	PENDING	PENDING	2000000000	20.00000000	p2sh	2	exact-20 + P2SH	PENDING	PENDING
3M5t86pFRpdCi4Q67Vw6FAV3dFc5QSkGbw	PENDING	PENDING	PENDING	2000000000	20.00000000	p2sh	2	exact-20 + P2SH	PENDING	PENDING
3MK6HLar9xQwaVVPJrFKQf16fAzqGbq6kF	PENDING	PENDING	PENDING	2000000000	20.00000000	p2sh	2	exact-20 + P2SH	PENDING	PENDING
3MPFfixmJgfVdv4TN4DGM3F43oqMCgAxjR	PENDING	PENDING	PENDING	2000000000	20.00000000	p2sh	2	exact-20 + P2SH	PENDING	PENDING
3MaPGmFC1aFABmGYhnRdhxMbdbVsHSRs6c	PENDING	PENDING	PENDING	2000000000	20.00000000	p2sh	2	exact-20 + P2SH	PENDING	PENDING
3Myer1yjDT4QVx8RD65ZaM2aKsSVp8Qq5w	PENDING	PENDING	PENDING	2000000000	20.00000000	p2sh	2	exact-20 + P2SH	PENDING	PENDING
3N1NbG6kFsPjxfzJBr7asoDQowZ2hAjLph	PENDING	PENDING	PENDING	2000000000	20.00000000	p2sh	2	exact-20 + P2SH	PENDING	PENDING
3NBpvhegQAkH1di7VUqHwuRT9ZKuGPWS7t	PENDING	PENDING	PENDING	2000000000	20.00000000	p2sh	2	exact-20 + P2SH	PENDING	PENDING
3NQhd1EXq9waP5LpSFcxmm1qncN1tS7Toj	PENDING	PENDING	PENDING	2000000000	20.00000000	p2sh	2	exact-20 + P2SH	PENDING	PENDING
3NRGD2NH8UA7heEwng7BkjHvgcDfxqVzYb	PENDING	PENDING	PENDING	2000000000	20.00000000	p2sh	2	exact-20 + P2SH	PENDING	PENDING
3NmnRRj5J3kQQGKR7mE6vd8yZ2VEjKPsFZ	PENDING	PENDING	PENDING	2000000000	20.00000000	p2sh	2	exact-20 + P2SH	PENDING	PENDING
3No4XHn4GgBQSwgdGUutZdCgUkwiyRm6si	PENDING	PENDING	PENDING	2000000000	20.00000000	p2sh	2	exact-20 + P2SH	PENDING	PENDING
3NsQAVcDCCh5t9S6ASaEKTaFZtKbQbuLPE	PENDING	PENDING	PENDING	2000000000	20.00000000	p2sh	2	exact-20 + P2SH	PENDING	PENDING
3NvyFJzwDMKP9bpYHHcTvMWKj2e5J2UXMk	PENDING	PENDING	PENDING	2000000000	20.00000000	p2sh	2	exact-20 + P2SH	PENDING	PENDING
3P6r1nxAdfLuCES5kBmgCoEWX24LNDYJRH	PENDING	PENDING	PENDING	2000000000	20.00000000	p2sh	2	exact-20 + P2SH	PENDING	PENDING
3PDpPBAY8pGBZYcPNuGk4m1eELfr6SqyVT	PENDING	PENDING	PENDING	2000000000	20.00000000	p2sh	2	exact-20 + P2SH	PENDING	PENDING
3PSbZZ4beWG9kuLs2qkyXmLoa8DpmgJdU1	PENDING	PENDING	PENDING	2000000000	20.00000000	p2sh	2	exact-20 + P2SH	PENDING	PENDING
3PZ3CsVWCxYNzWo4jMMoVyxKHH4PJSHL6G	PENDING	PENDING	PENDING	2000000000	20.00000000	p2sh	2	exact-20 + P2SH	PENDING	PENDING
3PZ9AQ9WNdASXG9kWvXiX73kuc6QQHeZyV	PENDING	PENDING	PENDING	2000000000	20.00000000	p2sh	2	exact-20 + P2SH	PENDING	PENDING
3PcyZF67DXqTDYd75SMHBbtgbXMegmJhBp	PENDING	PENDING	PENDING	2000000000	20.00000000	p2sh	2	exact-20 + P2SH	PENDING	PENDING
3PejCS454fVanYYFudg5nTX2uQawPom1V4	PENDING	PENDING	PENDING	2000000000	20.00000000	p2sh	2	exact-20 + P2SH	PENDING	PENDING
3PmPqu8zDzxsYQeXN4cdMP1GqQAvG8CDx2	PENDING	PENDING	PENDING	2000000000	20.00000000	p2sh	2	exact-20 + P2SH	PENDING	PENDING
3Q91JeW9eLTgSGMRBPWKxBu1JC7sBWZrdo	PENDING	PENDING	PENDING	2000000000	20.00000000	p2sh	2	exact-20 + P2SH	PENDING	PENDING
3QM8PYT9q1XFMm23otWjthZmzvhjJR72o8	PENDING	PENDING	PENDING	2000000000	20.00000000	p2sh	2	exact-20 + P2SH	PENDING	PENDING
3QYGmgtWk4NU769vqbqVeacMmDmQYMC3H1	PENDING	PENDING	PENDING	2000000000	20.00000000	p2sh	2	exact-20 + P2SH	PENDING	PENDING
3QgpTorP7iZcszv1d1ZeXKTWxkvZtuPVSb	PENDING	PENDING	PENDING	2000000000	20.00000000	p2sh	2	exact-20 + P2SH	PENDING	PENDING
3NVjd4Gd3qA2D4Df2D5uFY253FugB6XuTT	PENDING	PENDING	PENDING	2050000000	20.50000000	p2sh	6	in-band	PENDING	PENDING
bc1q854np9sg4xnux0a9gqtw49n4d495hvsv9dq575	PENDING	PENDING	PENDING	2049999919	20.49999919	p2wpkh	6	in-band	PENDING	PENDING
1L7SmiXTXytoyndLj2WXVTagHg7Dzk77ey	PENDING	PENDING	PENDING	2049999777	20.49999777	p2pkh	6	in-band	PENDING	PENDING
bc1qqgd6jk7wg7cven76hk3nkh7sqx7ev0wn46zsa7	PENDING	PENDING	PENDING	2049994857	20.49994857	p2wpkh	6	in-band	PENDING	PENDING
bc1qt4ud8z3u777ah745wsu77nk9rq22r83u088u75	PENDING	PENDING	PENDING	2049984024	20.49984024	p2wpkh	6	in-band	PENDING	PENDING
bc1qgrxfdvpmjxdrfwux0smpu0ajt9p4fk4q779mdl	PENDING	PENDING	PENDING	2049977882	20.49977882	p2wpkh	6	in-band	PENDING	PENDING
335rxvASvmsFRnrYW35thScuAQwy5Y94Pw	PENDING	PENDING	PENDING	2049973210	20.49973210	p2sh	6	in-band	PENDING	PENDING
3Qe3cYicR5LJ4tMT5VDUYR4xvqzpRY2Vax	PENDING	PENDING	PENDING	2049957730	20.49957730	p2sh	6	in-band	PENDING	PENDING
bc1qng3k5662z493za8dqlhn62yphvhxwrf8f5ydl5	PENDING	PENDING	PENDING	2049784624	20.49784624	p2wpkh	6	in-band	PENDING	PENDING
bc1qvjytuygags2gdrjlwahjr87grrc80rymgjh9vd	PENDING	PENDING	PENDING	2049700324	20.49700324	p2wpkh	6	in-band	PENDING	PENDING
bc1qzf0kenvryn40e0cmy30l96nck7u0pq54h3nw5h	PENDING	PENDING	PENDING	2049507556	20.49507556	p2wpkh	6	in-band	PENDING	PENDING
bc1qaumtn0yx39tsp9n8krh5j6jcyn5ftqkgj8ngdd	PENDING	PENDING	PENDING	2049500066	20.49500066	p2wpkh	6	in-band	PENDING	PENDING
34EP27xgV8Xcjy5mUd9J1iq4reVJJizQuo	PENDING	PENDING	PENDING	2049469730	20.49469730	p2sh	6	in-band	PENDING	PENDING
1FBeedaaHCtWkmGdZ9hXCoabYew8VHKb62	PENDING	PENDING	PENDING	2049389000	20.49389000	p2pkh	6	in-band	PENDING	PENDING
3CjVbLucA9oYGLQecnKtdbiBYWRibetbM5	PENDING	PENDING	PENDING	2049208630	20.49208630	p2sh	6	in-band	PENDING	PENDING
bc1qrgaglujkls2rx47p5f7jdrk2g6rnhtf4m8c7r9	PENDING	PENDING	PENDING	2049168624	20.49168624	p2wpkh	6	in-band	PENDING	PENDING
bc1qd6c6n79zq29zswt45py39x308gzuuslefv80kv	PENDING	PENDING	PENDING	2048900624	20.48900624	p2wpkh	6	in-band	PENDING	PENDING
bc1qu6qu6j208pyqxgsllq3vjsxm0w7cu6373eapgz	PENDING	PENDING	PENDING	2048845224	20.48845224	p2wpkh	6	in-band	PENDING	PENDING
bc1q0ty9z59fvuhcpmzzj0vsw45h6t0n4psnpvqh9z	PENDING	PENDING	PENDING	2048625160	20.48625160	p2wpkh	6	in-band	PENDING	PENDING
bc1qvjhvjdhmz9sx0rwc6theq3papjmmjx736pz5dl	PENDING	PENDING	PENDING	2048298324	20.48298324	p2wpkh	6	in-band	PENDING	PENDING
bc1qcdtqry3geu67p7r0wpsvazh2mekmzd69djettthvmvxez7ep8yxsjsk8wj	PENDING	PENDING	PENDING	2048234230	20.48234230	p2wsh	6	in-band	PENDING	PENDING
bc1q8x278pkff3z6h2tdyvkpwukzyn8trn54g3t82k	PENDING	PENDING	PENDING	2048170951	20.48170951	p2wpkh	6	in-band	PENDING	PENDING
bc1qka7yrsldhuxedetw6x82lq8azz2ygpcdpzl2yk	PENDING	PENDING	PENDING	2048168108	20.48168108	p2wpkh	6	in-band	PENDING	PENDING
bc1qlr464a6ng02h2grdyqcm7gsd9ajvhvcy4nzjtr	PENDING	PENDING	PENDING	2048084880	20.48084880	p2wpkh	6	in-band	PENDING	PENDING
bc1qn2q9afhytgc3qejaqsq3r50lp4wg8mcgu9p98k	PENDING	PENDING	PENDING	2048000840	20.48000840	p2wpkh	6	in-band	PENDING	PENDING
bc1qtm7l4kr8s988tgc42f5j2vx2n2rdrl3ehsen23	PENDING	PENDING	PENDING	2047925443	20.47925443	p2wpkh	6	in-band	PENDING	PENDING
bc1q7x4w7trr2fmgw3z3ffa0dpu4l0wgdkt2gxrmqn	PENDING	PENDING	PENDING	2047722184	20.47722184	p2wpkh	6	in-band	PENDING	PENDING
bc1q64kh4pjtgezf4lnldg6gftrezyj2l8ph9rl06c	PENDING	PENDING	PENDING	2047637724	20.47637724	p2wpkh	6	in-band	PENDING	PENDING
3EsfXbZQSeFpa2CjH8h9zngKkcpQZZDnmY	PENDING	PENDING	PENDING	2047469102	20.47469102	p2sh	6	in-band	PENDING	PENDING
39mf52KJdKPgAff2hDcWmS2AVMWiddqTqf	PENDING	PENDING	PENDING	2047294484	20.47294484	p2sh	6	in-band	PENDING	PENDING
bc1q2wd7dsr6ndjue5jwnx5qe6ekjuaswt0j8zcas6	PENDING	PENDING	PENDING	2047128624	20.47128624	p2wpkh	6	in-band	PENDING	PENDING
bc1q3f0j502v8ly2wq33cs626jq6knxjqzch953qa2	PENDING	PENDING	PENDING	2047048628	20.47048628	p2wpkh	6	in-band	PENDING	PENDING
35V813hWbq1QpBcjDh527jqgXbhBAHRqPC	PENDING	PENDING	PENDING	2047028931	20.47028931	p2sh	6	in-band	PENDING	PENDING
bc1qa92uaq55pld7nat72vq2eexlfgk2t8tjwes2jy	PENDING	PENDING	PENDING	2046964089	20.46964089	p2wpkh	6	in-band	PENDING	PENDING
3CM3urcVbBbfJf5jTcWazXgmtaqDiVGwTA	PENDING	PENDING	PENDING	2046772901	20.46772901	p2sh	6	in-band	PENDING	PENDING
bc1qtvzasx7q3ahnr3fqxmjqnautgac5p3lwa2svrl	PENDING	PENDING	PENDING	2046617245	20.46617245	p2wpkh	6	in-band	PENDING	PENDING
3HFbGfmHaiqtufgKq2JFEdwZrRcAXFRGQo	PENDING	PENDING	PENDING	2046198731	20.46198731	p2sh	6	in-band	PENDING	PENDING
bc1q3km8v7eamgdqeu36qa959whlwjl73x0zxyapsv	PENDING	PENDING	PENDING	2046067004	20.46067004	p2wpkh	6	in-band	PENDING	PENDING
bc1qj67p0u6rru9dv940jp8kquufucn5kpw4n7ycg2	PENDING	PENDING	PENDING	2046057919	20.46057919	p2wpkh	6	in-band	PENDING	PENDING
3Ju6n69JPFRQtRpQmD2EPJgHfZQJ9E9VCs	PENDING	PENDING	PENDING	2045767716	20.45767716	p2sh	6	in-band	PENDING	PENDING
1CjGDrTV2hHmkKrUqcAGVwkVmc6n63kksF	PENDING	PENDING	PENDING	2045656682	20.45656682	p2pkh	6	in-band	PENDING	PENDING
bc1qqlmx33w8lfwfy5wrdm063epfwlymml35f4r208x90e22m0xj9jtq4uufw4	PENDING	PENDING	PENDING	2045622920	20.45622920	p2wsh	6	in-band	PENDING	PENDING
1FudLoMdtr5BRH6bG6bgybAQhbJyBbLYcQ	PENDING	PENDING	PENDING	2045572502	20.45572502	p2pkh	6	in-band	PENDING	PENDING
bc1qf9jg2mnazh3ak398ur63efqn9hw3ewu9zqnpyr	PENDING	PENDING	PENDING	2045554192	20.45554192	p2wpkh	6	in-band	PENDING	PENDING
bc1qsahs7nx68upynaawwllt5s5f2mvrllrlwn6dxf	PENDING	PENDING	PENDING	2045457371	20.45457371	p2wpkh	6	in-band	PENDING	PENDING
bc1qlm0q3kemxkhym3c6afvlt42jkagje5ep204a7s	PENDING	PENDING	PENDING	2045407210	20.45407210	p2wpkh	6	in-band	PENDING	PENDING
bc1qpmqtxeklycd98qmrv8x8pauqjxpvkk9htrhkwt	PENDING	PENDING	PENDING	2045237618	20.45237618	p2wpkh	6	in-band	PENDING	PENDING
bc1qrpy3kpxmvrr5hn6c6pzc0v8jc3qrztrnfaz230	PENDING	PENDING	PENDING	2045193353	20.45193353	p2wpkh	6	in-band	PENDING	PENDING
12q6uRmS3AUjx8qEpR76NSAog8itw4vtf5	PENDING	PENDING	PENDING	2045064700	20.45064700	p2pkh	6	in-band	PENDING	PENDING
174ZZWjpBwQnsR9MdRkHSgNk4T2wfUcE3P	PENDING	PENDING	PENDING	2044962067	20.44962067	p2pkh	6	in-band	PENDING	PENDING
bc1qcmp8vfzf5qyywvhh5ekw26pt28rxxt800q3t59	PENDING	PENDING	PENDING	2044923424	20.44923424	p2wpkh	6	in-band	PENDING	PENDING
322uL1TKtFfBeSQoQHobVS2WiZMVa4TwmM	PENDING	PENDING	PENDING	2044829673	20.44829673	p2sh	6	in-band	PENDING	PENDING
bc1qt9ychyhafsedn2fql7nyea0mt7f2xzu9wujqq3	PENDING	PENDING	PENDING	2044828304	20.44828304	p2wpkh	6	in-band	PENDING	PENDING
bc1qr4rkdq2t6wnz6ts5pl6ayysh5ls2y77wwn6up4	PENDING	PENDING	PENDING	2044810954	20.44810954	p2wpkh	6	in-band	PENDING	PENDING
3NHdgX9Dey5zBHzkgjHJA6Yj92bNGHk8pj	PENDING	PENDING	PENDING	2044668916	20.44668916	p2sh	6	in-band	PENDING	PENDING
37YGaMWL4CZ6VPHwNCwQFm8dLH3cZfAcqy	PENDING	PENDING	PENDING	2044337336	20.44337336	p2sh	6	in-band	PENDING	PENDING
bc1q47ppdfwfv2xtxyh2vyrtlkm260rpaf4yy2090u	PENDING	PENDING	PENDING	2044192099	20.44192099	p2wpkh	6	in-band	PENDING	PENDING
bc1qtgwpzscg7tgr95ulz23penukqexfwwy8950zx8	PENDING	PENDING	PENDING	2044100804	20.44100804	p2wpkh	6	in-band	PENDING	PENDING
bc1q3ph3en64zqst2x7h2epqrh9ewvks4rxkpr6735	PENDING	PENDING	PENDING	2043991309	20.43991309	p2wpkh	6	in-band	PENDING	PENDING
bc1qwsnh2pnt3rd5fdkfsgrg8d6esj3m4qgcavl9mj	PENDING	PENDING	PENDING	2043961157	20.43961157	p2wpkh	6	in-band	PENDING	PENDING
bc1qnv0dut335jwqem2e8773y63plvj6frgvqgg72pj4ax6qff0p2k8snhl8y8	PENDING	PENDING	PENDING	2043788630	20.43788630	p2wsh	6	in-band	PENDING	PENDING
bc1q6ju4x5axf7035sypreykj7h6wt05dpmzev8qz2	PENDING	PENDING	PENDING	2043648259	20.43648259	p2wpkh	6	in-band	PENDING	PENDING
3PKjQipQRkbQkMFbhFgbs7L4qQh2fsVCjo	PENDING	PENDING	PENDING	2043533806	20.43533806	p2sh	6	in-band	PENDING	PENDING
bc1qt32rlffh57pj9hsx9vun0a8f589n2nm5u2zttc	PENDING	PENDING	PENDING	2043214624	20.43214624	p2wpkh	6	in-band	PENDING	PENDING
bc1qnryfgkze9nt95mc2d2zxs5er9vrr5898f9hxpz	PENDING	PENDING	PENDING	2043143908	20.43143908	p2wpkh	6	in-band	PENDING	PENDING
3KNv3xZenLUZGPt7DbL82TzoS5TXWmRBom	PENDING	PENDING	PENDING	2043115681	20.43115681	p2sh	6	in-band	PENDING	PENDING
bc1qxqec9t36lczt543anggudsr90e3qwj0almtfx4	PENDING	PENDING	PENDING	2043057961	20.43057961	p2wpkh	6	in-band	PENDING	PENDING
bc1q3cjulhpmq0tf6vfmyq4vrhnlgkmeqr5hq29zqk	PENDING	PENDING	PENDING	2043000624	20.43000624	p2wpkh	6	in-band	PENDING	PENDING
bc1qkknckpyyr65a04hug6ke8k22x9tfjxn9qy05zm	PENDING	PENDING	PENDING	2042645992	20.42645992	p2wpkh	6	in-band	PENDING	PENDING
bc1q02t4n7zy3kcfc28jysfkpjup04pzwjzuxes259	PENDING	PENDING	PENDING	2042585024	20.42585024	p2wpkh	6	in-band	PENDING	PENDING
bc1q083wz9336zgflxc6alf0f2sf0vlzjfggrhc47txss83an0ul4z5qrl04ev	PENDING	PENDING	PENDING	2042286423	20.42286423	p2wsh	6	in-band	PENDING	PENDING
bc1quc0t7xumh5lx7djmkhprjmtq2h94swjrtugaqz	PENDING	PENDING	PENDING	2042220038	20.42220038	p2wpkh	6	in-band	PENDING	PENDING
bc1q0zwqzhjujtwg0q4key558dw4aqk9xxpvhnztyc	PENDING	PENDING	PENDING	2042000624	20.42000624	p2wpkh	6	in-band	PENDING	PENDING
bc1qz02kutw5mh7mwhdjgqt6eavmx33xf0rya3ehjx	PENDING	PENDING	PENDING	2041946322	20.41946322	p2wpkh	6	in-band	PENDING	PENDING
bc1q4v72kz6mfqvgvs3fwc2u6j9q6suyj6g9ylz3qk	PENDING	PENDING	PENDING	2041924195	20.41924195	p2wpkh	6	in-band	PENDING	PENDING
bc1q8ff6un5ncywxmnx7r822fmr5t53rlt38ekcp7u	PENDING	PENDING	PENDING	2041838776	20.41838776	p2wpkh	6	in-band	PENDING	PENDING
3N2YmkAFcNJmgDrg9xT9cXahzU1y2XVL8N	PENDING	PENDING	PENDING	2041810533	20.41810533	p2sh	6	in-band	PENDING	PENDING
bc1quhy9nvcs9sgzzy4q4lqcmkw53k9xd5dka6x0ud	PENDING	PENDING	PENDING	2041314513	20.41314513	p2wpkh	6	in-band	PENDING	PENDING
3Bd3gtFWroYFBTfxNVEZJR9GxvKVgjqwCw	PENDING	PENDING	PENDING	2041278889	20.41278889	p2sh	6	in-band	PENDING	PENDING
bc1pjzzzqz4fedxsx9v2arlwt432avhm43knxhuafv78kq804kg3rztspvaux5	PENDING	PENDING	PENDING	2041277475	20.41277475	p2tr	6	in-band	PENDING	PENDING
bc1q6rpteltf4jpqe2hjuklzd8fc6qpuc4kkc4qdp9	PENDING	PENDING	PENDING	2040912324	20.40912324	p2wpkh	6	in-band	PENDING	PENDING
bc1q8qhyn44h6samw3qa4s497qlq029mm6mjpp66rp	PENDING	PENDING	PENDING	2040856171	20.40856171	p2wpkh	6	in-band	PENDING	PENDING
397sN3dEMaAd67ZcQrrAbaxPVFemKKvo1r	PENDING	PENDING	PENDING	2040699652	20.40699652	p2sh	6	in-band	PENDING	PENDING
3JVwdSuR2TjP4cSvgyLFNcxFsx8kX3Eop2	PENDING	PENDING	PENDING	2040587948	20.40587948	p2sh	6	in-band	PENDING	PENDING
33ECnxmmduUcBfUXq6pCzHtmbnqV5GZWwH	PENDING	PENDING	PENDING	2040315173	20.40315173	p2sh	6	in-band	PENDING	PENDING
bc1qfl0zdss7q2c2ptyydc570wvjx0psrhugr0jzew	PENDING	PENDING	PENDING	2040042669	20.40042669	p2wpkh	6	in-band	PENDING	PENDING
bc1qllnmmdasuynqxzylq5vvpa4g0v73ukq03h4guw	PENDING	PENDING	PENDING	2040000954	20.40000954	p2wpkh	6	in-band	PENDING	PENDING
19F8X3sK9T2mAMKvmiPuVTDTt7KCf1SsEp	PENDING	PENDING	PENDING	2039799394	20.39799394	p2pkh	6	in-band	PENDING	PENDING
1H2UmYAZASPyFdDn8ytbWWBp5hcsdxBgLx	PENDING	PENDING	PENDING	2039594366	20.39594366	p2pkh	6	in-band	PENDING	PENDING
bc1q2d24klqj878cd47sfx8pskzccw3xk42fu8ald3	PENDING	PENDING	PENDING	2039581460	20.39581460	p2wpkh	6	in-band	PENDING	PENDING
12SgVi3PuS85RVvekEnQ1kUQeMQ6JZ3HQs	PENDING	PENDING	PENDING	2039513200	20.39513200	p2pkh	6	in-band	PENDING	PENDING
bc1qg6ctl5t0ts49gxgnp7r3g7h9ssu27ut26rem3f	PENDING	PENDING	PENDING	2039445624	20.39445624	p2wpkh	6	in-band	PENDING	PENDING
bc1qqllwsl4c9h07pa2rglxrztsnj8sjgdrf25q75w	PENDING	PENDING	PENDING	2039316192	20.39316192	p2wpkh	6	in-band	PENDING	PENDING
bc1q524x7q3yxdl2h7gk3phs2u4eapld93l75wg9uz	PENDING	PENDING	PENDING	2039290080	20.39290080	p2wpkh	6	in-band	PENDING	PENDING
bc1qpnlletqf8wtzs3f6v0wp52f5t8dcxkc7gckkun	PENDING	PENDING	PENDING	2039195040	20.39195040	p2wpkh	6	in-band	PENDING	PENDING
3NsCZQwEQZwKuRTvUMVHYw86pvj2wjrS1X	PENDING	PENDING	PENDING	2038947959	20.38947959	p2sh	6	in-band	PENDING	PENDING
bc1qt3k3w03fjjg3pn5gnr4f6cdwxdgauav93746qw	PENDING	PENDING	PENDING	2038861524	20.38861524	p2wpkh	6	in-band	PENDING	PENDING
bc1qmlsn2vpsp07cnnwnkmt8kp9jfp53379h07eme4	PENDING	PENDING	PENDING	2038795535	20.38795535	p2wpkh	6	in-band	PENDING	PENDING
bc1qtfj098f68ta3ce2pn9ajz8wy2shenev5fzcfm2	PENDING	PENDING	PENDING	2038658713	20.38658713	p2wpkh	6	in-band	PENDING	PENDING
bc1qmrnkdmldlmtgyhsd3pk7yq535sduxhl294jpge	PENDING	PENDING	PENDING	2038597956	20.38597956	p2wpkh	6	in-band	PENDING	PENDING
bc1qxhfs6swsp4att6n3rhmmnxwngmxr68s02j8ce6	PENDING	PENDING	PENDING	2038498915	20.38498915	p2wpkh	6	in-band	PENDING	PENDING
bc1qm62wwtujywfj983877zmudd3xee6m95zfc3wd9	PENDING	PENDING	PENDING	2038490870	20.38490870	p2wpkh	6	in-band	PENDING	PENDING
bc1qjh3ehsl2hyl6t50s60kzf4thaat8mvv02y2hxz	PENDING	PENDING	PENDING	2038391686	20.38391686	p2wpkh	6	in-band	PENDING	PENDING
bc1qdzkhgxh7ykkv0lhm0w2pf84rtujdwqua57az3k	PENDING	PENDING	PENDING	2038359200	20.38359200	p2wpkh	6	in-band	PENDING	PENDING
bc1qv0tfrmxrt4qd84xs3pq8dzauc22lrmlfv2awn7	PENDING	PENDING	PENDING	2038211724	20.38211724	p2wpkh	6	in-band	PENDING	PENDING
bc1q3dvtaq7dngcxvj3ryjauyhrsc4hn3wevk2nm4m	PENDING	PENDING	PENDING	2038187624	20.38187624	p2wpkh	6	in-band	PENDING	PENDING
bc1q7q6e3jjxt2pcd2ksskg96eyntmlhc3ukk28auvutwcw54x83ujzsz0d0aa	PENDING	PENDING	PENDING	2038136617	20.38136617	p2wsh	6	in-band	PENDING	PENDING
bc1qze9e80xxunu0tavhk2e8sd9qnkj00f0drmx26t	PENDING	PENDING	PENDING	2038075748	20.38075748	p2wpkh	6	in-band	PENDING	PENDING
bc1qgc89rre8xs8frx5mxfgxwvstlv825t6dcm4fn8	PENDING	PENDING	PENDING	2038003000	20.38003000	p2wpkh	6	in-band	PENDING	PENDING
bc1q2mh2cewd6pmkmsdsaefhxlvx35w5xsaygef4zp	PENDING	PENDING	PENDING	2037958606	20.37958606	p2wpkh	6	in-band	PENDING	PENDING
bc1ppg4wy96k28hym5zdazhy379f7xpqmndea3n2g9gte6sydpcjrhlqf9gxqv	PENDING	PENDING	PENDING	2037790041	20.37790041	p2tr	6	in-band	PENDING	PENDING
bc1qr0qed6s5dtwr3mss5axmsvvfeku3yzvvm6y7cd	PENDING	PENDING	PENDING	2037787624	20.37787624	p2wpkh	6	in-band	PENDING	PENDING
bc1qprwauhgejxk2eezewx7emdpxppdtjuguxnhnme	PENDING	PENDING	PENDING	2037771612	20.37771612	p2wpkh	6	in-band	PENDING	PENDING
bc1q7k2tde8kt8mj7j89fwudup3jwsw7ppzz30jy4a	PENDING	PENDING	PENDING	2037625055	20.37625055	p2wpkh	6	in-band	PENDING	PENDING
bc1qmar3ma487mt6ecdsl5k9egr0nkzp4s49ndg4td	PENDING	PENDING	PENDING	2037618010	20.37618010	p2wpkh	6	in-band	PENDING	PENDING
bc1q52qaz7dnrvd7m86yyxqdv79sgmtgu0fxy09r3l	PENDING	PENDING	PENDING	2037468924	20.37468924	p2wpkh	6	in-band	PENDING	PENDING
bc1q6t55quggrpftayrujvd9dvxmvnzzda3mqd8nex	PENDING	PENDING	PENDING	2037367209	20.37367209	p2wpkh	6	in-band	PENDING	PENDING
35ART7p6JjnthWpCNArAULGsdZqbzpi2Eh	PENDING	PENDING	PENDING	2037335695	20.37335695	p2sh	6	in-band	PENDING	PENDING
bc1qfkjpky900zw4ff9zj3ul3afucyww3hs4xxv3qt	PENDING	PENDING	PENDING	2037201224	20.37201224	p2wpkh	6	in-band	PENDING	PENDING
bc1qzth7p5gtjv899c8mgd5l5fx3cf4muk5syawerk	PENDING	PENDING	PENDING	2036978050	20.36978050	p2wpkh	6	in-band	PENDING	PENDING
bc1qwx3hpea7c2g559a800jmzgevxz28tuje4n02ep	PENDING	PENDING	PENDING	2036949024	20.36949024	p2wpkh	6	in-band	PENDING	PENDING
bc1qn7j5dz5p8qrh6k9psclzhefnu9pxhvw2rfzcj6	PENDING	PENDING	PENDING	2036923024	20.36923024	p2wpkh	6	in-band	PENDING	PENDING
bc1qvkaynr069y5ntaj3hsdf9l6vnesmjq9y28wqcz	PENDING	PENDING	PENDING	2036349252	20.36349252	p2wpkh	6	in-band	PENDING	PENDING
3ELSEYpeAv9uisXYqB5bJqGsb2EtWNgXT7	PENDING	PENDING	PENDING	2036251703	20.36251703	p2sh	6	in-band	PENDING	PENDING
bc1qjalmv2rmecg0r5awn4zkgd8c8d2qjah6ap9khy	PENDING	PENDING	PENDING	2036135024	20.36135024	p2wpkh	6	in-band	PENDING	PENDING
3LaYrrrBVLnYSZQyh5hH667csMYznT85V8	PENDING	PENDING	PENDING	2036043242	20.36043242	p2sh	6	in-band	PENDING	PENDING
bc1qw3xtayx87nd06h4aj5cm0gvkjlyctz7k32p55nu9x2nrrfl83lsq53sjsm	PENDING	PENDING	PENDING	2035994765	20.35994765	p2wsh	6	in-band	PENDING	PENDING
3CL3Yb5o4MiXr334H7DSeh3GS1GfFpSCa5	PENDING	PENDING	PENDING	2035989229	20.35989229	p2sh	6	in-band	PENDING	PENDING
1LvRKsZcfyBENBUcDBn3oxFaGdNBv5pBwX	PENDING	PENDING	PENDING	2035705437	20.35705437	p2pkh	6	in-band	PENDING	PENDING
bc1p23rdtvsevwahp6dgfp5lh25fkyxknavwme580hfeflnsp6ud84psrhlpw4	PENDING	PENDING	PENDING	2035674021	20.35674021	p2tr	6	in-band	PENDING	PENDING
1JD5gmcR59rjfBk8XDR5K2QNoxm7XQeFfx	PENDING	PENDING	PENDING	2035627789	20.35627789	p2pkh	6	in-band	PENDING	PENDING
bc1q7ha89jksud9l2kg6gfafkquauj27w9u4lmjfxm	PENDING	PENDING	PENDING	2035352020	20.35352020	p2wpkh	6	in-band	PENDING	PENDING
1NktsWv7fJViPG7CQjUH6gZeAJfszQzdbd	PENDING	PENDING	PENDING	2035260874	20.35260874	p2pkh	6	in-band	PENDING	PENDING
3JEAYKcvNhnhA56w71itoGDZw2tBCdZwnb	PENDING	PENDING	PENDING	2035221642	20.35221642	p2sh	6	in-band	PENDING	PENDING
1E31y3jeFXDuAU4x3tA7JQPh4912TVw6gJ	PENDING	PENDING	PENDING	2035125902	20.35125902	p2pkh	6	in-band	PENDING	PENDING
bc1pan3xny94pwkq2d29u0mwdl3wj2hdpfmy45qc22jxk0ucx5k2pltqunsa09	PENDING	PENDING	PENDING	2034963005	20.34963005	p2tr	6	in-band	PENDING	PENDING
1N8i5HZuwwwkpjXMPQMf6Xq8hkjBXkQeCi	PENDING	PENDING	PENDING	2034941100	20.34941100	p2pkh	6	in-band	PENDING	PENDING
bc1qvddj6l0vjkkmhta6394a0mrcf7e495fky2k889	PENDING	PENDING	PENDING	2034687795	20.34687795	p2wpkh	6	in-band	PENDING	PENDING
3DAwqkWJHfbUY9MtiHgPUSGAG1ZUVSxa51	PENDING	PENDING	PENDING	2034681827	20.34681827	p2sh	6	in-band	PENDING	PENDING
bc1qamn783dm98t89r0354dmcmh7hs7xel67kd3k2s	PENDING	PENDING	PENDING	2034616551	20.34616551	p2wpkh	6	in-band	PENDING	PENDING
3Ggo6chTGg83aH8EBzfRqKJ1nrUKNSrrz8	PENDING	PENDING	PENDING	2034566615	20.34566615	p2sh	6	in-band	PENDING	PENDING
bc1qha7s5w4769cl02p3nrp30tsm2nw42aheym9w0g	PENDING	PENDING	PENDING	2034531926	20.34531926	p2wpkh	6	in-band	PENDING	PENDING
bc1qk844m6r9z4peln2mc0jehnwnc4l7dr0e7cj5pu	PENDING	PENDING	PENDING	2034510124	20.34510124	p2wpkh	6	in-band	PENDING	PENDING
bc1qyvrly042jqv95cz3dp3lvk23jqe5sl56sktk03	PENDING	PENDING	PENDING	2034455924	20.34455924	p2wpkh	6	in-band	PENDING	PENDING
bc1q4nljj95gwqz0hmepkpwrp7sezj9ml0fzy42r49	PENDING	PENDING	PENDING	2034245824	20.34245824	p2wpkh	6	in-band	PENDING	PENDING
bc1qut643g7w527pfg3wk77urdz6zch5zd7dnhjlqf	PENDING	PENDING	PENDING	2034213601	20.34213601	p2wpkh	6	in-band	PENDING	PENDING
38gW5ihH7Dssq86yiiWWR81AWL2ivbh1kz	PENDING	PENDING	PENDING	2034154091	20.34154091	p2sh	6	in-band	PENDING	PENDING
bc1qt0vw62cgg9zncw0swcqken5k76ea6ltkqy8ens	PENDING	PENDING	PENDING	2034040524	20.34040524	p2wpkh	6	in-band	PENDING	PENDING
3DWdRJpANxFdbBRjZcNoUP1msesWupQfyN	PENDING	PENDING	PENDING	2033996572	20.33996572	p2sh	6	in-band	PENDING	PENDING
3DC2vsCMXgznjjJpoHWf184dNsCPJZdZtD	PENDING	PENDING	PENDING	2033825000	20.33825000	p2sh	6	in-band	PENDING	PENDING
bc1q5qe6hqtfqmk5rwup0luwe82ghz7rgu0fmg36l3	PENDING	PENDING	PENDING	2033725524	20.33725524	p2wpkh	6	in-band	PENDING	PENDING
1LaC3Xt8RZWYH1pjcvXxrWxLvXe7iR3ybe	PENDING	PENDING	PENDING	2033722006	20.33722006	p2pkh	6	in-band	PENDING	PENDING
bc1q8hksrmlmq2xlaaflczedv9wtjhggjpaqhgc7lf	PENDING	PENDING	PENDING	2033674758	20.33674758	p2wpkh	6	in-band	PENDING	PENDING
3Qp58Z6fACvYqMusobEVQqSzdUtpeahuBN	PENDING	PENDING	PENDING	2033518367	20.33518367	p2sh	6	in-band	PENDING	PENDING
bc1qdu5trfskw5n4uffdzzgex3x9wps32skxnru8rt	PENDING	PENDING	PENDING	2033504724	20.33504724	p2wpkh	6	in-band	PENDING	PENDING
149LBf75kkkmqdhGJ7wgU9rWyRaiC3dsoW	PENDING	PENDING	PENDING	2033483302	20.33483302	p2pkh	6	in-band	PENDING	PENDING
bc1q0v78hkdsm8n32r07dvgj4nv5v7nnpywgh395sx	PENDING	PENDING	PENDING	2033399796	20.33399796	p2wpkh	6	in-band	PENDING	PENDING
bc1qw78u58nudeejlwgnqmz86x3d4szmh6vu2eldxh	PENDING	PENDING	PENDING	2033369424	20.33369424	p2wpkh	6	in-band	PENDING	PENDING
bc1qsep6d4epu09ee60rhurdy2h8xyutu75wts47sj	PENDING	PENDING	PENDING	2033325924	20.33325924	p2wpkh	6	in-band	PENDING	PENDING
bc1qtu3lk5gurnncsuerkdsv3fv0jyyqrkurdlggkh	PENDING	PENDING	PENDING	2033217032	20.33217032	p2wpkh	6	in-band	PENDING	PENDING
3PaHiuMhWTfkCFSnaJ8vvzHyaTM8UAqPo6	PENDING	PENDING	PENDING	2033130377	20.33130377	p2sh	6	in-band	PENDING	PENDING
bc1phxpxc8k5umt6eda9gxexmnv52vkefs2ghrw4fgc0tnnp9jc475zq49lpjx	PENDING	PENDING	PENDING	2033017583	20.33017583	p2tr	6	in-band	PENDING	PENDING
1GhwomjiYTJiNp9LHs3GPtWLMzoJSYci1h	PENDING	PENDING	PENDING	2032697986	20.32697986	p2pkh	6	in-band	PENDING	PENDING
bc1pu54n5hjw3gaz2hpartmyd6vnd2gqsc0tteqsxfrn7hkdnyje6n6savajjn	PENDING	PENDING	PENDING	2032179806	20.32179806	p2tr	6	in-band	PENDING	PENDING
bc1qcd6sgj4w0qjm79te76447fffwqvg76ws37u2jp	PENDING	PENDING	PENDING	2032095762	20.32095762	p2wpkh	6	in-band	PENDING	PENDING
bc1qsz7ugernlm7v943efxx0r6lesrlglwxvmgh8kd	PENDING	PENDING	PENDING	2031809280	20.31809280	p2wpkh	6	in-band	PENDING	PENDING
bc1qr2hus40zq4t7cj6pg5pwgjj4eta0ff0kkvd0my	PENDING	PENDING	PENDING	2031804606	20.31804606	p2wpkh	6	in-band	PENDING	PENDING
bc1qhe86ps8x2vy45dssqdvkgcemjrmrm694rr9qvv	PENDING	PENDING	PENDING	2031725253	20.31725253	p2wpkh	6	in-band	PENDING	PENDING
bc1qn5jt6k8drpdzay7kct096cc9h8kxr2ynpnrc5h	PENDING	PENDING	PENDING	2031709474	20.31709474	p2wpkh	6	in-band	PENDING	PENDING
bc1qu6agzuan8s3zcnpljhf7934sltqeq7mr8jp58t	PENDING	PENDING	PENDING	2031597224	20.31597224	p2wpkh	6	in-band	PENDING	PENDING
bc1qkwz6v0dhymrltnw9r8jxw97wwaqfg3hts556vr	PENDING	PENDING	PENDING	2031373388	20.31373388	p2wpkh	6	in-band	PENDING	PENDING
bc1qmuewhlvf2e0rp9cpls7lpyjelydkjysxhtl5rx	PENDING	PENDING	PENDING	2031317620	20.31317620	p2wpkh	6	in-band	PENDING	PENDING
bc1qpq9el3gfk6qhcua7fnqghxhh8h0xsyg4xpyfa9	PENDING	PENDING	PENDING	2031213654	20.31213654	p2wpkh	6	in-band	PENDING	PENDING
bc1qqhj7s89n4n3l35skmkgjumrqxrdea9ge02af4n	PENDING	PENDING	PENDING	2031097809	20.31097809	p2wpkh	6	in-band	PENDING	PENDING
bc1q3r8jkuhk9z2zz4dtvdxfz8kcxck9uls35jglzk	PENDING	PENDING	PENDING	2031000755	20.31000755	p2wpkh	6	in-band	PENDING	PENDING
bc1q6wslwjmx9ahuml3nmrf67mnaghaec04mmm905a	PENDING	PENDING	PENDING	2031000624	20.31000624	p2wpkh	6	in-band	PENDING	PENDING
bc1q80clh9mc722gwzsaa2t7dxfysyvekr7d469esa	PENDING	PENDING	PENDING	2030940571	20.30940571	p2wpkh	6	in-band	PENDING	PENDING
bc1qcg9yx0269kafvn0wgw0h3y7964yapwe3jvcqne	PENDING	PENDING	PENDING	2030771667	20.30771667	p2wpkh	6	in-band	PENDING	PENDING
3Cy7CN8vm1guDkibt2PKHroKw5PhHVLjE5	PENDING	PENDING	PENDING	2030751020	20.30751020	p2sh	6	in-band	PENDING	PENDING
37c6xnkrim1MAtqacTEMMquuprqCQ6Ckqv	PENDING	PENDING	PENDING	2030748140	20.30748140	p2sh	6	in-band	PENDING	PENDING
bc1qsvd5eudpxt2s2m82kg9ajyykf7rcxumsydra5e	PENDING	PENDING	PENDING	2030723777	20.30723777	p2wpkh	6	in-band	PENDING	PENDING
34quYMypMgbe8yozVnQQsnH1cNfmk6Wk4Q	PENDING	PENDING	PENDING	2030670923	20.30670923	p2sh	6	in-band	PENDING	PENDING
bc1ql7fjkjvs0uq9e2mg8l9lc4ddnp285655ekeazr	PENDING	PENDING	PENDING	2030644389	20.30644389	p2wpkh	6	in-band	PENDING	PENDING
1AdY8JNoMrDoX9EMKqr791TzHuNdEdb4xS	PENDING	PENDING	PENDING	2030628002	20.30628002	p2pkh	6	in-band	PENDING	PENDING
bc1qy2zg6uls36sarg5faaq97na43wcx7dvaatwm9x	PENDING	PENDING	PENDING	2030569624	20.30569624	p2wpkh	6	in-band	PENDING	PENDING
bc1qw4v9fkhytvcgl5050r9l5gjdrss9nafkujgwe9	PENDING	PENDING	PENDING	2030559026	20.30559026	p2wpkh	6	in-band	PENDING	PENDING
18DWefyrucyu8r6zBv1n3JdT9auB8rT6a7	PENDING	PENDING	PENDING	2030520000	20.30520000	p2pkh	6	in-band	PENDING	PENDING
bc1qh4y227e3mqa04whsg0mf4nakz6fhxn70ezj52n	PENDING	PENDING	PENDING	2030465624	20.30465624	p2wpkh	6	in-band	PENDING	PENDING
bc1qxhu695z27w2dx2eqnu7znscmhwnphg8hd3ygmf	PENDING	PENDING	PENDING	2030465624	20.30465624	p2wpkh	6	in-band	PENDING	PENDING
3JpeyMgNYKHhugMZF7cwYAAnyoFofJ7L4g	PENDING	PENDING	PENDING	2030396610	20.30396610	p2sh	6	in-band	PENDING	PENDING
bc1q4xv467gch05307tj0mskwfdnulj39f0rzw8rlt	PENDING	PENDING	PENDING	2030360524	20.30360524	p2wpkh	6	in-band	PENDING	PENDING
bc1qxjpze94jhr4yv6xawlevt6jyaxu9pzkrq0udc4	PENDING	PENDING	PENDING	2030339689	20.30339689	p2wpkh	6	in-band	PENDING	PENDING
bc1q87vvdflyg87x4wxzjmylhnjh48gtrs4ytjd7sl	PENDING	PENDING	PENDING	2030337348	20.30337348	p2wpkh	6	in-band	PENDING	PENDING
bc1qnxk0akpa9mdn9aj8jxka0vfs5545gk3kwrpphl	PENDING	PENDING	PENDING	2030336183	20.30336183	p2wpkh	6	in-band	PENDING	PENDING
bc1q0g2avadqs96hay34d3qupwnu45zf9wmxujmz3n	PENDING	PENDING	PENDING	2030000624	20.30000624	p2wpkh	6	in-band	PENDING	PENDING
bc1qtgxx779pxl24txpszyjmetjvqj8eq8k9u2mmn8	PENDING	PENDING	PENDING	2030000624	20.30000624	p2wpkh	6	in-band	PENDING	PENDING
bc1quzkxcj6lvk3zcneppdmn4hu06vcp0gg78x9jal	PENDING	PENDING	PENDING	2030000624	20.30000624	p2wpkh	6	in-band	PENDING	PENDING
bc1qzhrkxum5yccys8dtgx6mv4h7mzdhrjkcx4yfqx	PENDING	PENDING	PENDING	2030000624	20.30000624	p2wpkh	6	in-band	PENDING	PENDING
3AVoEjEHdru4BE8kpwyiFupC1fVoRpAN3T	PENDING	PENDING	PENDING	2030000000	20.30000000	p2sh	6	in-band	PENDING	PENDING
bc1qsfc5ulg5nw2a92efzurlkjs6kvyxm4a2n6ur3fjrtuvmtdd0dcnqs5qajk	PENDING	PENDING	PENDING	2029983845	20.29983845	p2wsh	6	in-band	PENDING	PENDING
37mQfPnyU4T8qWdYDf6UPr3fVNujEEd9Ke	PENDING	PENDING	PENDING	2029930963	20.29930963	p2sh	6	in-band	PENDING	PENDING
3CDawm7NofCAWNaExddaFCa7M6swyiHzFy	PENDING	PENDING	PENDING	2029787548	20.29787548	p2sh	6	in-band	PENDING	PENDING
1Jvb8eByBtHZBJeZ73AobVmJWf5bDTWvEb	PENDING	PENDING	PENDING	2029740000	20.29740000	p2pkh	6	in-band	PENDING	PENDING
1PN3XVwrRR1opsJ7pfkjjzV2xFQXKT91Pt	PENDING	PENDING	PENDING	2029735182	20.29735182	p2pkh	6	in-band	PENDING	PENDING
bc1qcj56vtglffn7q3rw0tt9fz0yu60mkpskmzw9j7	PENDING	PENDING	PENDING	2029709024	20.29709024	p2wpkh	6	in-band	PENDING	PENDING
33SpFT9MmYDk5e4d29rkJux33oU3dxFKFd	PENDING	PENDING	PENDING	2029495398	20.29495398	p2sh	6	in-band	PENDING	PENDING
bc1q64ak4yvf8cgtcst7qkcy8jcxzpaan6m7374m58	PENDING	PENDING	PENDING	2029425624	20.29425624	p2wpkh	6	in-band	PENDING	PENDING
bc1qlcjel0n8gnqf4a7zees9t3p6wu30srrzjrtkms	PENDING	PENDING	PENDING	2029262224	20.29262224	p2wpkh	6	in-band	PENDING	PENDING
3Hnhc9FsWuqRSB3tErL3xTcks5ty3iNmdj	PENDING	PENDING	PENDING	2029256200	20.29256200	p2sh	6	in-band	PENDING	PENDING
1M1PirYfwKBGAARpkySJMrynTtsVbcJ54X	PENDING	PENDING	PENDING	2029224641	20.29224641	p2pkh	6	in-band	PENDING	PENDING
bc1q2flwsym78fvulfhsce4s6df85xkur0g9dhanl5	PENDING	PENDING	PENDING	2029185124	20.29185124	p2wpkh	6	in-band	PENDING	PENDING
bc1qwvyp37exgnzpgrcu73wejusm93qtpxff8kxndf	PENDING	PENDING	PENDING	2029031474	20.29031474	p2wpkh	6	in-band	PENDING	PENDING
3AY1dWCqdaNBq3ug18hVPbPXHdaW5322E6	PENDING	PENDING	PENDING	2029005004	20.29005004	p2sh	6	in-band	PENDING	PENDING
1NQksZ2W9b9fJLy1g6wSMaNbKb8BEyVsW5	PENDING	PENDING	PENDING	2028913063	20.28913063	p2pkh	6	in-band	PENDING	PENDING
34Yk64xBEHTtj8UaLWjUNq36oMUqfSciku	PENDING	PENDING	PENDING	2028879943	20.28879943	p2sh	6	in-band	PENDING	PENDING
bc1q4mzhthj6t80e8dt2r2zx4w65jsqx0enmsesjx6	PENDING	PENDING	PENDING	2028521924	20.28521924	p2wpkh	6	in-band	PENDING	PENDING
bc1q8skaqxtfkw3lcfj39cst9mga7wzk0rl8gyfu5a	PENDING	PENDING	PENDING	2028488822	20.28488822	p2wpkh	6	in-band	PENDING	PENDING
bc1q6l7aag40yqgegskqw2qrzkcde5l5nufmlfm3tm	PENDING	PENDING	PENDING	2028407940	20.28407940	p2wpkh	6	in-band	PENDING	PENDING
bc1qptdwgn5ley8xmgn2w3gqfjscx8sjgqpxjx0ga9	PENDING	PENDING	PENDING	2028344924	20.28344924	p2wpkh	6	in-band	PENDING	PENDING
bc1qydgwrmlm9hs32xvykgm6fv6h9fj7a67zxql6t4	PENDING	PENDING	PENDING	2028298724	20.28298724	p2wpkh	6	in-band	PENDING	PENDING
1PtkSr7mts7zKoHWiZhGfJYCVLMxhAC86N	PENDING	PENDING	PENDING	2028190289	20.28190289	p2pkh	6	in-band	PENDING	PENDING
bc1qutxerhujgtmgeerpsz56qsk7gm4z5789lystc7	PENDING	PENDING	PENDING	2028175611	20.28175611	p2wpkh	6	in-band	PENDING	PENDING
bc1qgaf60wf6hrz4cdwnazplqzlurvev3cuqdacvalcm3eeghyud58zse2f0sp	PENDING	PENDING	PENDING	2028006058	20.28006058	p2wsh	6	in-band	PENDING	PENDING
bc1qr6cteama6h0pc3vjra6e7997s3hyzzp8fcqvze	PENDING	PENDING	PENDING	2027885169	20.27885169	p2wpkh	6	in-band	PENDING	PENDING
bc1qq9j3axz2hpzqljkvfg76ket9czf252he8pz64d	PENDING	PENDING	PENDING	2027826724	20.27826724	p2wpkh	6	in-band	PENDING	PENDING
bc1q3kpq6du0ecz9np6n6r2drqv3dmerndg9w6lfm2	PENDING	PENDING	PENDING	2027819009	20.27819009	p2wpkh	6	in-band	PENDING	PENDING
35CTymxHsodxwWe1LjjEmCb6Dug2PBxoER	PENDING	PENDING	PENDING	2027630487	20.27630487	p2sh	6	in-band	PENDING	PENDING
344rYBQEMXtJxaiMFp9Eo7kDgNkZovR2K1	PENDING	PENDING	PENDING	2027616097	20.27616097	p2sh	6	in-band	PENDING	PENDING
bc1qxk2knkjl0p26uykrxkkzwp4wq3v7ryhehx3rtw	PENDING	PENDING	PENDING	2027518679	20.27518679	p2wpkh	6	in-band	PENDING	PENDING
32bRbML2HbWvqr7jEGxK58Yy6mwaA96kej	PENDING	PENDING	PENDING	2027276068	20.27276068	p2sh	6	in-band	PENDING	PENDING
bc1qqzh8m60vnt0dtzj3nf4rqm4kh6sf0mcc58mm37	PENDING	PENDING	PENDING	2027211121	20.27211121	p2wpkh	6	in-band	PENDING	PENDING
bc1q7cl27g8hrw66cqpanv2drjff49lkvh4u2uhquu	PENDING	PENDING	PENDING	2027073624	20.27073624	p2wpkh	6	in-band	PENDING	PENDING
bc1qn67a0qs6dmcg7fnaqfcdnu7yjmv8ywj6tzejqr	PENDING	PENDING	PENDING	2027004930	20.27004930	p2wpkh	6	in-band	PENDING	PENDING
3Ea39GVVCbJJuncm585CfrSHqccKBGttwK	PENDING	PENDING	PENDING	2026967580	20.26967580	p2sh	6	in-band	PENDING	PENDING
bc1qa5evgyvhjrwegfz0vglm3f7q7wqhtzwx9gqmql	PENDING	PENDING	PENDING	2026718950	20.26718950	p2wpkh	6	in-band	PENDING	PENDING
bc1qwjrrmqppgsusglfmjwg5zpyrna6usxwmrz5le0	PENDING	PENDING	PENDING	2026575103	20.26575103	p2wpkh	6	in-band	PENDING	PENDING
bc1qksxerfjjfemvdlqr0cxz8c50jhgunglh49xfa3	PENDING	PENDING	PENDING	2026500624	20.26500624	p2wpkh	6	in-band	PENDING	PENDING
3ETLtp32VLs2HjjPC8LYuKKrX36Gor9b5F	PENDING	PENDING	PENDING	2026089200	20.26089200	p2sh	6	in-band	PENDING	PENDING
bc1q9f5x75lfrhupauwstz566xeedwt75kw2djpdxz	PENDING	PENDING	PENDING	2026000624	20.26000624	p2wpkh	6	in-band	PENDING	PENDING
35cWdjuSwkxyM371ioJxjXZCxocoMCYbWS	PENDING	PENDING	PENDING	2025995532	20.25995532	p2sh	6	in-band	PENDING	PENDING
3H7Y4Db56FBzVxdDprc8T1T53WBWNDyEpk	PENDING	PENDING	PENDING	2025934029	20.25934029	p2sh	6	in-band	PENDING	PENDING
bc1qkqap8kx5d53xdst0mef0c8tc00shyv8r834sq6	PENDING	PENDING	PENDING	2025895624	20.25895624	p2wpkh	6	in-band	PENDING	PENDING
bc1q9jc0r8qsdhha23wu9c4yr3naxplj8vds0vvqz3	PENDING	PENDING	PENDING	2025859724	20.25859724	p2wpkh	6	in-band	PENDING	PENDING
bc1q92h2w7sqgctuht4ed4epeyh6p0a2r2q2my6853	PENDING	PENDING	PENDING	2025838026	20.25838026	p2wpkh	6	in-band	PENDING	PENDING
bc1q4arv38x50jka2cy0aneuvdtkncsdmulyeha4l5	PENDING	PENDING	PENDING	2025748437	20.25748437	p2wpkh	6	in-band	PENDING	PENDING
bc1qxk2lqt9aye6gcg9sww3mev7v3n0d5n559fnn7c	PENDING	PENDING	PENDING	2025727954	20.25727954	p2wpkh	6	in-band	PENDING	PENDING
37ek1zTv2fSwhd6DECVPDFFDus7AKkuJN6	PENDING	PENDING	PENDING	2025710677	20.25710677	p2sh	6	in-band	PENDING	PENDING
bc1qcqnw220xe726fp8gjpjvt3sk5s488kgw3lktm0	PENDING	PENDING	PENDING	2025674124	20.25674124	p2wpkh	6	in-band	PENDING	PENDING
bc1q4can9chuxtxzkul7kp62vprlhmkrj9rrnszr2t	PENDING	PENDING	PENDING	2025587038	20.25587038	p2wpkh	6	in-band	PENDING	PENDING
bc1q7xaq3z09gylrgxcnuer44lzaux68jtvu4zs8km	PENDING	PENDING	PENDING	2025521061	20.25521061	p2wpkh	6	in-band	PENDING	PENDING
bc1qru0xx8d5lxlt3gswdwnvtj3y0qmtxf7r40r0au	PENDING	PENDING	PENDING	2025468483	20.25468483	p2wpkh	6	in-band	PENDING	PENDING
bc1qad37lxjxwew9cr8ggex27j76as8htukjhggt33	PENDING	PENDING	PENDING	2025458228	20.25458228	p2wpkh	6	in-band	PENDING	PENDING
bc1qh9x05zju8rspudvq0y7xse7x4slx2ch53vrcnf	PENDING	PENDING	PENDING	2025453163	20.25453163	p2wpkh	6	in-band	PENDING	PENDING
bc1q6uzd5yw3429kvtflzr5np0wsujtzslwh0tpkup	PENDING	PENDING	PENDING	2025445724	20.25445724	p2wpkh	6	in-band	PENDING	PENDING
bc1qw50g3c0ewe9xrh9gpt9u940zj0qjpr85fmdfll	PENDING	PENDING	PENDING	2025359824	20.25359824	p2wpkh	6	in-band	PENDING	PENDING
bc1qaap5qwd66t6hq0xtu5tusg4x0c5k55qeup2rvs	PENDING	PENDING	PENDING	2025319124	20.25319124	p2wpkh	6	in-band	PENDING	PENDING
bc1qmlrfnkd8amq6a0px07lyrrpr4wls8aertjvrq5	PENDING	PENDING	PENDING	2025155595	20.25155595	p2wpkh	6	in-band	PENDING	PENDING
bc1qfwz3g5r640t6fe6twu6ngmtxnrwdd5reagnch7	PENDING	PENDING	PENDING	2025106005	20.25106005	p2wpkh	6	in-band	PENDING	PENDING
358ismjVUVYMeBDfq63kD3DyJgSznAQFEM	PENDING	PENDING	PENDING	2025020431	20.25020431	p2sh	6	in-band	PENDING	PENDING
bc1qsfp3zseggfvmjnynkzcdagfy74xu7zapkhnu8h	PENDING	PENDING	PENDING	2024999868	20.24999868	p2wpkh	6	in-band	PENDING	PENDING
1MXq6CqjsEqApxaoY9JxBrfYhaWUca77cF	PENDING	PENDING	PENDING	2024971959	20.24971959	p2pkh	6	in-band	PENDING	PENDING
bc1qj0dcxskddklw6gevt7kfja9hl255twfrj9jyr9	PENDING	PENDING	PENDING	2024699402	20.24699402	p2wpkh	6	in-band	PENDING	PENDING
3NvewhKBUCDdtJnwbY737q7Mr5gFASmnsJ	PENDING	PENDING	PENDING	2024482097	20.24482097	p2sh	6	in-band	PENDING	PENDING
3BWpaVoTyFbnJwSFMqb8wT5DyYEWXYExNX	PENDING	PENDING	PENDING	2024330919	20.24330919	p2sh	6	in-band	PENDING	PENDING
3EAfEJkWiEyY1tyuwjWdyA47z9ZMV4cJyb	PENDING	PENDING	PENDING	2024114243	20.24114243	p2sh	6	in-band	PENDING	PENDING
1MdrRfWocG3LvYyDWDTF58yWRTXAhLVFeB	PENDING	PENDING	PENDING	2024099511	20.24099511	p2pkh	6	in-band	PENDING	PENDING
3MqDEjFNwrUFY2PTTsqaLgZHnfrvYYngR3	PENDING	PENDING	PENDING	2023965600	20.23965600	p2sh	6	in-band	PENDING	PENDING
19tTkaeArDeZ7z7Kv3iY5BPqG161paPDeY	PENDING	PENDING	PENDING	2023885446	20.23885446	p2pkh	6	in-band	PENDING	PENDING
bc1q3pyc5sxu9vu7fjku6pdcymtsdha6sqsja68jge	PENDING	PENDING	PENDING	2023745223	20.23745223	p2wpkh	6	in-band	PENDING	PENDING
bc1qv6u68q5y47kdejy3j6auhdvw36z7868m45e0ae	PENDING	PENDING	PENDING	2023668726	20.23668726	p2wpkh	6	in-band	PENDING	PENDING
bc1q6vxp5zseztlcsr8vt0pf50f3c7sgtdrlvk589w	PENDING	PENDING	PENDING	2023577773	20.23577773	p2wpkh	6	in-band	PENDING	PENDING
bc1qq9c8m8v0gesn996pc8zlxcpe8m52at9nghh0jr	PENDING	PENDING	PENDING	2023539324	20.23539324	p2wpkh	6	in-band	PENDING	PENDING
bc1qx4yuh8r0c0wnwcuq7cstpp6tvwwprsac6jh454	PENDING	PENDING	PENDING	2023460552	20.23460552	p2wpkh	6	in-band	PENDING	PENDING
bc1qupjnh448zqglyt3wtpaddvw59p9s53w56hw8fx	PENDING	PENDING	PENDING	2023456743	20.23456743	p2wpkh	6	in-band	PENDING	PENDING
bc1qdckyg0fktglf3zjfra7lxtqjau2fu6xsamgval	PENDING	PENDING	PENDING	2023194400	20.23194400	p2wpkh	6	in-band	PENDING	PENDING
bc1qqtt3qtpvz8arcq7pxzuak78rzls45z3ahqddfx	PENDING	PENDING	PENDING	2023012690	20.23012690	p2wpkh	6	in-band	PENDING	PENDING
1QEkuMMQT1yNfojqvRdoKQDraGbZArqSWU	PENDING	PENDING	PENDING	2022727536	20.22727536	p2pkh	6	in-band	PENDING	PENDING
bc1quxc635zrxcamtdkerl9l5089ye4ksfh7zvg3lk	PENDING	PENDING	PENDING	2022575846	20.22575846	p2wpkh	6	in-band	PENDING	PENDING
bc1qqtxhsqa7ayxdya80vqnpl6cmlxaqwjtdgv2eay	PENDING	PENDING	PENDING	2022480554	20.22480554	p2wpkh	6	in-band	PENDING	PENDING
3HkCkiLYpC4W6iqFmHBaSnTc5vyYfsYXaF	PENDING	PENDING	PENDING	2022316000	20.22316000	p2sh	6	in-band	PENDING	PENDING
bc1qj94lfwqngkvws4vwcw4q7sjgqqedlgvceguyjl	PENDING	PENDING	PENDING	2021940954	20.21940954	p2wpkh	6	in-band	PENDING	PENDING
bc1q5wr46er9spul5r2m6j43a9nwv394xzxyk4zxyh	PENDING	PENDING	PENDING	2021893020	20.21893020	p2wpkh	6	in-band	PENDING	PENDING
bc1qmucszcnsrqy8w6j9ql0y0mkz4vvqhfg8jp2yad	PENDING	PENDING	PENDING	2021847240	20.21847240	p2wpkh	6	in-band	PENDING	PENDING
34QnP22ifWmRtFDNB7dFMMCpCZ2h9DVPys	PENDING	PENDING	PENDING	2021583896	20.21583896	p2sh	6	in-band	PENDING	PENDING
3KKNdypJ2LvkX2M3bpZ2Eb77NgnTx82rpY	PENDING	PENDING	PENDING	2021566185	20.21566185	p2sh	6	in-band	PENDING	PENDING
bc1qe8fkp392xp53pz6nzkyh5dyh63zavuaflfs9tw	PENDING	PENDING	PENDING	2021401432	20.21401432	p2wpkh	6	in-band	PENDING	PENDING
bc1qg45tlmsm2n5aw0lhq2p67g3r3l5a4e7npcjq24	PENDING	PENDING	PENDING	2021395488	20.21395488	p2wpkh	6	in-band	PENDING	PENDING
bc1qw3vrep8p7vdzqhd2wq2nza4hytj5v2f8sdja5c	PENDING	PENDING	PENDING	2021268082	20.21268082	p2wpkh	6	in-band	PENDING	PENDING
bc1qed80pg0qs6kdregac5fz2knce9ylr464f7rddx	PENDING	PENDING	PENDING	2021247490	20.21247490	p2wpkh	6	in-band	PENDING	PENDING
bc1qqn9ktugpsgpytup8jk76e2jqmet8n3ys5gess7	PENDING	PENDING	PENDING	2021020954	20.21020954	p2wpkh	6	in-band	PENDING	PENDING
bc1qwv2x6zpnyu6xh6267lmjlykd0klqjgr02tlhh0	PENDING	PENDING	PENDING	2020996150	20.20996150	p2wpkh	6	in-band	PENDING	PENDING
bc1qvega28aryv7fhec9ahc3fq37fvu4humhahehjv	PENDING	PENDING	PENDING	2020765501	20.20765501	p2wpkh	6	in-band	PENDING	PENDING
bc1q7mdmsw0v44jwpdfx40hzpxjjfam07hupf52cd3	PENDING	PENDING	PENDING	2020746901	20.20746901	p2wpkh	6	in-band	PENDING	PENDING
bc1q9vwfhcqg7j58mnw83tvllwwurxd6qmp0yaddww	PENDING	PENDING	PENDING	2020704883	20.20704883	p2wpkh	6	in-band	PENDING	PENDING
bc1qqzylv8qv7nkrc58srlf8qz4y6lfdsmvunspkr32f8hpj9rh72y7qn5wypq	PENDING	PENDING	PENDING	2020680600	20.20680600	p2wsh	6	in-band	PENDING	PENDING
34VnxgUn2UBmbUFJi4thhUWpNcVizFSxGz	PENDING	PENDING	PENDING	2020408445	20.20408445	p2sh	6	in-band	PENDING	PENDING
bc1qyr2sy7trcet5fslqpmlrktslwrylpv6pq4efa7	PENDING	PENDING	PENDING	2020325475	20.20325475	p2wpkh	6	in-band	PENDING	PENDING
bc1qsasxqv990zuca633aaghm9seq2mjxfjk79hunn	PENDING	PENDING	PENDING	2020294523	20.20294523	p2wpkh	6	in-band	PENDING	PENDING
bc1quhqh75gq9ge5407qal6xun8235rqw7spyy2kj8	PENDING	PENDING	PENDING	2020091200	20.20091200	p2wpkh	6	in-band	PENDING	PENDING
bc1qvrc9qcc5yxqzay5ppp5u2qvccf79uyy54zgqef	PENDING	PENDING	PENDING	2020050965	20.20050965	p2wpkh	6	in-band	PENDING	PENDING
bc1qqw5xx4s7zz8a94kjzcus705xg409uydx7qmtft	PENDING	PENDING	PENDING	2020000954	20.20000954	p2wpkh	6	in-band	PENDING	PENDING
bc1qfddantg8wsl4tqvx6kq88ltnwhhp6v0yn72hv5	PENDING	PENDING	PENDING	2020000624	20.20000624	p2wpkh	6	in-band	PENDING	PENDING
1BkZSxtAGNRdYJp6Q2ac3ZQZ4fqGJVXRne	PENDING	PENDING	PENDING	2020000000	20.20000000	p2pkh	6	in-band	PENDING	PENDING
1KWu5tY1h7JtrzSxuM6aQK6z78YBXoHHW8	PENDING	PENDING	PENDING	2020000000	20.20000000	p2pkh	6	in-band	PENDING	PENDING
39gi52e2N3MBcaDWk1ZoZczAFTZMYT7qcE	PENDING	PENDING	PENDING	2020000000	20.20000000	p2sh	6	in-band	PENDING	PENDING
bc1qphmqc47a0ez7nruyqxzkcwj7ywz2j03r5989cz	PENDING	PENDING	PENDING	2019996635	20.19996635	p2wpkh	6	in-band	PENDING	PENDING
bc1qrzxwa7jlyf7he0dzcgyp4wz9qyzc7j7jlh3e02q6w33p9srh3cuqrr6vyh	PENDING	PENDING	PENDING	2019989096	20.19989096	p2wsh	6	in-band	PENDING	PENDING
bc1quuh598zqzerl3szm34als42rfn2keldls4qgen	PENDING	PENDING	PENDING	2019950624	20.19950624	p2wpkh	6	in-band	PENDING	PENDING
bc1qy57alftdu5dfgmsnywxezxqtaud0p4a76ksuf7	PENDING	PENDING	PENDING	2019912288	20.19912288	p2wpkh	6	in-band	PENDING	PENDING
bc1qga22hc4e239narxht9ks3y9p9pzafjt53mgnaw	PENDING	PENDING	PENDING	2019872100	20.19872100	p2wpkh	6	in-band	PENDING	PENDING
3Bw2GuqivhrpMttecRzRQ9RARQ8LhvTiom	PENDING	PENDING	PENDING	2019688839	20.19688839	p2sh	6	in-band	PENDING	PENDING
1K8xu1mxswH6q393MKgWKmj1vJKcWDeCEe	PENDING	PENDING	PENDING	2019677967	20.19677967	p2pkh	6	in-band	PENDING	PENDING
bc1qxrlrwdzzc5zff3c7mnudcvt9k69hlvdf4c8h7m	PENDING	PENDING	PENDING	2019670670	20.19670670	p2wpkh	6	in-band	PENDING	PENDING
36SZaTsghawYV3XhBt8RMroXtavPxJ1ZDN	PENDING	PENDING	PENDING	2019575992	20.19575992	p2sh	6	in-band	PENDING	PENDING
bc1qddpdzxrc0ylyycxqntj7nnjdmprgszmxpt6ael	PENDING	PENDING	PENDING	2019356224	20.19356224	p2wpkh	6	in-band	PENDING	PENDING
3591RPrDyBoUXpcsu43qaoEEJEKctjjFHM	PENDING	PENDING	PENDING	2019243200	20.19243200	p2sh	6	in-band	PENDING	PENDING
bc1qqd0ejlynwazmsrau2qnaxcvjnrg45dcxnw8glw	PENDING	PENDING	PENDING	2019163702	20.19163702	p2wpkh	6	in-band	PENDING	PENDING
bc1qlr9dh9phq5nu09p5ycmcxfupe58cqw3l07dw30	PENDING	PENDING	PENDING	2019139554	20.19139554	p2wpkh	6	in-band	PENDING	PENDING
bc1q47u6vk4lgzrm29lqs5rctg64dpj2ktv8l7ncdv	PENDING	PENDING	PENDING	2019067924	20.19067924	p2wpkh	6	in-band	PENDING	PENDING
1CEspZpSkJ4FQTnJ5wi8iihKQg5ZFGB49V	PENDING	PENDING	PENDING	2019014274	20.19014274	p2pkh	6	in-band	PENDING	PENDING
bc1q4pantnnaz2glqeeqkzf4mmdrsfucjfanu84e9a	PENDING	PENDING	PENDING	2018999218	20.18999218	p2wpkh	6	in-band	PENDING	PENDING
bc1qh85alellx78475mnd6plqkwh2sda66n8uzzpjp	PENDING	PENDING	PENDING	2018987988	20.18987988	p2wpkh	6	in-band	PENDING	PENDING
bc1qcgl7srt7t8dsqrnr32ygmx0h9w28lxltcrsc48	PENDING	PENDING	PENDING	2018878602	20.18878602	p2wpkh	6	in-band	PENDING	PENDING
bc1qh9lxhage8kpquw9nrzsy9tdffx56nm5zkl2zpr	PENDING	PENDING	PENDING	2018816524	20.18816524	p2wpkh	6	in-band	PENDING	PENDING
34PKe7Ku3wYpm71NEgTMQ2MSKpqUMC5Rb5	PENDING	PENDING	PENDING	2018627540	20.18627540	p2sh	6	in-band	PENDING	PENDING
3PptLtwzvnffcoNfs8CLYi8LeWEwGD5MD8	PENDING	PENDING	PENDING	2018485429	20.18485429	p2sh	6	in-band	PENDING	PENDING
bc1qpeh3cnks5kmqlzysxpd2eyftp47d75r6zny5x4	PENDING	PENDING	PENDING	2018369324	20.18369324	p2wpkh	6	in-band	PENDING	PENDING
bc1qhjcf8ruedpv9kj22k8ppk0z0flt6mslqzpc9u8	PENDING	PENDING	PENDING	2018162496	20.18162496	p2wpkh	6	in-band	PENDING	PENDING
3M69VAdLobK9q5QKD3iFXA6dCiNtYYwom8	PENDING	PENDING	PENDING	2018086515	20.18086515	p2sh	6	in-band	PENDING	PENDING
bc1qc9clxu78j84x5m4q2sv7lse0yx9n83dqgjcxqh	PENDING	PENDING	PENDING	2018031971	20.18031971	p2wpkh	6	in-band	PENDING	PENDING
bc1qc2lpan8r3hg3zyjtgvwluwvazs2wfkh6mtv2d7	PENDING	PENDING	PENDING	2018000624	20.18000624	p2wpkh	6	in-band	PENDING	PENDING
3PR5RQrPR1JJ1F8D26vLGAxjLwWYaz1aTG	PENDING	PENDING	PENDING	2018000000	20.18000000	p2sh	6	in-band	PENDING	PENDING
3JUQypdRmsqKKA6qQK5pZMPW8191YivymL	PENDING	PENDING	PENDING	2017670526	20.17670526	p2sh	6	in-band	PENDING	PENDING
3KuoifraHwHTx6VUtfipcPNSvhmeNfocu5	PENDING	PENDING	PENDING	2017656828	20.17656828	p2sh	6	in-band	PENDING	PENDING
bc1qmwam8zalphv072emypudawf7lr0ynk45auat8p	PENDING	PENDING	PENDING	2017602724	20.17602724	p2wpkh	6	in-band	PENDING	PENDING
1CB6Qxwvn1ETfwQEGsb6swFpoPAdY1uA2b	PENDING	PENDING	PENDING	2017528538	20.17528538	p2pkh	6	in-band	PENDING	PENDING
bc1qh4jp02z9jv3aph7ur7aklcl7lpefyf9wh3rt80	PENDING	PENDING	PENDING	2017516335	20.17516335	p2wpkh	6	in-band	PENDING	PENDING
1No9L2JgksYzKTzmpuAivTdNe8f6J3xtpM	PENDING	PENDING	PENDING	2017407000	20.17407000	p2pkh	6	in-band	PENDING	PENDING
bc1qn8m2n3fmpe0mqarrvsegn80kjtlx4xszzymw8g	PENDING	PENDING	PENDING	2017343642	20.17343642	p2wpkh	6	in-band	PENDING	PENDING
bc1qv2zju056cjumgcuq27c3l2qz6ufpjqvq0dk70w	PENDING	PENDING	PENDING	2017325896	20.17325896	p2wpkh	6	in-band	PENDING	PENDING
bc1qzcmujecnr8js7409evkn3xhxnasl6enlg0vc9u	PENDING	PENDING	PENDING	2017325029	20.17325029	p2wpkh	6	in-band	PENDING	PENDING
369K7nLWqAtFX4dQ4umtYagKi6ZAC6ynCo	PENDING	PENDING	PENDING	2017314547	20.17314547	p2sh	6	in-band	PENDING	PENDING
bc1q6yx9n0etwt5cv6470czefku6jhhkudg55sls9q	PENDING	PENDING	PENDING	2017231624	20.17231624	p2wpkh	6	in-band	PENDING	PENDING
bc1qw70yj9xka7z576fg3gzhwcdadskknp5a0q07kp0rg04ncvzehrzs8m7uw9	PENDING	PENDING	PENDING	2017070980	20.17070980	p2wsh	6	in-band	PENDING	PENDING
bc1qcd9cr0q72tl9xj6qwsvz36zwjf9qkt7tckxc6p	PENDING	PENDING	PENDING	2017000624	20.17000624	p2wpkh	6	in-band	PENDING	PENDING
bc1qfkarzm08t57hyyqxtcsjy9zcumhf39v0slpfaf	PENDING	PENDING	PENDING	2017000624	20.17000624	p2wpkh	6	in-band	PENDING	PENDING
bc1qf5za27huypfwk8x72ag6w54yhfd4tnyldkp36e	PENDING	PENDING	PENDING	2016989324	20.16989324	p2wpkh	6	in-band	PENDING	PENDING
3LgTdaZWNCE5ZnKRSo19pJN6fFAgFictg2	PENDING	PENDING	PENDING	2016977135	20.16977135	p2sh	6	in-band	PENDING	PENDING
bc1qw084cly2zrx5hvcc7e0an986qj46wyvxhrsyuy	PENDING	PENDING	PENDING	2016814225	20.16814225	p2wpkh	6	in-band	PENDING	PENDING
3PiUkXXNEP7mdNXymuTSas3TorQDE7QaBk	PENDING	PENDING	PENDING	2016675963	20.16675963	p2sh	6	in-band	PENDING	PENDING
194MVDAAVhDAis4siBeDHmGdsNbCmPPt1e	PENDING	PENDING	PENDING	2016663908	20.16663908	p2pkh	6	in-band	PENDING	PENDING
32gipoAYRPrNSgoF9XakQHdV7mq71C76sZ	PENDING	PENDING	PENDING	2016491452	20.16491452	p2sh	6	in-band	PENDING	PENDING
bc1qejvjul7yqa872az98ja28kgha9223679wqad4j	PENDING	PENDING	PENDING	2016456924	20.16456924	p2wpkh	6	in-band	PENDING	PENDING
3Mv93tUnyVAMgdqydCaaWvjbmS73KtMBM5	PENDING	PENDING	PENDING	2016387361	20.16387361	p2sh	6	in-band	PENDING	PENDING
bc1q6s4axz0x0exytvj3306a7f5mxf72n94shwd4kf	PENDING	PENDING	PENDING	2016371385	20.16371385	p2wpkh	6	in-band	PENDING	PENDING
1GV2HwgEjYHo8Ua1mMR6CYhYaXazMZ4raX	PENDING	PENDING	PENDING	2016308000	20.16308000	p2pkh	6	in-band	PENDING	PENDING
bc1q3s82un5m4dzgw5ldfmkltvj9k3fuwy40z2ef50	PENDING	PENDING	PENDING	2016171240	20.16171240	p2wpkh	6	in-band	PENDING	PENDING
bc1q59pjstkvw7f9nhpw7flkj0jdvm4aad3d305mc4	PENDING	PENDING	PENDING	2016169197	20.16169197	p2wpkh	6	in-band	PENDING	PENDING
1E6YmwTmHpnJaLcewNm6KSUnDEhW3Ju14i	PENDING	PENDING	PENDING	2016121000	20.16121000	p2pkh	6	in-band	PENDING	PENDING
bc1qacdjalqyh9men0ssta70s0fkt6q3esykykkqgy	PENDING	PENDING	PENDING	2016000624	20.16000624	p2wpkh	6	in-band	PENDING	PENDING
bc1qfk7elnk4lucfl8ckxfzwd2prvwgla79kfjn5aq	PENDING	PENDING	PENDING	2015894254	20.15894254	p2wpkh	6	in-band	PENDING	PENDING
1NcXv6pbx747dLgzTcdhwAkoxcf8PwXwgo	PENDING	PENDING	PENDING	2015883000	20.15883000	p2pkh	6	in-band	PENDING	PENDING
1HEi6Jw6qdDqKcSr5RbrGMiwkLXmTJBQGQ	PENDING	PENDING	PENDING	2015718361	20.15718361	p2pkh	6	in-band	PENDING	PENDING
bc1qw6slv94r5t8n7tdqnvf2tryh5gud399rey2mxh	PENDING	PENDING	PENDING	2015645902	20.15645902	p2wpkh	6	in-band	PENDING	PENDING
bc1q68tmymzm2fx6m9pjxd5zcgr2d9kq33mvsk5rls	PENDING	PENDING	PENDING	2015626585	20.15626585	p2wpkh	6	in-band	PENDING	PENDING
bc1pcesqh49la53m7dgu5ckvgg89s0kj9q6vtejdzx6y0jpfv7nqjujs8unujw	PENDING	PENDING	PENDING	2015621393	20.15621393	p2tr	6	in-band	PENDING	PENDING
bc1qyh75p0puj4ezl4ludah4sz26r65r79nszd5j8q	PENDING	PENDING	PENDING	2015596446	20.15596446	p2wpkh	6	in-band	PENDING	PENDING
bc1qgzjgl99t995lledzkx5h2j8lr30uq9jdxs9vy9	PENDING	PENDING	PENDING	2015309143	20.15309143	p2wpkh	6	in-band	PENDING	PENDING
bc1q57tdz99h4s443d7umlw6l9q8g3xukr6f7xz3xf	PENDING	PENDING	PENDING	2015300624	20.15300624	p2wpkh	6	in-band	PENDING	PENDING
bc1pyd4k9facdgn0wevkfv52kmexcz6vpx60sydnlsyuu3e0p9h9zkesj2kgef	PENDING	PENDING	PENDING	2015250556	20.15250556	p2tr	6	in-band	PENDING	PENDING
1K6j3sTcYzJXyRcj7oGjWKUEsx8D9riDSK	PENDING	PENDING	PENDING	2015156948	20.15156948	p2pkh	6	in-band	PENDING	PENDING
bc1qad2xuhxpqqf4vw9rgscy8ne48sndrcv7vdwkgx	PENDING	PENDING	PENDING	2015025483	20.15025483	p2wpkh	6	in-band	PENDING	PENDING
3NrMStrEsjy1n926MNft2fV4Co6Rb1EXwa	PENDING	PENDING	PENDING	2014996909	20.14996909	p2sh	6	in-band	PENDING	PENDING
bc1q58pqfxcufm4uhcvv6fy5ey6pas7d6n8xy6n9xq	PENDING	PENDING	PENDING	2014609827	20.14609827	p2wpkh	6	in-band	PENDING	PENDING
bc1qlu6s6qlmgeg0gu6vwy2yxxl75x9f5wdj7yxw0pzyrfzhxjuerz3s0ttf2w	PENDING	PENDING	PENDING	2014560330	20.14560330	p2wsh	6	in-band	PENDING	PENDING
32UNKVY39ZytsvSmv3XJq6gnTcK7Httdyq	PENDING	PENDING	PENDING	2014460647	20.14460647	p2sh	6	in-band	PENDING	PENDING
bc1qwrgn4nyucst07yk5z4g2l8vq3sxst2ntj8dvnk	PENDING	PENDING	PENDING	2014195503	20.14195503	p2wpkh	6	in-band	PENDING	PENDING
bc1qzl320ppke53g7ujjla8mrkvzmq6ce5dj9d2knr	PENDING	PENDING	PENDING	2014159666	20.14159666	p2wpkh	6	in-band	PENDING	PENDING
bc1qjxg5ugrzwcna5vg9vcegapy9gvnd0pts6a57ku	PENDING	PENDING	PENDING	2014030624	20.14030624	p2wpkh	6	in-band	PENDING	PENDING
3MmQmztcyXTZiBpZ9A7D6AyFWKiRtQ24V4	PENDING	PENDING	PENDING	2013851866	20.13851866	p2sh	6	in-band	PENDING	PENDING
bc1qpdegxyzjy9fg9m4usxt5fepw2m2ea49hfsehz8	PENDING	PENDING	PENDING	2013757554	20.13757554	p2wpkh	6	in-band	PENDING	PENDING
bc1q50ymwj0krqycl5y5jztk87se4gg3s7ax4yrh9c	PENDING	PENDING	PENDING	2013749327	20.13749327	p2wpkh	6	in-band	PENDING	PENDING
3HwV7muTDQcVKCFH9ZtPEZRDiDZzWiJPCf	PENDING	PENDING	PENDING	2013465415	20.13465415	p2sh	6	in-band	PENDING	PENDING
3LxUdiWQn8kxenMuKemcj6s8g7L7tcqfzA	PENDING	PENDING	PENDING	2013441838	20.13441838	p2sh	6	in-band	PENDING	PENDING
1HTL6fnjGj25sUpq1poujxZ2s96ywhuF2r	PENDING	PENDING	PENDING	2013415135	20.13415135	p2pkh	6	in-band	PENDING	PENDING
3NxkqtohWKLmNCkE89oXmM1Fa9kKTebsJN	PENDING	PENDING	PENDING	2013412068	20.13412068	p2sh	6	in-band	PENDING	PENDING
bc1qpa36yelf4yc98g9vlxmq45kmdey5anzvjy9pj7	PENDING	PENDING	PENDING	2013360860	20.13360860	p2wpkh	6	in-band	PENDING	PENDING
bc1qskuuewhwfvll7gzujgh9hvekaxkk2s8dnr5pdn	PENDING	PENDING	PENDING	2013257624	20.13257624	p2wpkh	6	in-band	PENDING	PENDING
33VEhe8AnPSR8yzht2khhRv9z9AmoPX6hU	PENDING	PENDING	PENDING	2013233222	20.13233222	p2sh	6	in-band	PENDING	PENDING
bc1qnyefljljmrhyq2vy9rrwfh04w6e074lsvuxlsh	PENDING	PENDING	PENDING	2012945924	20.12945924	p2wpkh	6	in-band	PENDING	PENDING
3ECvmZcXVMV1KJ1AxaKVaAUtvNAABnYfc7	PENDING	PENDING	PENDING	2012930624	20.12930624	p2sh	6	in-band	PENDING	PENDING
34zEjW2xc8A4xvKoEeE4PHinHf1qcKXa7B	PENDING	PENDING	PENDING	2012894843	20.12894843	p2sh	6	in-band	PENDING	PENDING
34g3QoXksnu9E6qCTK6YWTatyQzhQq8HJa	PENDING	PENDING	PENDING	2012884667	20.12884667	p2sh	6	in-band	PENDING	PENDING
33ewiueG6fJtPfSPwTWsWJE9ihRf6NcTzu	PENDING	PENDING	PENDING	2012869547	20.12869547	p2sh	6	in-band	PENDING	PENDING
13KvBWaEyhRqUxYuXPBV5kb9TSwsV33HZ4	PENDING	PENDING	PENDING	2012858700	20.12858700	p2pkh	6	in-band	PENDING	PENDING
bc1qeyuuev2u7mkvvu62zcjmyjt5ycykmp0u7qsvnq	PENDING	PENDING	PENDING	2012855354	20.12855354	p2wpkh	6	in-band	PENDING	PENDING
1MjmtB5CubGEFxgD3gX89amnuxDCJAbEGv	PENDING	PENDING	PENDING	2012814000	20.12814000	p2pkh	6	in-band	PENDING	PENDING
bc1q55nr7hg0hp9jaz3a6htt9s4drvyejj6vjwturdl9lg50thlv2k0qmqy5dx	PENDING	PENDING	PENDING	2012674169	20.12674169	p2wsh	6	in-band	PENDING	PENDING
3JqufJP7mQV73hnUGqhUuwWj7ZeNTgKHDg	PENDING	PENDING	PENDING	2012609342	20.12609342	p2sh	6	in-band	PENDING	PENDING
bc1q0ug274ume7kyv4996h3mxktrq0u9xnndht49q9cds653t5nefheqrdj4g5	PENDING	PENDING	PENDING	2012549330	20.12549330	p2wsh	6	in-band	PENDING	PENDING
177An6u4yuufhmTt3eTrbL8eWJYXMvfwAa	PENDING	PENDING	PENDING	2012487316	20.12487316	p2pkh	6	in-band	PENDING	PENDING
bc1q5rnc9f796kay90vufxky4e7hprcsgmkaghs2jg	PENDING	PENDING	PENDING	2012362023	20.12362023	p2wpkh	6	in-band	PENDING	PENDING
bc1qal0esalgdtgst7ycj9cqp9gwepv63ld8pj6c85	PENDING	PENDING	PENDING	2012068524	20.12068524	p2wpkh	6	in-band	PENDING	PENDING
bc1qmjx2jrwrq5cn2w2eyyc8tgnvjhg7tx3q82r9u2	PENDING	PENDING	PENDING	2012002074	20.12002074	p2wpkh	6	in-band	PENDING	PENDING
bc1q5htv2zyw8p4tq5cejnc6a2vwrxwj862kg83jzk	PENDING	PENDING	PENDING	2011996625	20.11996625	p2wpkh	6	in-band	PENDING	PENDING
bc1qmqu2ka3gs3d2yjx8yfrcg0jhglt060gglaxsxvq0xv8atwzzmydsj8z7uw	PENDING	PENDING	PENDING	2011875169	20.11875169	p2wsh	6	in-band	PENDING	PENDING
bc1qtjllqkxnqmjwzj9kcdfh2duymedzu2pyjzckgs	PENDING	PENDING	PENDING	2011863642	20.11863642	p2wpkh	6	in-band	PENDING	PENDING
bc1q9w5qn2j4stgt7g3s8ur9ky206yk2hawqleytax	PENDING	PENDING	PENDING	2011823045	20.11823045	p2wpkh	6	in-band	PENDING	PENDING
33L7ZipYU8JCUydj2kUgi84tRv66UhUuYK	PENDING	PENDING	PENDING	2011803491	20.11803491	p2sh	6	in-band	PENDING	PENDING
3B7gMvnq4jeFK5VuZ5JvkBSp1J1fgzwjat	PENDING	PENDING	PENDING	2011694706	20.11694706	p2sh	6	in-band	PENDING	PENDING
14V3UxNSgHQu7P3tvGi9ZN2fjXKdvD8pXG	PENDING	PENDING	PENDING	2011566900	20.11566900	p2pkh	6	in-band	PENDING	PENDING
bc1q7jg2er8qf2u5x43rz35gktstg45rfdz6nz2ugxg766hxm0csw2rq93p6q8	PENDING	PENDING	PENDING	2011323453	20.11323453	p2wsh	6	in-band	PENDING	PENDING
39P44ignuEKeCnNSBcGcvNWrNYpxXNo9oX	PENDING	PENDING	PENDING	2011130454	20.11130454	p2sh	6	in-band	PENDING	PENDING
bc1qt4ms09z5lfu6w3gcaa8v8zmfd6tahglhaultl2	PENDING	PENDING	PENDING	2011043724	20.11043724	p2wpkh	6	in-band	PENDING	PENDING
bc1qa6umxef22082q2s0vxkrj8ns80e89w84ftvfmt	PENDING	PENDING	PENDING	2011035024	20.11035024	p2wpkh	6	in-band	PENDING	PENDING
bc1q7c02gsx9p72tz7yc5svgpgqv6lxh958xrk74gr	PENDING	PENDING	PENDING	2010965624	20.10965624	p2wpkh	6	in-band	PENDING	PENDING
3EN5mpALfZ36BCYpRiQXa2UFojwekJ2Fvg	PENDING	PENDING	PENDING	2010923211	20.10923211	p2sh	6	in-band	PENDING	PENDING
3PFfECPaCsmmYyCpyeKaaThrZsdP1WagbM	PENDING	PENDING	PENDING	2010896498	20.10896498	p2sh	6	in-band	PENDING	PENDING
bc1pxlx6c2f6nvk5aylu7jawcl29kyfvnk37zrg984s9fzl89ytzp0ystvr6tm	PENDING	PENDING	PENDING	2010838531	20.10838531	p2tr	6	in-band	PENDING	PENDING
bc1qcvyhl0u8e8xyvaq3zme52apfvxqfm5vn3r2wvq	PENDING	PENDING	PENDING	2010797102	20.10797102	p2wpkh	6	in-band	PENDING	PENDING
3LU5w8kFnLnjtE94RDnm4vuHRGwLzT8yJq	PENDING	PENDING	PENDING	2010772796	20.10772796	p2sh	6	in-band	PENDING	PENDING
bc1py3spyjyq6ycknvmgzmy9ljens7w6ue0v0hlh47khe6rl9xafdanqaelz5g	PENDING	PENDING	PENDING	2010717384	20.10717384	p2tr	6	in-band	PENDING	PENDING
bc1qf42h9j6sekcp6tvhffmrk7985ate9f4vxdnqn7	PENDING	PENDING	PENDING	2010716990	20.10716990	p2wpkh	6	in-band	PENDING	PENDING
bc1qshek7wrtdvdsgsq35um4g2vl82vprg77jkefh6qmst4lmzyfsr0qcny658	PENDING	PENDING	PENDING	2010696330	20.10696330	p2wsh	6	in-band	PENDING	PENDING
3NhCoph5NUn7hxQ5xqemHew5wE2QYfuwac	PENDING	PENDING	PENDING	2010695000	20.10695000	p2sh	6	in-band	PENDING	PENDING
bc1qq289all2f6uxh4favsuvf9mnxh6nul4eytevg7	PENDING	PENDING	PENDING	2010672824	20.10672824	p2wpkh	6	in-band	PENDING	PENDING
bc1qda73rw5c57fdq2up5d6mnxgnpfa4mhksypdyg4	PENDING	PENDING	PENDING	2010645284	20.10645284	p2wpkh	6	in-band	PENDING	PENDING
bc1q929z5tceq3jv7uc7c0rcv2l952md0el77n5gh3	PENDING	PENDING	PENDING	2010615424	20.10615424	p2wpkh	6	in-band	PENDING	PENDING
39DfacyThbJE72tvbu9y7n9XdUrxjYhjfP	PENDING	PENDING	PENDING	2010615177	20.10615177	p2sh	6	in-band	PENDING	PENDING
17zgnx93syvDybjyzRf92eeCBqcMxhcpRD	PENDING	PENDING	PENDING	2010593007	20.10593007	p2pkh	6	in-band	PENDING	PENDING
bc1qtxrl3xsmljxjfunylhh0th4s0y8zhesa9utp8k	PENDING	PENDING	PENDING	2010589924	20.10589924	p2wpkh	6	in-band	PENDING	PENDING
1AA2Nb5R5dBefDcZVc4eFowk8xRMwAfeTy	PENDING	PENDING	PENDING	2010584530	20.10584530	p2pkh	6	in-band	PENDING	PENDING
3Po8dy3bNpgFoj7TMCyKKhg6hF8jdJCnJ5	PENDING	PENDING	PENDING	2010560806	20.10560806	p2sh	6	in-band	PENDING	PENDING
bc1q80j7sy8lxs3q4y256hmt2ksw90uxnz0zkcl0p8	PENDING	PENDING	PENDING	2010409524	20.10409524	p2wpkh	6	in-band	PENDING	PENDING
bc1qkwpduvwy97h375stfaw758lu5d2xv303k3lwdk86wu5q3k8clmms92h4af	PENDING	PENDING	PENDING	2010391430	20.10391430	p2wsh	6	in-band	PENDING	PENDING
bc1q4dh0fsyruj7w5sf280dafy9hqnf8q9wwhjvwer	PENDING	PENDING	PENDING	2010387101	20.10387101	p2wpkh	6	in-band	PENDING	PENDING
bc1q69lxrgtpnf26wy20ytkx86pr0jmzsrsuln4ayt	PENDING	PENDING	PENDING	2010376253	20.10376253	p2wpkh	6	in-band	PENDING	PENDING
3Nis9GLTGcNvQLRYcARi64JB5st4drmYLb	PENDING	PENDING	PENDING	2010194307	20.10194307	p2sh	6	in-band	PENDING	PENDING
1FWkcwkD7hiv32FvjWYvFCrx8vnFuoLeJo	PENDING	PENDING	PENDING	2010193319	20.10193319	p2pkh	6	in-band	PENDING	PENDING
bc1q3jcjl83726mucsurvzj8qgjl8qaeh0zc95pkk0	PENDING	PENDING	PENDING	2010191964	20.10191964	p2wpkh	6	in-band	PENDING	PENDING
bc1qjh5zhdxd2at3m5k5ypgxjwjnzpvd9y8eju3wxt	PENDING	PENDING	PENDING	2010132310	20.10132310	p2wpkh	6	in-band	PENDING	PENDING
bc1q39fvs6p2kf4dqwkxm04vlh6crfamutg80vydlv	PENDING	PENDING	PENDING	2010111490	20.10111490	p2wpkh	6	in-band	PENDING	PENDING
35ZyoaxrvY7kCf8xgZCs86L1zE78TYqoT5	PENDING	PENDING	PENDING	2010092316	20.10092316	p2sh	6	in-band	PENDING	PENDING
bc1qqsznxrtd5pw9kwr0h3h5e89sxxdpalytf5tz0z	PENDING	PENDING	PENDING	2010063189	20.10063189	p2wpkh	6	in-band	PENDING	PENDING
bc1qt84yr4afsuxn5usdxqdh84j3mp5tu34vgcvqx2	PENDING	PENDING	PENDING	2010046834	20.10046834	p2wpkh	6	in-band	PENDING	PENDING
14sANeW2q22knZC7V1Trg2TeBg69uZFtv9	PENDING	PENDING	PENDING	2010025963	20.10025963	p2pkh	6	in-band	PENDING	PENDING
bc1q692ktrp3qpsux2v9dh0fl5mal2vha3csek0zpa	PENDING	PENDING	PENDING	2010006624	20.10006624	p2wpkh	6	in-band	PENDING	PENDING
bc1q24k9083x29ve38qsuvrc3n4una23pkmrkx6udu	PENDING	PENDING	PENDING	2010000954	20.10000954	p2wpkh	6	in-band	PENDING	PENDING
bc1q8rmp7vkp90x0n50a30tstz9t3f72cfk8l4lrfj	PENDING	PENDING	PENDING	2010000624	20.10000624	p2wpkh	6	in-band	PENDING	PENDING
bc1q9etr2cydxdnp4n4gu5xr6dvhew0d8nfkdf7l4c	PENDING	PENDING	PENDING	2010000624	20.10000624	p2wpkh	6	in-band	PENDING	PENDING
bc1qe6xtylexkk4n6cctea6ded6xy8pa70npr3ufya	PENDING	PENDING	PENDING	2010000624	20.10000624	p2wpkh	6	in-band	PENDING	PENDING
bc1qelwqv2947dgvu0l3zeqs7r5uhjwpkw8pz2dsd0	PENDING	PENDING	PENDING	2010000624	20.10000624	p2wpkh	6	in-band	PENDING	PENDING
bc1qk2p0gnj8vzawwmp02ep22c9fmn5p0wq8lq5xme	PENDING	PENDING	PENDING	2010000624	20.10000624	p2wpkh	6	in-band	PENDING	PENDING
bc1qkm76wws3axu5ndhu4umgkjg3wd3ql5rdycxdeu	PENDING	PENDING	PENDING	2010000624	20.10000624	p2wpkh	6	in-band	PENDING	PENDING
bc1ql7mj84csp9phheu77nm3w8ppqvr9hqmz9kt4mq	PENDING	PENDING	PENDING	2010000624	20.10000624	p2wpkh	6	in-band	PENDING	PENDING
3GxdpwiRPLB7YUdzt7hsTW2tkNVDFESxtw	PENDING	PENDING	PENDING	2010000220	20.10000220	p2sh	6	in-band	PENDING	PENDING
12ExnDBMMkWQJLjgT8Dga4JpmBJCLaqKoj	PENDING	PENDING	PENDING	2010000000	20.10000000	p2pkh	6	in-band	PENDING	PENDING
1CC1Muc4sjunzFa9oi7y5UrkNFWof88zPb	PENDING	PENDING	PENDING	2010000000	20.10000000	p2pkh	6	in-band	PENDING	PENDING
365TpPQX5oedPoW6qCZxTNp39o3HBy8BrB	PENDING	PENDING	PENDING	2010000000	20.10000000	p2sh	6	in-band	PENDING	PENDING
37kfaB7LDaP1FSezMSdMQZGJTbxQXVds69	PENDING	PENDING	PENDING	2010000000	20.10000000	p2sh	6	in-band	PENDING	PENDING
3BPMzyhwUoJwmghpv1CmwrNN5YvQd4wghU	PENDING	PENDING	PENDING	2010000000	20.10000000	p2sh	6	in-band	PENDING	PENDING
bc1q67j0g4h0qrxmzk6tuynvu5uvyrx6kn05dmx9sy	PENDING	PENDING	PENDING	2009996843	20.09996843	p2wpkh	6	in-band	PENDING	PENDING
1KyzrZ7sURe7zgXn1z1kxJBBZxxJQnTsd6	PENDING	PENDING	PENDING	2009992715	20.09992715	p2pkh	6	in-band	PENDING	PENDING
bc1qf584vvcqy8vr657f2h04yvyyt0fvcv4nz4p366	PENDING	PENDING	PENDING	2009991263	20.09991263	p2wpkh	6	in-band	PENDING	PENDING
bc1q2ek6kg8k0mumtwsj8jzwq9cdl0htl9hd9q6dnj	PENDING	PENDING	PENDING	2009991230	20.09991230	p2wpkh	6	in-band	PENDING	PENDING
bc1qf0hd4dgtsuzf4kt6lsx406fx9wzmma9739262l	PENDING	PENDING	PENDING	2009991230	20.09991230	p2wpkh	6	in-band	PENDING	PENDING
bc1qjc552cnkethgyw8he8c89xccgrycprq9tmdmyp	PENDING	PENDING	PENDING	2009991230	20.09991230	p2wpkh	6	in-band	PENDING	PENDING
bc1qm26dvjfy30uhgmzdfhk2p4zy4vgsyjrhyd6sfu	PENDING	PENDING	PENDING	2009991230	20.09991230	p2wpkh	6	in-band	PENDING	PENDING
bc1qtgsp5fvw6zrf0yr53v670qgrhr8qwtkpu79q0f	PENDING	PENDING	PENDING	2009991230	20.09991230	p2wpkh	6	in-band	PENDING	PENDING
bc1qxzf6r98tael337u2hjzfqjd46j5pr58s5nq744	PENDING	PENDING	PENDING	2009991230	20.09991230	p2wpkh	6	in-band	PENDING	PENDING
bc1qylceav3hfl0a4u77lmdm0zuc5vucdyjtvnqpy4	PENDING	PENDING	PENDING	2009991230	20.09991230	p2wpkh	6	in-band	PENDING	PENDING
bc1q06xe3yqszfsxwc7uhmaw6evt2hkuh9klr6qut8	PENDING	PENDING	PENDING	2009991043	20.09991043	p2wpkh	6	in-band	PENDING	PENDING
bc1q2akhe555ganx8lve2r90uwhn35ejd8um8u28gq	PENDING	PENDING	PENDING	2009991043	20.09991043	p2wpkh	6	in-band	PENDING	PENDING
bc1q4uak2e77c6mlg6xjjey7s8gs6zdzpthnxsv689	PENDING	PENDING	PENDING	2009991043	20.09991043	p2wpkh	6	in-band	PENDING	PENDING
bc1q76cfp68ngsdywdmur4udym3pcwkdn0xp5akf6q	PENDING	PENDING	PENDING	2009991043	20.09991043	p2wpkh	6	in-band	PENDING	PENDING
bc1q76k4ymsa4lq6g60t48prjypalqdt8fka2vs9he	PENDING	PENDING	PENDING	2009991043	20.09991043	p2wpkh	6	in-band	PENDING	PENDING
bc1qdj9auf5a965gceclylmsqhuqxwga9j2zh3dq08	PENDING	PENDING	PENDING	2009991043	20.09991043	p2wpkh	6	in-band	PENDING	PENDING
bc1qj2xw4402qff3jkpdzl2t3nwsz4slczn52q8gcn	PENDING	PENDING	PENDING	2009991043	20.09991043	p2wpkh	6	in-band	PENDING	PENDING
bc1qj65rpgrjjtru6lajnuplmpkfl73m4rj7ct6hk0	PENDING	PENDING	PENDING	2009991043	20.09991043	p2wpkh	6	in-band	PENDING	PENDING
bc1qp59sqps6654z8snkq80wn7zmnd6mw082ertnlv	PENDING	PENDING	PENDING	2009991043	20.09991043	p2wpkh	6	in-band	PENDING	PENDING
bc1qrtqxpujn0swfkmaafgn0ktyh2qjr9ps4d4gm54	PENDING	PENDING	PENDING	2009991043	20.09991043	p2wpkh	6	in-band	PENDING	PENDING
bc1qstuljrtypc34m2zrz69sfm7m55wjclvaw7fvv6	PENDING	PENDING	PENDING	2009991043	20.09991043	p2wpkh	6	in-band	PENDING	PENDING
bc1qzq8j4wva4sfdym5jadlfgpgt726x77j39c03sq	PENDING	PENDING	PENDING	2009991043	20.09991043	p2wpkh	6	in-band	PENDING	PENDING
bc1qav3hteq839v2hl48ly09ft0t20k0gau6ct778l	PENDING	PENDING	PENDING	2009990746	20.09990746	p2wpkh	6	in-band	PENDING	PENDING
bc1qk6j5q65sx25atwrknsm7z3dsta2qnvyfs6h243	PENDING	PENDING	PENDING	2009990746	20.09990746	p2wpkh	6	in-band	PENDING	PENDING
bc1qltm84ll4q43yfw6lwtvvsy3cmf8ry92gh2c247	PENDING	PENDING	PENDING	2009990746	20.09990746	p2wpkh	6	in-band	PENDING	PENDING
bc1qsthkgl6y7lkxh3esxwwrzl8wd68ucdkdk0exfr	PENDING	PENDING	PENDING	2009990746	20.09990746	p2wpkh	6	in-band	PENDING	PENDING
bc1qt5g3ce5pa2f6xxf0ltqqn66l0lxee7fumgx0d0	PENDING	PENDING	PENDING	2009990746	20.09990746	p2wpkh	6	in-band	PENDING	PENDING
bc1q0303yjv2uj7z26s0a3ctmapl4q4zn2j78hsnht	PENDING	PENDING	PENDING	2009990625	20.09990625	p2wpkh	6	in-band	PENDING	PENDING
bc1q0mtp5x2ggnq8lvgpq0ft0mc2maue6p4jt546ys	PENDING	PENDING	PENDING	2009990625	20.09990625	p2wpkh	6	in-band	PENDING	PENDING
bc1q0pdzfmwpmma7zlz6eqh2mqcxj29kjzllgckhnx	PENDING	PENDING	PENDING	2009990625	20.09990625	p2wpkh	6	in-band	PENDING	PENDING
bc1q0sgp49kvwuhz0lpthe4saf38sjd7l4xy8jjja9	PENDING	PENDING	PENDING	2009990625	20.09990625	p2wpkh	6	in-band	PENDING	PENDING
bc1q24pjr9w3lj04duddudwuqrpf4t07kch5s763kq	PENDING	PENDING	PENDING	2009990625	20.09990625	p2wpkh	6	in-band	PENDING	PENDING
bc1q2enp7k9h4y0caxumnsqfa76fw69yfd2vh7ahl4	PENDING	PENDING	PENDING	2009990625	20.09990625	p2wpkh	6	in-band	PENDING	PENDING
bc1q2lnh0xvqd853dya54pnmtve2qqecnzyv4jtm6h	PENDING	PENDING	PENDING	2009990625	20.09990625	p2wpkh	6	in-band	PENDING	PENDING
bc1q3p7chz98zkj8fqmntgu4s6c9l7x0a47ntk3aqw	PENDING	PENDING	PENDING	2009990625	20.09990625	p2wpkh	6	in-band	PENDING	PENDING
bc1q5xxv847dh7xxgxc5kze82mcaqr2gfhnd8ddrx3	PENDING	PENDING	PENDING	2009990625	20.09990625	p2wpkh	6	in-band	PENDING	PENDING
bc1q6s72mgxnvpz4klvgg9cqsp458p83kphwn8lmce	PENDING	PENDING	PENDING	2009990625	20.09990625	p2wpkh	6	in-band	PENDING	PENDING
bc1q7m8xqllmkxah72gxl403dze6qs2anrwlzzm5vg	PENDING	PENDING	PENDING	2009990625	20.09990625	p2wpkh	6	in-band	PENDING	PENDING
bc1q80dudel3nhdhxkl2pu3pe7hgn8uc4jx4wvzxz3	PENDING	PENDING	PENDING	2009990625	20.09990625	p2wpkh	6	in-band	PENDING	PENDING
bc1qa2yc5ws6dgs3dn7waql4gf763zz7t4ugkgrjzu	PENDING	PENDING	PENDING	2009990625	20.09990625	p2wpkh	6	in-band	PENDING	PENDING
bc1qaxd0lslgurhj0en6q69smc2k2pu60c65azz032	PENDING	PENDING	PENDING	2009990625	20.09990625	p2wpkh	6	in-band	PENDING	PENDING
bc1qcruqmu58vy9lwfpvnzzdjtpxrrgs0w5d7ldpct	PENDING	PENDING	PENDING	2009990625	20.09990625	p2wpkh	6	in-band	PENDING	PENDING
bc1qct4xe9vdjgtx2lakgjrahjj9r3rns675u33eve	PENDING	PENDING	PENDING	2009990625	20.09990625	p2wpkh	6	in-band	PENDING	PENDING
bc1qcu0ppfyharxm3nx995le2g7aeuqc3regmsqfn0	PENDING	PENDING	PENDING	2009990625	20.09990625	p2wpkh	6	in-band	PENDING	PENDING
bc1qdcupy7ve7dyg9hzwpd4qu4j0rg9z625sk4c2ds	PENDING	PENDING	PENDING	2009990625	20.09990625	p2wpkh	6	in-band	PENDING	PENDING
bc1qddtrmydhmdusrnqztkkt574qv5v8g8xgcq8akj	PENDING	PENDING	PENDING	2009990625	20.09990625	p2wpkh	6	in-band	PENDING	PENDING
bc1qdvcyhvxxwrsvhacu5v60wwxlxndwylugdc0vlk	PENDING	PENDING	PENDING	2009990625	20.09990625	p2wpkh	6	in-band	PENDING	PENDING
bc1qeey6yh7n895t8fe2adas76vpc4phrmc95vzmng	PENDING	PENDING	PENDING	2009990625	20.09990625	p2wpkh	6	in-band	PENDING	PENDING
bc1qgc05kfjvqjx464dqk9w4u9g03urhqnczq8d6fz	PENDING	PENDING	PENDING	2009990625	20.09990625	p2wpkh	6	in-band	PENDING	PENDING
bc1qhd7cvrd9pw7fh6tdjcmc0nyns33y9getyk6775	PENDING	PENDING	PENDING	2009990625	20.09990625	p2wpkh	6	in-band	PENDING	PENDING
bc1qj5zkc9f48pjrm49yse0snc3fduprdlz88xxf02	PENDING	PENDING	PENDING	2009990625	20.09990625	p2wpkh	6	in-band	PENDING	PENDING
bc1qjxk2xmm38upcxxt2svxfms9az0y66ycjy30mrg	PENDING	PENDING	PENDING	2009990625	20.09990625	p2wpkh	6	in-band	PENDING	PENDING
bc1qmfhqst25kqr9m68neeqync74tz096vf8du4a3a	PENDING	PENDING	PENDING	2009990625	20.09990625	p2wpkh	6	in-band	PENDING	PENDING
bc1qmz6nazqrtcrq37wh04ns8ytmmwse9qfgnp44tl	PENDING	PENDING	PENDING	2009990625	20.09990625	p2wpkh	6	in-band	PENDING	PENDING
bc1qpggy947rctga3rjl7m2dv6hhcepyg2qtexphd7	PENDING	PENDING	PENDING	2009990625	20.09990625	p2wpkh	6	in-band	PENDING	PENDING
bc1qq9esxul78vd3wm3lcwe02jadf6acwzsfsaql8z	PENDING	PENDING	PENDING	2009990625	20.09990625	p2wpkh	6	in-band	PENDING	PENDING
bc1qqgmkldw63xx85td0wca4qvw3kp2c5stkkspxfe	PENDING	PENDING	PENDING	2009990625	20.09990625	p2wpkh	6	in-band	PENDING	PENDING
bc1qr5sds4u99dhqs5fzusexasyydsqmg67wr67szx	PENDING	PENDING	PENDING	2009990625	20.09990625	p2wpkh	6	in-band	PENDING	PENDING
bc1qrac5pm5qd98s6q0yre5qsjtqxu93sjn2lysjv0	PENDING	PENDING	PENDING	2009990625	20.09990625	p2wpkh	6	in-band	PENDING	PENDING
bc1qsfmfc6enfpu8wewfgewlhms4fsmh9qt9xlxrne	PENDING	PENDING	PENDING	2009990625	20.09990625	p2wpkh	6	in-band	PENDING	PENDING
bc1qswzatkg7a4rw9xhtwuedwu5w3588mmmsvnr9wd	PENDING	PENDING	PENDING	2009990625	20.09990625	p2wpkh	6	in-band	PENDING	PENDING
bc1qvpnm8urcs462dxq4r6j68pavxnugj73qxgun7c	PENDING	PENDING	PENDING	2009990625	20.09990625	p2wpkh	6	in-band	PENDING	PENDING
bc1qvq798k9jcf457ts6y8evgasnlr5e3aejg0l786	PENDING	PENDING	PENDING	2009990625	20.09990625	p2wpkh	6	in-band	PENDING	PENDING
bc1qwfr7w8w44euvchx94c0mswx073gze4pppmc069	PENDING	PENDING	PENDING	2009990625	20.09990625	p2wpkh	6	in-band	PENDING	PENDING
bc1qzn5g9exrzc2vaq8munsfnh0myqf0xtpvz4uusd	PENDING	PENDING	PENDING	2009990625	20.09990625	p2wpkh	6	in-band	PENDING	PENDING
bc1qzsz9jt9588yhzkna8qpw4ylqt2m04mx84cjjwl	PENDING	PENDING	PENDING	2009990625	20.09990625	p2wpkh	6	in-band	PENDING	PENDING
bc1qzxe0y0cmdvmnc763f2qunw4yk4zw8sc98867mp	PENDING	PENDING	PENDING	2009990625	20.09990625	p2wpkh	6	in-band	PENDING	PENDING
bc1q2u2uv702rx602sq2nmunvpggtyhsprywutvsp2	PENDING	PENDING	PENDING	2009990614	20.09990614	p2wpkh	6	in-band	PENDING	PENDING
bc1q7e5269hcm4yyxcwzhsrm8dwqwqytjyn6sc3vm2	PENDING	PENDING	PENDING	2009990614	20.09990614	p2wpkh	6	in-band	PENDING	PENDING
bc1q8572s5gznaprsxreswue7g4hhnk5mmrsml2anw	PENDING	PENDING	PENDING	2009990614	20.09990614	p2wpkh	6	in-band	PENDING	PENDING
bc1q9kkhsfh3lqgu38h0lputwhc00qwx5uj4uanssr	PENDING	PENDING	PENDING	2009990614	20.09990614	p2wpkh	6	in-band	PENDING	PENDING
bc1qcyfqwwlh3pqhqnuwc6uw60qx35p07hjdtntdln	PENDING	PENDING	PENDING	2009990614	20.09990614	p2wpkh	6	in-band	PENDING	PENDING
bc1qfknpst3ywc8jjmejechclhg8r84ptkf68m37ge	PENDING	PENDING	PENDING	2009990614	20.09990614	p2wpkh	6	in-band	PENDING	PENDING
bc1qfujp3w0f38z5jwl88tu6d6u4sphmhvxt4awqvt	PENDING	PENDING	PENDING	2009990614	20.09990614	p2wpkh	6	in-band	PENDING	PENDING
bc1qj2340x9ylytx0x7k53t4gc5ccjsa45jnevk2td	PENDING	PENDING	PENDING	2009990614	20.09990614	p2wpkh	6	in-band	PENDING	PENDING
bc1qr4z9kjcg8q5kyq9q208uqv6n6dgrfn3zwufdv7	PENDING	PENDING	PENDING	2009990614	20.09990614	p2wpkh	6	in-band	PENDING	PENDING
bc1qw7d5gcj44xssdm7hcztkffd6y6q4rzrmnn07nv	PENDING	PENDING	PENDING	2009990614	20.09990614	p2wpkh	6	in-band	PENDING	PENDING
bc1qf6lp2zjgclnz39j7vlspz3m0qffzs2c3kqysv3	PENDING	PENDING	PENDING	2009989965	20.09989965	p2wpkh	6	in-band	PENDING	PENDING
bc1q09gpfcch9zlcwvjt33y2r3ykq02l7ak9vxf9qd	PENDING	PENDING	PENDING	2009989954	20.09989954	p2wpkh	6	in-band	PENDING	PENDING
bc1q7kkyn8muvpueqfstp5e7dvrestrk5krqkcu4zk	PENDING	PENDING	PENDING	2009989954	20.09989954	p2wpkh	6	in-band	PENDING	PENDING
bc1q7uz5dfv7zyu0tcm5w9cp7d6ymjufspssptre0p	PENDING	PENDING	PENDING	2009989954	20.09989954	p2wpkh	6	in-band	PENDING	PENDING
bc1q8cd62nupr6pc4hz0g54tgg5uen3mg4gtke9k3w	PENDING	PENDING	PENDING	2009989954	20.09989954	p2wpkh	6	in-band	PENDING	PENDING
bc1q8sslrhxykls2maurenenv43wrpkpv9upuyzayr	PENDING	PENDING	PENDING	2009989954	20.09989954	p2wpkh	6	in-band	PENDING	PENDING
bc1qcdt0shm4vmyeg4hczh4lxnuv3p0clu6eg4qje6	PENDING	PENDING	PENDING	2009989954	20.09989954	p2wpkh	6	in-band	PENDING	PENDING
bc1qfzlwl0plwem6f7e4hpfznvx0vg8wnqdr03dc02	PENDING	PENDING	PENDING	2009989954	20.09989954	p2wpkh	6	in-band	PENDING	PENDING
bc1qh338cjdfjj0zk8s9q0gtj62qyt27gdjgs8msh6	PENDING	PENDING	PENDING	2009989954	20.09989954	p2wpkh	6	in-band	PENDING	PENDING
bc1qj5w50va77txgze8g80dtzh4xeg2mptdyaugzfy	PENDING	PENDING	PENDING	2009989954	20.09989954	p2wpkh	6	in-band	PENDING	PENDING
bc1qj9le6vp3n64frjp9lwjlp2ga82397e4q69chzf	PENDING	PENDING	PENDING	2009989954	20.09989954	p2wpkh	6	in-band	PENDING	PENDING
bc1qlkt93xd0mrgcnjp48aeh5zwc2gv3qr3ksvjys8	PENDING	PENDING	PENDING	2009989954	20.09989954	p2wpkh	6	in-band	PENDING	PENDING
bc1qlqhdl7e970lpvm8y6n9s27ykr8qp28ams6ne7f	PENDING	PENDING	PENDING	2009989954	20.09989954	p2wpkh	6	in-band	PENDING	PENDING
bc1qpf6t0ss37uy5khwd3grtstwp2hgzzw6vejyrc8	PENDING	PENDING	PENDING	2009989954	20.09989954	p2wpkh	6	in-band	PENDING	PENDING
bc1qr7aclt2q52vjxqup4w79c6nu82fyx3fst02uuc	PENDING	PENDING	PENDING	2009989954	20.09989954	p2wpkh	6	in-band	PENDING	PENDING
bc1qrr0zzn9w3d3eqexcrrv3zj08ns2nfxhzp9ar4g	PENDING	PENDING	PENDING	2009989954	20.09989954	p2wpkh	6	in-band	PENDING	PENDING
bc1quj6n9lvfywmhecwy2hlgaszayn4aqxjjw0kmja	PENDING	PENDING	PENDING	2009989954	20.09989954	p2wpkh	6	in-band	PENDING	PENDING
bc1q2egny49a9semle8vnq6ztegy9kf07zdmaz4ypl	PENDING	PENDING	PENDING	2009989821	20.09989821	p2wpkh	6	in-band	PENDING	PENDING
bc1qyywndplc0mgtv84t86ed7z5xg2zkh25qefc5r2	PENDING	PENDING	PENDING	2009989470	20.09989470	p2wpkh	6	in-band	PENDING	PENDING
bc1qjkq2qswmtf5cqflkm3qtlr27ccf5w2605eq72j	PENDING	PENDING	PENDING	2009988758	20.09988758	p2wpkh	6	in-band	PENDING	PENDING
3A6ToTE8JCEPFYnKJrcoaC4gZmjJf2b829	PENDING	PENDING	PENDING	2009986248	20.09986248	p2sh	6	in-band	PENDING	PENDING
bc1q93szn0x424e87nk4enduarxgjcurdnafjthuf7	PENDING	PENDING	PENDING	2009986026	20.09986026	p2wpkh	6	in-band	PENDING	PENDING
bc1q924hwja979jsxeh8tgrqy9luu64xsf5fltavj0	PENDING	PENDING	PENDING	2009982542	20.09982542	p2wpkh	6	in-band	PENDING	PENDING
bc1qwjz8ezz9809695apsg6ueet4muapj5akj2xmj2	PENDING	PENDING	PENDING	2009978363	20.09978363	p2wpkh	6	in-band	PENDING	PENDING
bc1qzw7f45cy6whqd8d7sz50206aqp58gs6k3clu7r	PENDING	PENDING	PENDING	2009962985	20.09962985	p2wpkh	6	in-band	PENDING	PENDING
37tr7ktGBgNmV8bix24Gsrgn4w59VBEcDi	PENDING	PENDING	PENDING	2009949410	20.09949410	p2sh	6	in-band	PENDING	PENDING
bc1qla8pge5r5u8xspq3etm9t8wmsvq79g6rdqyjrd	PENDING	PENDING	PENDING	2009711401	20.09711401	p2wpkh	6	in-band	PENDING	PENDING
bc1q9xxzhvcr4pjdf73sgwu2jp8xrtlpxy0rt54wg9	PENDING	PENDING	PENDING	2009548629	20.09548629	p2wpkh	6	in-band	PENDING	PENDING
bc1qmfznjt25lf93yc2qmdaadzyc7mpgpqf07hazkj	PENDING	PENDING	PENDING	2009488924	20.09488924	p2wpkh	6	in-band	PENDING	PENDING
bc1qumef4n5lqy4p0sg5jn3lwt20lh9jq0yln64rdp	PENDING	PENDING	PENDING	2009488924	20.09488924	p2wpkh	6	in-band	PENDING	PENDING
bc1qags5vqn8tvtjknpyh7kx7dhwzdn6cywt7kjymx	PENDING	PENDING	PENDING	2009387995	20.09387995	p2wpkh	6	in-band	PENDING	PENDING
bc1qru7vlkyqhf2t640x832yluk6degln6k7sdslxf	PENDING	PENDING	PENDING	2009365680	20.09365680	p2wpkh	6	in-band	PENDING	PENDING
bc1q8pckd094rxz7pctyrjp8pm92nvp7dknxy8vjjs	PENDING	PENDING	PENDING	2009349948	20.09349948	p2wpkh	6	in-band	PENDING	PENDING
bc1qsx72cq09evlwk3uuym4876gm7sq57sk3gv246j	PENDING	PENDING	PENDING	2009344887	20.09344887	p2wpkh	6	in-band	PENDING	PENDING
3NaaCya8WrMZGmVH3Ua7MBGtnXFZjBq75i	PENDING	PENDING	PENDING	2009299166	20.09299166	p2sh	6	in-band	PENDING	PENDING
bc1qxrkw7afgsu6w0wgfcmhkpu5k8xsyahedzvl9ef	PENDING	PENDING	PENDING	2009292890	20.09292890	p2wpkh	6	in-band	PENDING	PENDING
bc1qrqumv0qn4sn9cccmxpkxkw6f37ytvclm3j0w80v2cu4sf5ty2q5s8wsnaa	PENDING	PENDING	PENDING	2009086184	20.09086184	p2wsh	6	in-band	PENDING	PENDING
bc1q4kku7nhlzggjypq8ylqyegtt0ulkycd53mv2cu	PENDING	PENDING	PENDING	2008975024	20.08975024	p2wpkh	6	in-band	PENDING	PENDING
bc1qd0ak97nc8wd7tvzjmmzqwwd28uyhj8j695qad7	PENDING	PENDING	PENDING	2008946385	20.08946385	p2wpkh	6	in-band	PENDING	PENDING
19s2L8Ezcj2beDt5ctEnFkxbDHusCF55xk	PENDING	PENDING	PENDING	2008872477	20.08872477	p2pkh	6	in-band	PENDING	PENDING
32A7tYmZNZezYqsWE6L7z5Gun5pqTQJ5cm	PENDING	PENDING	PENDING	2008827882	20.08827882	p2sh	6	in-band	PENDING	PENDING
37qXt7Znp3coJcfThZxYvT9kCqQDSTB8PE	PENDING	PENDING	PENDING	2008787160	20.08787160	p2sh	6	in-band	PENDING	PENDING
bc1qcym2jv047vdydenrpqnek7vvcxyf5wurle4nsv	PENDING	PENDING	PENDING	2008725981	20.08725981	p2wpkh	6	in-band	PENDING	PENDING
1H1ndFQ1UgmoZdwgs6Daj9gDj8qajkVhqG	PENDING	PENDING	PENDING	2008465347	20.08465347	p2pkh	6	in-band	PENDING	PENDING
3D68W7fjWPDDt1uENtX6ELhc79K9rdgKdq	PENDING	PENDING	PENDING	2008439031	20.08439031	p2sh	6	in-band	PENDING	PENDING
bc1qwrnc6y893mt5m4ec3j4y8etyhs54awg7ntu2w6	PENDING	PENDING	PENDING	2008390214	20.08390214	p2wpkh	6	in-band	PENDING	PENDING
bc1qwrh620jrf849jxy0auhdcv3r3p50q94xglrhj9	PENDING	PENDING	PENDING	2008379599	20.08379599	p2wpkh	6	in-band	PENDING	PENDING
3HVSBLmqnVtVeBejRokAGxXRnwVJchEiXh	PENDING	PENDING	PENDING	2008370850	20.08370850	p2sh	6	in-band	PENDING	PENDING
bc1ql75cd2tju5uz3wesszl905x27pt74h62jxcxvqwv0k4yvvmytkpqup7kfl	PENDING	PENDING	PENDING	2008288003	20.08288003	p2wsh	6	in-band	PENDING	PENDING
18a2LAX7RojaV98JZNF1SLSKqtmyDLhZbG	PENDING	PENDING	PENDING	2008246098	20.08246098	p2pkh	6	in-band	PENDING	PENDING
bc1qj2k3dmmqfkwcpmaugp6d3696knen8852jnllpm	PENDING	PENDING	PENDING	2008209124	20.08209124	p2wpkh	6	in-band	PENDING	PENDING
3KVdisZZNXFpWJe6gKq2T5315CCgKeURwr	PENDING	PENDING	PENDING	2008171824	20.08171824	p2sh	6	in-band	PENDING	PENDING
bc1pm7enu7evqcn64t4j5qxajhuq3v5jq2cgvrp2pmnvwq5p7srgv3kqtpajy5	PENDING	PENDING	PENDING	2007996186	20.07996186	p2tr	6	in-band	PENDING	PENDING
bc1pft5y9wtuen69wprkcxc64xaau5guz2ww7nr0eqdamm8age487v8smt8pg0	PENDING	PENDING	PENDING	2007995898	20.07995898	p2tr	6	in-band	PENDING	PENDING
bc1qxs69aksc670t3ny3qqma5pv9cgefwtr3vfy4ku	PENDING	PENDING	PENDING	2007962024	20.07962024	p2wpkh	6	in-band	PENDING	PENDING
bc1q7u7xv0m67hpsxvwgw9y7c7w2rdw3fagkyed2e9	PENDING	PENDING	PENDING	2007942024	20.07942024	p2wpkh	6	in-band	PENDING	PENDING
bc1qak4scja5d2zdr2nygsjculyxrgxg7c9n4s4vs8	PENDING	PENDING	PENDING	2007924384	20.07924384	p2wpkh	6	in-band	PENDING	PENDING
bc1qt86wx3qsnezq5hk7py53df7rf72yzrn8p2z3gs	PENDING	PENDING	PENDING	2007877767	20.07877767	p2wpkh	6	in-band	PENDING	PENDING
bc1querf9nzxsukv7yrwegs2kcy65vgg9vjnh0fz2q	PENDING	PENDING	PENDING	2007826390	20.07826390	p2wpkh	6	in-band	PENDING	PENDING
3LdJ9UA6FCw5nV6rRa9r1wTnRjF89MMtfV	PENDING	PENDING	PENDING	2007341021	20.07341021	p2sh	6	in-band	PENDING	PENDING
33pzSekFwHzzcydXFu6tTy4cRu7DMfxw62	PENDING	PENDING	PENDING	2007276000	20.07276000	p2sh	6	in-band	PENDING	PENDING
3Gfg7RaAmnaKr3scTH9sAnnvbaN6H1rVaU	PENDING	PENDING	PENDING	2007260160	20.07260160	p2sh	6	in-band	PENDING	PENDING
39dM3sEvmddvxfGm6ZWP3de6BPFbTyag7n	PENDING	PENDING	PENDING	2007247380	20.07247380	p2sh	6	in-band	PENDING	PENDING
bc1qy78v5dcxq4wvd7xd9w9fze95zvvs7pyzx9gcp5	PENDING	PENDING	PENDING	2007138523	20.07138523	p2wpkh	6	in-band	PENDING	PENDING
bc1qfpuyg7um3dk7zu5n787v9f4zrmdu9hqdln2ys53azh94q8fzt99s2ecx3x	PENDING	PENDING	PENDING	2006942330	20.06942330	p2wsh	6	in-band	PENDING	PENDING
1AnhiyUGafk2zwWXmM5jwUHwMBzGkKseZm	PENDING	PENDING	PENDING	2006940551	20.06940551	p2pkh	6	in-band	PENDING	PENDING
bc1qpeel8zgzsfc64mzgcmkm8658kygs02x8uk9wyc72fggxvdcrnpls5wzx8m	PENDING	PENDING	PENDING	2006897788	20.06897788	p2wsh	6	in-band	PENDING	PENDING
bc1qy2xsz5zp98kzlpsykqpzlldlgafy4zg649ney2	PENDING	PENDING	PENDING	2006811900	20.06811900	p2wpkh	6	in-band	PENDING	PENDING
bc1qdfkmyuzgwfjkvp4g4g7y2643ylxejrzzz02qgf	PENDING	PENDING	PENDING	2006775894	20.06775894	p2wpkh	6	in-band	PENDING	PENDING
bc1qme2teg30plj68kfe0vwf2n788qu4d79n8xgugt	PENDING	PENDING	PENDING	2006628132	20.06628132	p2wpkh	6	in-band	PENDING	PENDING
bc1qg37l2ealxly8kjncr2fzylqgj4msy5yat4py246nr4leyudrcfzsqm2pwp	PENDING	PENDING	PENDING	2006574730	20.06574730	p2wsh	6	in-band	PENDING	PENDING
bc1q6yf059z0cv2533ujrwx2c2s6082tkaytqj89j0	PENDING	PENDING	PENDING	2006486724	20.06486724	p2wpkh	6	in-band	PENDING	PENDING
bc1qj2mzkxqnlfdu5pgc7ynpx5ywkxgvcnfuxw65ed	PENDING	PENDING	PENDING	2006361828	20.06361828	p2wpkh	6	in-band	PENDING	PENDING
bc1q0mcufg8lvkql5xq8ec8fp43z2ue3sejgpvev0m	PENDING	PENDING	PENDING	2006342260	20.06342260	p2wpkh	6	in-band	PENDING	PENDING
bc1qxvyce45ych3xmxc9v6zr5c82gqkfg8qmamwhzx	PENDING	PENDING	PENDING	2006255488	20.06255488	p2wpkh	6	in-band	PENDING	PENDING
35usH4ZQK6oFmdd47NacF9BykyfNsHTiy7	PENDING	PENDING	PENDING	2006253930	20.06253930	p2sh	6	in-band	PENDING	PENDING
36dM7gcUz6YuJMjKKgjKHfaTYusA5veAHt	PENDING	PENDING	PENDING	2006253674	20.06253674	p2sh	6	in-band	PENDING	PENDING
bc1qs7y3la6xsvq7nu3lnapg2anhhjxmpan5vlg5h7	PENDING	PENDING	PENDING	2006162683	20.06162683	p2wpkh	6	in-band	PENDING	PENDING
bc1q7w6d3afv0kna7j37p4svwm64tuzchyf6hxzczq	PENDING	PENDING	PENDING	2006138352	20.06138352	p2wpkh	6	in-band	PENDING	PENDING
12aqxHH3ZWuazjd3t427moywos2FhEJRtJ	PENDING	PENDING	PENDING	2006101619	20.06101619	p2pkh	6	in-band	PENDING	PENDING
bc1qrmlglvl7dhymfqh2l5nmcy4w4xhmz54d4rvpht	PENDING	PENDING	PENDING	2006057177	20.06057177	p2wpkh	6	in-band	PENDING	PENDING
3LCvEBscWWkDXHDWYVx2spd8xGw9UkMnog	PENDING	PENDING	PENDING	2005957969	20.05957969	p2sh	6	in-band	PENDING	PENDING
bc1qgz6suqund2sh637em3nv8xqy4y0js6sdqxv0lz	PENDING	PENDING	PENDING	2005956534	20.05956534	p2wpkh	6	in-band	PENDING	PENDING
33dy827Wxwk9FUHVxniQHUBFy5ext7e6Ua	PENDING	PENDING	PENDING	2005948253	20.05948253	p2sh	6	in-band	PENDING	PENDING
1BYotCfAWW9JcBSRjsneAPgexNC8W8szic	PENDING	PENDING	PENDING	2005592346	20.05592346	p2pkh	6	in-band	PENDING	PENDING
3HRCn48D7SST8s1dDzQYLCw4yfKH8XCV99	PENDING	PENDING	PENDING	2005528297	20.05528297	p2sh	6	in-band	PENDING	PENDING
1L9pezTbcPkYVzyEsmT7kvKj5GZFNL63eV	PENDING	PENDING	PENDING	2005384414	20.05384414	p2pkh	6	in-band	PENDING	PENDING
bc1qlwm2h4w7u8vlrm8ng0cjgf2t7u33alwjf0hzlf	PENDING	PENDING	PENDING	2005328665	20.05328665	p2wpkh	6	in-band	PENDING	PENDING
bc1qd9jqhhwweu42ykd2cvd0t4j42wkw04kfrkxgd5	PENDING	PENDING	PENDING	2005308800	20.05308800	p2wpkh	6	in-band	PENDING	PENDING
bc1qwsh978w5hu04prym3z0chu0w8fh5yhtwf5yrep	PENDING	PENDING	PENDING	2005297162	20.05297162	p2wpkh	6	in-band	PENDING	PENDING
bc1qd68jkmdue4lcz944q9yqgy5enn5j43xx23x5fq	PENDING	PENDING	PENDING	2005225160	20.05225160	p2wpkh	6	in-band	PENDING	PENDING
14rtbwBqT17bKYHzKe8jJ9nHLPUhCqcEKc	PENDING	PENDING	PENDING	2005222982	20.05222982	p2pkh	6	in-band	PENDING	PENDING
bc1qw9289d6hvgmzaw6cl3gyvdchnqsfm9tqc3cssxfzqfdqr096530qxej46h	PENDING	PENDING	PENDING	2005134409	20.05134409	p2wsh	6	in-band	PENDING	PENDING
bc1qls2v9cz33k839ntum5ryndp5avzf5jl3gm9a90	PENDING	PENDING	PENDING	2005122697	20.05122697	p2wpkh	6	in-band	PENDING	PENDING
bc1qak4n78530ufhwzqvm3zs849k7208ph9nsk6h7z	PENDING	PENDING	PENDING	2005119624	20.05119624	p2wpkh	6	in-band	PENDING	PENDING
bc1pzm05j7l75qu8ffmzz5dwh6za6yy5e82d75w45g48dgffupt47ccqetxxgt	PENDING	PENDING	PENDING	2005093095	20.05093095	p2tr	6	in-band	PENDING	PENDING
3ABW6ezR6vHc8SyqcRJPNHAk6x86BET83b	PENDING	PENDING	PENDING	2005091928	20.05091928	p2sh	6	in-band	PENDING	PENDING
33EVKyYsPstL1RzDSjJZzfeQB5QW52P4jT	PENDING	PENDING	PENDING	2005035890	20.05035890	p2sh	6	in-band	PENDING	PENDING
bc1q4va4myazjeqdyy9v3yl74e37sc05mwyfcqdakw	PENDING	PENDING	PENDING	2005034688	20.05034688	p2wpkh	6	in-band	PENDING	PENDING
bc1qsqlaw7tx4msxvgvzjecxum94eazgfvd4n29m5d	PENDING	PENDING	PENDING	2005009924	20.05009924	p2wpkh	6	in-band	PENDING	PENDING
bc1qcswnf8rw6jh5tlmvghztn63y6lvey7qzk9h8at	PENDING	PENDING	PENDING	2005000624	20.05000624	p2wpkh	6	in-band	PENDING	PENDING
bc1qpxqc8f8y3y7wghs7l6h0phusxe22z8xywa5swn66ctz87lypc57skkynur	PENDING	PENDING	PENDING	2005000330	20.05000330	p2wsh	6	in-band	PENDING	PENDING
bc1qta9m5w8m62m2t7mld238t8jyrwcdhemfpl68cn6a6s55pznx4v7q5d63cq	PENDING	PENDING	PENDING	2005000330	20.05000330	p2wsh	6	in-band	PENDING	PENDING
3PsjfB4t5LenhNrNaeBCdyVHg3WdmyRaBi	PENDING	PENDING	PENDING	2005000000	20.05000000	p2sh	6	in-band	PENDING	PENDING
13qupD7PoPvcY3XH5gSkkwBKY41sBmMMxn	PENDING	PENDING	PENDING	2004999505	20.04999505	p2pkh	6	in-band	PENDING	PENDING
3QuPCH4S3J5zMuPEvYUoem8T5Fbk9iWNaQ	PENDING	PENDING	PENDING	2004995000	20.04995000	p2sh	6	in-band	PENDING	PENDING
bc1qn6uxcfw8szvhn58v8hwyzaesl2qhvv9c3c5xvq	PENDING	PENDING	PENDING	2004981177	20.04981177	p2wpkh	6	in-band	PENDING	PENDING
bc1qvrph36dmm35jlz2phmjrmextrpdn3ae0ajh4aj	PENDING	PENDING	PENDING	2004973868	20.04973868	p2wpkh	6	in-band	PENDING	PENDING
bc1qe5zvhzc3zh869tgg939jm8z4symvdc9qcdkccm	PENDING	PENDING	PENDING	2004973767	20.04973767	p2wpkh	6	in-band	PENDING	PENDING
bc1q2n849acts97vzffdzh6dayqereh2dvd8autdr7	PENDING	PENDING	PENDING	2004949574	20.04949574	p2wpkh	6	in-band	PENDING	PENDING
36nE5ftw2bVdPoZm5ZEKvuQgzswaHqrJ7M	PENDING	PENDING	PENDING	2004900000	20.04900000	p2sh	6	in-band	PENDING	PENDING
1MZhygxqpEKKfmPDVrWqYtPRn3kKvwUmHw	PENDING	PENDING	PENDING	2004871548	20.04871548	p2pkh	6	in-band	PENDING	PENDING
37vcPnQtbFEzJZHbeJGmotFzffPUXTupd6	PENDING	PENDING	PENDING	2004836120	20.04836120	p2sh	6	in-band	PENDING	PENDING
1KnbUhmaiPbJU71F4p3eMogD64tp2G64fA	PENDING	PENDING	PENDING	2004807000	20.04807000	p2pkh	6	in-band	PENDING	PENDING
bc1qn430mk7z2luc7rx2el848h3mcjaf07pdhx6apzna2892z78k7rkqhvtr38	PENDING	PENDING	PENDING	2004679798	20.04679798	p2wsh	6	in-band	PENDING	PENDING
bc1qg7ndee3t0heh8m060d92wq79q0v29srx85wzn7gxqygdek53tucqs5zjss	PENDING	PENDING	PENDING	2004673505	20.04673505	p2wsh	6	in-band	PENDING	PENDING
bc1qvgmgahz7lqwvucchk76ry395vu04cuw4knzg8p	PENDING	PENDING	PENDING	2004644050	20.04644050	p2wpkh	6	in-band	PENDING	PENDING
bc1q7dwvak0868sjeqfj8e9784deequa8ftrvhtzh0	PENDING	PENDING	PENDING	2004640166	20.04640166	p2wpkh	6	in-band	PENDING	PENDING
bc1qp0s3q9na9j0tkaafu2aw3tatq7pl9ucusaz3k8	PENDING	PENDING	PENDING	2004613628	20.04613628	p2wpkh	6	in-band	PENDING	PENDING
bc1qcd00rcup9vgzn60z85x8hvgxjhfa48cccywl4mapkxp0mdxer0rsrnu9w5	PENDING	PENDING	PENDING	2004559430	20.04559430	p2wsh	6	in-band	PENDING	PENDING
1GX5a1M2i7n8dqPVUd3G9BbytVHFrbVLJJ	PENDING	PENDING	PENDING	2004511385	20.04511385	p2pkh	6	in-band	PENDING	PENDING
bc1qql5faqddvu7xq04dj5dc9hujj2a58wdkc522lhtfg9t86pdxst5szu3kur	PENDING	PENDING	PENDING	2004496330	20.04496330	p2wsh	6	in-band	PENDING	PENDING
1ABYiRW4pPFRqv7QGaqgBR2wGcCferq6H1	PENDING	PENDING	PENDING	2004416914	20.04416914	p2pkh	6	in-band	PENDING	PENDING
bc1q69d7xq5p4vwlxrl56yyvyyuadawfct6ccw8tyz	PENDING	PENDING	PENDING	2004299904	20.04299904	p2wpkh	6	in-band	PENDING	PENDING
bc1qmy02elu4fhp58csgh4r35gfcwl00j9uzjlkprr	PENDING	PENDING	PENDING	2004291285	20.04291285	p2wpkh	6	in-band	PENDING	PENDING
bc1qgnhgppkngs0wc0u5wxtwp6xpf2tmk69u3vvepn	PENDING	PENDING	PENDING	2004231635	20.04231635	p2wpkh	6	in-band	PENDING	PENDING
bc1qhj55784rryy2ynzgltev9gnnq777fq4vq5l93y	PENDING	PENDING	PENDING	2004201738	20.04201738	p2wpkh	6	in-band	PENDING	PENDING
bc1q06hwr4cralv0l8dvcrst2n3zqsc7yvm04hs65k	PENDING	PENDING	PENDING	2004158068	20.04158068	p2wpkh	6	in-band	PENDING	PENDING
19jD68pbwgVA2p3AA55JBrZ4YWgzkaKkBi	PENDING	PENDING	PENDING	2004110492	20.04110492	p2pkh	6	in-band	PENDING	PENDING
bc1qq9azlq3kgmlwdgd89dtpyguh5tccwmjxkt80j9	PENDING	PENDING	PENDING	2004109742	20.04109742	p2wpkh	6	in-band	PENDING	PENDING
32NQA1vo2pDZkT3VBVMCyXxmwZmvz9AEYq	PENDING	PENDING	PENDING	2004074000	20.04074000	p2sh	6	in-band	PENDING	PENDING
3FzdmcskBdELfH5uFPggakYJa34RsbaguS	PENDING	PENDING	PENDING	2004050230	20.04050230	p2sh	6	in-band	PENDING	PENDING
bc1q8pdxq9r5jj9ukjpx85dq5rxur8tk2k79z29r5c	PENDING	PENDING	PENDING	2004036984	20.04036984	p2wpkh	6	in-band	PENDING	PENDING
3EU9T1heGiGQQSUHUMKTqBYY649ryaXJbN	PENDING	PENDING	PENDING	2004003565	20.04003565	p2sh	6	in-band	PENDING	PENDING
bc1q8wjx25l0ltm9zsecrkhrsawh435yc53rxfhdlq	PENDING	PENDING	PENDING	2004000624	20.04000624	p2wpkh	6	in-band	PENDING	PENDING
1EUZya3gFofwbVDDfYAxpkNEgNWVLBcTTW	PENDING	PENDING	PENDING	2003948456	20.03948456	p2pkh	6	in-band	PENDING	PENDING
bc1qldhs26wqr9q2w7hash3n5fjugqdhdwjlee39kj	PENDING	PENDING	PENDING	2003900624	20.03900624	p2wpkh	6	in-band	PENDING	PENDING
3MxpjEE4Z1W29UA5GTLtw876sYm6iwhZ3x	PENDING	PENDING	PENDING	2003869541	20.03869541	p2sh	6	in-band	PENDING	PENDING
3KHiipQLwUKD6Wkdqg54wRPVXfgU5Z1CLV	PENDING	PENDING	PENDING	2003808005	20.03808005	p2sh	6	in-band	PENDING	PENDING
bc1qj8smkrckyzxayzaj4jzcmrdptq648u2z8ky8yr	PENDING	PENDING	PENDING	2003751024	20.03751024	p2wpkh	6	in-band	PENDING	PENDING
bc1qcp34kmqqh9kr69v2quhmvlz7a4wny46rfpjetm	PENDING	PENDING	PENDING	2003644960	20.03644960	p2wpkh	6	in-band	PENDING	PENDING
bc1qkdw8052ysh2gu6r64q6x76y4re0ymlvlze945u	PENDING	PENDING	PENDING	2003501483	20.03501483	p2wpkh	6	in-band	PENDING	PENDING
bc1qnaqtz0r5km22elu6589dyr27zcl3hjnfujc659	PENDING	PENDING	PENDING	2003473024	20.03473024	p2wpkh	6	in-band	PENDING	PENDING
1EUtp4JoCdxnA4M7dhKsijZPcfzqPUp4LN	PENDING	PENDING	PENDING	2003353300	20.03353300	p2pkh	6	in-band	PENDING	PENDING
bc1qj8feurzcmzuzwpzwlj4e99rvve65wcwwnqxtn6rqdzpxpmkpzgeq0sh0hq	PENDING	PENDING	PENDING	2003311551	20.03311551	p2wsh	6	in-band	PENDING	PENDING
bc1qkyc25emprrmqesf4p9af3w7v89xc4k4lrnw3uv	PENDING	PENDING	PENDING	2003302954	20.03302954	p2wpkh	6	in-band	PENDING	PENDING
3N5XKeQMnmVG68No6HaRRhb5aZ9hczx4VN	PENDING	PENDING	PENDING	2003238994	20.03238994	p2sh	6	in-band	PENDING	PENDING
bc1q4xdw0n57pzpmjrk65y6m87erkf02m7xe2neahs	PENDING	PENDING	PENDING	2003219017	20.03219017	p2wpkh	6	in-band	PENDING	PENDING
bc1q90w8vx0cewrg5kqgh7zld7ufk7amursd542j03	PENDING	PENDING	PENDING	2003163600	20.03163600	p2wpkh	6	in-band	PENDING	PENDING
bc1qatxsl30nnd67yzp9mhzvuq9fjnluawv4yzhdwl	PENDING	PENDING	PENDING	2003132775	20.03132775	p2wpkh	6	in-band	PENDING	PENDING
bc1q5lpxrq4y5qp7mquqa6ufgf2n7vzpd7kfnug29u	PENDING	PENDING	PENDING	2002951905	20.02951905	p2wpkh	6	in-band	PENDING	PENDING
3QDLQ8vbWhxVVodQtt9nXHJJT33NmPHgFr	PENDING	PENDING	PENDING	2002923764	20.02923764	p2sh	6	in-band	PENDING	PENDING
3Ba7HYK39qhDMVmciKGiqDkdgRX7NkCf4D	PENDING	PENDING	PENDING	2002895145	20.02895145	p2sh	6	in-band	PENDING	PENDING
3JpDvu4cd9RjGd8tSnKDafKzfNp4A5m6jk	PENDING	PENDING	PENDING	2002846800	20.02846800	p2sh	6	in-band	PENDING	PENDING
3Lr5A8HUX3hHGLiqSb7qZApHg9HtTVfCXz	PENDING	PENDING	PENDING	2002834768	20.02834768	p2sh	6	in-band	PENDING	PENDING
bc1qgsrkasyf7682mhknxyvkf8nqew9qtjn7wsdy0m	PENDING	PENDING	PENDING	2002834594	20.02834594	p2wpkh	6	in-band	PENDING	PENDING
bc1ql6gcjcwxw6tlmh9c2rsgd82mz4zr6p6v3r5h07	PENDING	PENDING	PENDING	2002826490	20.02826490	p2wpkh	6	in-band	PENDING	PENDING
bc1qtnmqywhngmgwa23xhn5vzzem60ekfj5u9yh28j	PENDING	PENDING	PENDING	2002762221	20.02762221	p2wpkh	6	in-band	PENDING	PENDING
bc1pp6l0y303d0qe3wj83zl4d8zrwy4k5ppq3cfwd6z9mrxy8zy32grst2cdu6	PENDING	PENDING	PENDING	2002700414	20.02700414	p2tr	6	in-band	PENDING	PENDING
bc1ql44zzp5xkms73xert3l4jtlq8g026m4elrwv6p	PENDING	PENDING	PENDING	2002659961	20.02659961	p2wpkh	6	in-band	PENDING	PENDING
3JSbx28EKWV8bQ6g2kpyZe4yVJCpivepu6	PENDING	PENDING	PENDING	2002645791	20.02645791	p2sh	6	in-band	PENDING	PENDING
3JDEu3tauYVfw1rDrNEkMMkNRUYfTEXdZ1	PENDING	PENDING	PENDING	2002485234	20.02485234	p2sh	6	in-band	PENDING	PENDING
bc1quff6xg0a4wneuga6f5y02gd3jxcq6fw67d27vq	PENDING	PENDING	PENDING	2002484657	20.02484657	p2wpkh	6	in-band	PENDING	PENDING
bc1qsvzdy5z5ur9emu4w220884sfurzpjfes4xlt6h	PENDING	PENDING	PENDING	2002466244	20.02466244	p2wpkh	6	in-band	PENDING	PENDING
bc1qmfqz87mtf3eagtdjx8r0hd2typ5c0rzd0trpeq	PENDING	PENDING	PENDING	2002459924	20.02459924	p2wpkh	6	in-band	PENDING	PENDING
3MvdE5UZXW2YwMTtsVtY31MRHhZc6QG4La	PENDING	PENDING	PENDING	2002430511	20.02430511	p2sh	6	in-band	PENDING	PENDING
1Kohd1YxmFrniznxc8q7BRG6vPUMqbRjiw	PENDING	PENDING	PENDING	2002408000	20.02408000	p2pkh	6	in-band	PENDING	PENDING
3NSFQwQQ8JpDm35PCxqsxXv1e8hzqyr7TF	PENDING	PENDING	PENDING	2002399684	20.02399684	p2sh	6	in-band	PENDING	PENDING
bc1ql9x8em736ndn3pw3ucu5s65ta09svm2f6dx2gs	PENDING	PENDING	PENDING	2002307565	20.02307565	p2wpkh	6	in-band	PENDING	PENDING
bc1qvhg3gzqrakvfx47v8shjy4lkmsrrrdkzpk8de5	PENDING	PENDING	PENDING	2002280978	20.02280978	p2wpkh	6	in-band	PENDING	PENDING
bc1pv78u800q2mrsw4smrpgu739wunesnagasypuyqkx793j249kvpvqn5xtcj	PENDING	PENDING	PENDING	2002240036	20.02240036	p2tr	6	in-band	PENDING	PENDING
bc1q78gwdkds7xwpmcv57lgcpq0uggcxu6xcf2cqmk	PENDING	PENDING	PENDING	2002105564	20.02105564	p2wpkh	6	in-band	PENDING	PENDING
bc1qzj42kf0gk7p7p0nq074atlw4sd38kcal26fdwz	PENDING	PENDING	PENDING	2002046670	20.02046670	p2wpkh	6	in-band	PENDING	PENDING
bc1qgrw80wvhxykv4j6r5vksd3hj6ud5fwrdm84xfs	PENDING	PENDING	PENDING	2002000624	20.02000624	p2wpkh	6	in-band	PENDING	PENDING
bc1qpf8zhpk8zd4m6p2xtyef35dqckhqqh7xgl3wjr	PENDING	PENDING	PENDING	2001998624	20.01998624	p2wpkh	6	in-band	PENDING	PENDING
1DzLNkUhr4rPp4Fx5ViWqooP1QFeXGWMq9	PENDING	PENDING	PENDING	2001997070	20.01997070	p2pkh	6	in-band	PENDING	PENDING
1JH1mqppGYHq9h1YSDczTGzSmoQpyVyKkL	PENDING	PENDING	PENDING	2001992300	20.01992300	p2pkh	6	in-band	PENDING	PENDING
329hrDfKV1eGdL49N1FFSLS6ppK7Z73R4s	PENDING	PENDING	PENDING	2001969707	20.01969707	p2sh	6	in-band	PENDING	PENDING
3JFoYY977vybBjyDBPqR1SUD5HszNhiNsT	PENDING	PENDING	PENDING	2001934517	20.01934517	p2sh	6	in-band	PENDING	PENDING
bc1q6uq4uk4thtyfamsxjptzjjwj9m02797cvh9czf	PENDING	PENDING	PENDING	2001930207	20.01930207	p2wpkh	6	in-band	PENDING	PENDING
bc1qycdhcwekulf52tfgwsqw07477ywdxcppnd5yen	PENDING	PENDING	PENDING	2001920665	20.01920665	p2wpkh	6	in-band	PENDING	PENDING
bc1qxe5nn0qw9ltrj3xuwley9yrxypa8mw2z8l7065	PENDING	PENDING	PENDING	2001872024	20.01872024	p2wpkh	6	in-band	PENDING	PENDING
bc1qyec0834t5pmls63xrlutngc0p4e8yd5ah8q0v2	PENDING	PENDING	PENDING	2001832878	20.01832878	p2wpkh	6	in-band	PENDING	PENDING
bc1qscg22srpqg565xku7k5vge03afgt3wc32emaka	PENDING	PENDING	PENDING	2001818458	20.01818458	p2wpkh	6	in-band	PENDING	PENDING
142sicqqBxtG6myX98MTWGaH3K7d9NzD1X	PENDING	PENDING	PENDING	2001713981	20.01713981	p2pkh	6	in-band	PENDING	PENDING
33AhVj1AaN3Mz7xt5nyRob2meBH1TLNzNx	PENDING	PENDING	PENDING	2001709485	20.01709485	p2sh	6	in-band	PENDING	PENDING
bc1q7x2yg4gcyxksddctyrcfqaulpu4lq7ngv8nvp2	PENDING	PENDING	PENDING	2001706387	20.01706387	p2wpkh	6	in-band	PENDING	PENDING
bc1qvz9w9pc9vdah38flhk3n8f6k0gfp2f48ma0gny	PENDING	PENDING	PENDING	2001676577	20.01676577	p2wpkh	6	in-band	PENDING	PENDING
bc1qu8jjzrk2lr5tljzrwmjs5q4nqe3raqavshp39auw6elgmw55gpqs0txaz8	PENDING	PENDING	PENDING	2001667836	20.01667836	p2wsh	6	in-band	PENDING	PENDING
3MyHUgH6feYuQsJ5XBiW92KDrjX6pZhKj2	PENDING	PENDING	PENDING	2001663488	20.01663488	p2sh	6	in-band	PENDING	PENDING
bc1q0t4r9u9nnhe96khrreesahfgaegnesf2s06en7	PENDING	PENDING	PENDING	2001595712	20.01595712	p2wpkh	6	in-band	PENDING	PENDING
bc1q65esfu8paj30a7rkfcqegwuym9x3qn443asz9d	PENDING	PENDING	PENDING	2001590447	20.01590447	p2wpkh	6	in-band	PENDING	PENDING
1264jqToXYNjN8zUvWhfRfdoa8uMFBdsKS	PENDING	PENDING	PENDING	2001565947	20.01565947	p2pkh	6	in-band	PENDING	PENDING
bc1p0h3c3cck4m0jxf0vvyxey0hkald3mmpfu2vdkdrs035srg392dpstd7mf4	PENDING	PENDING	PENDING	2001528060	20.01528060	p2tr	6	in-band	PENDING	PENDING
bc1qxwcf4yh42vznfrkq3p0v84sm68tgpm6jl3kg7y	PENDING	PENDING	PENDING	2001526524	20.01526524	p2wpkh	6	in-band	PENDING	PENDING
bc1qzyuyjrpn3c4f0k4nrlav8vzahh8mzpzy0gjt4hwztxag2c5hn95qvmrq5j	PENDING	PENDING	PENDING	2001492753	20.01492753	p2wsh	6	in-band	PENDING	PENDING
bc1qh5ekkml2vju4syzhm87wuqf84gc76mxmcmr9s7	PENDING	PENDING	PENDING	2001489468	20.01489468	p2wpkh	6	in-band	PENDING	PENDING
bc1qc2sj0tsc9mvpy7dzhnvxgel46k3us8sdjfq3fl	PENDING	PENDING	PENDING	2001441224	20.01441224	p2wpkh	6	in-band	PENDING	PENDING
34H6p1anXyeoajbAvNaJzcR1jrtoqdQhsM	PENDING	PENDING	PENDING	2001414282	20.01414282	p2sh	6	in-band	PENDING	PENDING
bc1q29yp2uxaey27vm73p7n6y403tyx26ywpecq8dm	PENDING	PENDING	PENDING	2001332995	20.01332995	p2wpkh	6	in-band	PENDING	PENDING
1Wcp2UGEjmsftaCRoanQ18AxrfQjmPJoe	PENDING	PENDING	PENDING	2001250034	20.01250034	p2pkh	6	in-band	PENDING	PENDING
bc1qt34dlcy2jws6v6gjc80u4p53zlny7muqt2r4vd	PENDING	PENDING	PENDING	2001244552	20.01244552	p2wpkh	6	in-band	PENDING	PENDING
1HHWpCHYx1Tfd4yn3YjiUtmREPD2cXmW1S	PENDING	PENDING	PENDING	2001244235	20.01244235	p2pkh	6	in-band	PENDING	PENDING
1LapjjNxbvT74ZoPXJu1oUbiGC33ogxTTH	PENDING	PENDING	PENDING	2001200763	20.01200763	p2pkh	6	in-band	PENDING	PENDING
17Lee5P9FGkBJ3m55bo8ykEs6Wao4uktCB	PENDING	PENDING	PENDING	2001136403	20.01136403	p2pkh	6	in-band	PENDING	PENDING
bc1qwz6ay7ww8ddu9zvmpdw69lyf8t20kznghxzj74	PENDING	PENDING	PENDING	2001059360	20.01059360	p2wpkh	6	in-band	PENDING	PENDING
bc1q8dksu695hwkmr8p6nk6gkk4s8yxpv409p2cwta	PENDING	PENDING	PENDING	2001000624	20.01000624	p2wpkh	6	in-band	PENDING	PENDING
bc1qg8tftny53pzekwg95446x66gfgxfl823r9xmwh	PENDING	PENDING	PENDING	2001000624	20.01000624	p2wpkh	6	in-band	PENDING	PENDING
bc1qjcg3v7xscfhmla3yeg0efavlt4yheh42mfjqv5	PENDING	PENDING	PENDING	2001000624	20.01000624	p2wpkh	6	in-band	PENDING	PENDING
bc1qla9eynctpwg4q564nx0600qejqgagz5p0n7k2m	PENDING	PENDING	PENDING	2001000624	20.01000624	p2wpkh	6	in-band	PENDING	PENDING
bc1qlg6kasc5nzct30d6lu86sczjv9hj0vqfthhjfe	PENDING	PENDING	PENDING	2001000624	20.01000624	p2wpkh	6	in-band	PENDING	PENDING
bc1qpndqc3ujakrgwdw22ygu9pde00h9g2qlmv787d	PENDING	PENDING	PENDING	2001000624	20.01000624	p2wpkh	6	in-band	PENDING	PENDING
bc1qquwvza3208kccfpy3zx2m8cplvdem4rrzqzkfq	PENDING	PENDING	PENDING	2001000624	20.01000624	p2wpkh	6	in-band	PENDING	PENDING
bc1qrgz7m4l8pfl4actv0l4wq4v5ncvgzht73x6lvm	PENDING	PENDING	PENDING	2001000624	20.01000624	p2wpkh	6	in-band	PENDING	PENDING
bc1qvv7ehga6f9cz6ns25d4kt8n07m5rgg2rfx20ta	PENDING	PENDING	PENDING	2001000624	20.01000624	p2wpkh	6	in-band	PENDING	PENDING
bc1qvygk62husck7p5kradvwdf59zlfdvcvppp3uwu	PENDING	PENDING	PENDING	2001000624	20.01000624	p2wpkh	6	in-band	PENDING	PENDING
bc1qyzrs47a7vjya3e0vz2fjnnksqx4tl2fp38waj3	PENDING	PENDING	PENDING	2001000624	20.01000624	p2wpkh	6	in-band	PENDING	PENDING
bc1qzz5z0lrrendesklmzpxgcz4gfkhh5ng48p3zg3	PENDING	PENDING	PENDING	2001000624	20.01000624	p2wpkh	6	in-band	PENDING	PENDING
bc1quyq7wxtcmwha80qgmcndeunzmcn00ts5kmhq55	PENDING	PENDING	PENDING	2001000502	20.01000502	p2wpkh	6	in-band	PENDING	PENDING
bc1qppukhq6t2h2t9xhcn2qes0gwt5h2rq4gxydgqs	PENDING	PENDING	PENDING	2001000491	20.01000491	p2wpkh	6	in-band	PENDING	PENDING
35i7tTa33MbkTebNzmTXhgLLfm15x4cwWt	PENDING	PENDING	PENDING	2001000000	20.01000000	p2sh	6	in-band	PENDING	PENDING
3AVXbFYDP185EjB1rHT48UKUUvEcJ4qEt7	PENDING	PENDING	PENDING	2001000000	20.01000000	p2sh	6	in-band	PENDING	PENDING
3NydqzjsFF7GWnmaC8MgPfwKmrW2JNUvhj	PENDING	PENDING	PENDING	2000999500	20.00999500	p2sh	6	in-band	PENDING	PENDING
329zJzyn9GomrKGKk8pQVymbCAWgn7k7tk	PENDING	PENDING	PENDING	2000999247	20.00999247	p2sh	6	in-band	PENDING	PENDING
bc1qe6dkrdjapuyanwxgadq46x3reaheuldu8y9xcu	PENDING	PENDING	PENDING	2000998648	20.00998648	p2wpkh	6	in-band	PENDING	PENDING
bc1qnqnyrkwfv3840knpm93khz6l4x2l0zzslh6y7a	PENDING	PENDING	PENDING	2000998285	20.00998285	p2wpkh	6	in-band	PENDING	PENDING
bc1q7zvqy97ja5lrnwk4anx0ae3aerktsttuj0gldl	PENDING	PENDING	PENDING	2000997624	20.00997624	p2wpkh	6	in-band	PENDING	PENDING
bc1q0t7f68tgykh0zk6jnp5yr890psarqqxadcm4h83p0f00zc4w7yeq5f6ken	PENDING	PENDING	PENDING	2000996865	20.00996865	p2wsh	6	in-band	PENDING	PENDING
bc1qxmv72pces3a8ek70juxd6z5ylfwmrj6u4zw7rc	PENDING	PENDING	PENDING	2000991824	20.00991824	p2wpkh	6	in-band	PENDING	PENDING
bc1qwzjm40xqljhywzurquff9pgll2qq8yj4x3ntzlt87sygthp0n7zqvt8s7p	PENDING	PENDING	PENDING	2000991419	20.00991419	p2wsh	6	in-band	PENDING	PENDING
bc1qqsa97yhkdpzgn6ztpdcunf0vzef6fs8yk5e646	PENDING	PENDING	PENDING	2000987954	20.00987954	p2wpkh	6	in-band	PENDING	PENDING
3M8zwBu9f6HJ66unNPuyp6ZbgFAK4M7t4R	PENDING	PENDING	PENDING	2000985000	20.00985000	p2sh	6	in-band	PENDING	PENDING
bc1q9uatv9zw0g05q8le85thkpgaqsnzyl0qwmhqkz	PENDING	PENDING	PENDING	2000981368	20.00981368	p2wpkh	6	in-band	PENDING	PENDING
3D2EFBW8EQfzmsihUHBCasyb8Lhj25xS2B	PENDING	PENDING	PENDING	2000977000	20.00977000	p2sh	6	in-band	PENDING	PENDING
bc1qdhnd3wdq9k55ugw0fya8gpqvmk5peuvewn6ya3	PENDING	PENDING	PENDING	2000974897	20.00974897	p2wpkh	6	in-band	PENDING	PENDING
bc1qglup637433hsk5qpgzk93lfg5qlghdhnn2893am2337jwn3faftsn4q7g7	PENDING	PENDING	PENDING	2000970277	20.00970277	p2wsh	6	in-band	PENDING	PENDING
3KmQaYBPR3aKc8txgTApfsirXrToTejZFW	PENDING	PENDING	PENDING	2000960000	20.00960000	p2sh	6	in-band	PENDING	PENDING
bc1pxdt2syrrl6xfhnxlz7jkrrt0gdwfkz6r7qafruefzt4h99u6metstdwymz	PENDING	PENDING	PENDING	2000951854	20.00951854	p2tr	6	in-band	PENDING	PENDING
32esQXgqWxQXWNpc8U1XfcQsQvst3u9FJ7	PENDING	PENDING	PENDING	2000950450	20.00950450	p2sh	6	in-band	PENDING	PENDING
bc1qzl82ttx3x98cwq8rrea0kaw29aj9tnnjgpguxa	PENDING	PENDING	PENDING	2000946905	20.00946905	p2wpkh	6	in-band	PENDING	PENDING
1ML9aezqfhbmiizDRvL6Zp3SzcunbSv5b7	PENDING	PENDING	PENDING	2000943078	20.00943078	p2pkh	6	in-band	PENDING	PENDING
3JM2jfwuUu4veMfUGDJiYGXJ2fRxXu5wNk	PENDING	PENDING	PENDING	2000923449	20.00923449	p2sh	6	in-band	PENDING	PENDING
3Q2XyKt5RaFywtEXtjBQwyqAxHcG9RwcVd	PENDING	PENDING	PENDING	2000904601	20.00904601	p2sh	6	in-band	PENDING	PENDING
bc1qt5sfrqju08mgv7fn83z4amhgrgeu5l4fvvtrka	PENDING	PENDING	PENDING	2000900210	20.00900210	p2wpkh	6	in-band	PENDING	PENDING
1MM5z8ipNkWbYqfpnypvS3xiNjAMSSjFvr	PENDING	PENDING	PENDING	2000893285	20.00893285	p2pkh	6	in-band	PENDING	PENDING
bc1qnpdx5vnelwjq4wtwysnsz8j7cg4x5gu9mdjy77	PENDING	PENDING	PENDING	2000892092	20.00892092	p2wpkh	6	in-band	PENDING	PENDING
bc1qcclzucc32yn57htgwd5g66y9dqrcx0auy7mmkc	PENDING	PENDING	PENDING	2000889545	20.00889545	p2wpkh	6	in-band	PENDING	PENDING
bc1qg6e97z85ap59q73zhtfhxyyav5szxeph3xqw4p	PENDING	PENDING	PENDING	2000880005	20.00880005	p2wpkh	6	in-band	PENDING	PENDING
bc1qxk7mvj55tzz8vwryyks3m0d9uvvs20ncuxy6cm	PENDING	PENDING	PENDING	2000879478	20.00879478	p2wpkh	6	in-band	PENDING	PENDING
bc1qlq7hyqwku6xkycvurw7h4df8hkhltqy3669dc3	PENDING	PENDING	PENDING	2000877408	20.00877408	p2wpkh	6	in-band	PENDING	PENDING
bc1qtxwpfe7dqy6t0c5yar3df9zjan9qnjxsv0tmyx	PENDING	PENDING	PENDING	2000822201	20.00822201	p2wpkh	6	in-band	PENDING	PENDING
3A9caqHX2LQwccWDesaa3WZsdrDp5FiDwx	PENDING	PENDING	PENDING	2000800000	20.00800000	p2sh	6	in-band	PENDING	PENDING
1AW6AGSK5JYHcevEQnSMjpYLtTc5pUee8b	PENDING	PENDING	PENDING	2000797751	20.00797751	p2pkh	6	in-band	PENDING	PENDING
bc1q48rmm4mnw3kk4ssekcxn503fcklrnkehsr7gea	PENDING	PENDING	PENDING	2000791763	20.00791763	p2wpkh	6	in-band	PENDING	PENDING
bc1qzm5uwsuqahtpxa5mmus6xwl2l6zdmp4kkknc3k	PENDING	PENDING	PENDING	2000763610	20.00763610	p2wpkh	6	in-band	PENDING	PENDING
bc1qf7979nn77mhfjml7x5srcr2u0ez25l4e0hu4jc	PENDING	PENDING	PENDING	2000751114	20.00751114	p2wpkh	6	in-band	PENDING	PENDING
bc1qdv0ge3lk4260kfy0xwfxcm07rrtp53ursmasex	PENDING	PENDING	PENDING	2000747779	20.00747779	p2wpkh	6	in-band	PENDING	PENDING
3N73zXjKdphonW1KquXF9AQ2pD3EUMLNw6	PENDING	PENDING	PENDING	2000737363	20.00737363	p2sh	6	in-band	PENDING	PENDING
bc1qt30uguwdz6jmuxj4ajsdrc6v27cpmcgl4ejtqn	PENDING	PENDING	PENDING	2000713599	20.00713599	p2wpkh	6	in-band	PENDING	PENDING
bc1qkgs6jj9xwxany0heytswz3lrhx5hsju7rdztyd8pnm0leaejf7nqlygl8c	PENDING	PENDING	PENDING	2000709430	20.00709430	p2wsh	6	in-band	PENDING	PENDING
bc1qfs9jeflj7jj9x6ctlqqxlx3un5k463waslm904	PENDING	PENDING	PENDING	2000701778	20.00701778	p2wpkh	6	in-band	PENDING	PENDING
bc1qfjk94ft0nfxcl94uah2704p0xh5t5la90nunax	PENDING	PENDING	PENDING	2000690555	20.00690555	p2wpkh	6	in-band	PENDING	PENDING
1BydYB1cFmvfvEzUv8ic2gqiUPhujyhojQ	PENDING	PENDING	PENDING	2000689510	20.00689510	p2pkh	6	in-band	PENDING	PENDING
bc1qlrlrgmj473j7d6methmkut6mzr5ag07lhwehcg	PENDING	PENDING	PENDING	2000686451	20.00686451	p2wpkh	6	in-band	PENDING	PENDING
bc1qmmnz6xxln920w96mgx2r2wp4724wklph7lcw6f	PENDING	PENDING	PENDING	2000648923	20.00648923	p2wpkh	6	in-band	PENDING	PENDING
bc1q6yqwuxkvk5gl4988gtgr2tggk4p9e50fqkxcna	PENDING	PENDING	PENDING	2000634265	20.00634265	p2wpkh	6	in-band	PENDING	PENDING
3DcAyNKVPVcEKHT6Dqd4XspMeUFZa5jCyS	PENDING	PENDING	PENDING	2000606136	20.00606136	p2sh	6	in-band	PENDING	PENDING
3B4HgYg26eaDrAZoc7rg3Eviojn2Bw5Qth	PENDING	PENDING	PENDING	2000595355	20.00595355	p2sh	6	in-band	PENDING	PENDING
bc1qgyzp60fdk6dnd4dvvj2zrjc4fdgc84vjpepflt	PENDING	PENDING	PENDING	2000590635	20.00590635	p2wpkh	6	in-band	PENDING	PENDING
3Lmgcnnn7Hf9xfRe7tgdgg1FGkmZ1V9Ppp	PENDING	PENDING	PENDING	2000590458	20.00590458	p2sh	6	in-band	PENDING	PENDING
bc1qaawpvxnnmm90zeh0crc63qfady2efcunjzx46n	PENDING	PENDING	PENDING	2000588477	20.00588477	p2wpkh	6	in-band	PENDING	PENDING
3QTkjzTfbiMw6E8EgALzE9AP4FzNJnxQmS	PENDING	PENDING	PENDING	2000580399	20.00580399	p2sh	6	in-band	PENDING	PENDING
13yimqbYT93hRXg8jSAUniSDmcDHvc1Cqe	PENDING	PENDING	PENDING	2000533226	20.00533226	p2pkh	6	in-band	PENDING	PENDING
bc1qhhend8ygym7gk4gf7yxs7q7mdgvqpt7spqz4ve	PENDING	PENDING	PENDING	2000533060	20.00533060	p2wpkh	6	in-band	PENDING	PENDING
bc1q82mzk0csc9h7m5f74crhkjtdhd74vjp6hs4pnw	PENDING	PENDING	PENDING	2000524010	20.00524010	p2wpkh	6	in-band	PENDING	PENDING
3BYqYqKGrPrGKHdLXJp1Q95y8cqzoyuhfX	PENDING	PENDING	PENDING	2000508233	20.00508233	p2sh	6	in-band	PENDING	PENDING
352LDJd41r3oRJpLzviydN34YtKXhEhvXm	PENDING	PENDING	PENDING	2000507161	20.00507161	p2sh	6	in-band	PENDING	PENDING
bc1qc5uzeuwztlmqut5s27yuspkdh8ztlxdt7kjrna	PENDING	PENDING	PENDING	2000500624	20.00500624	p2wpkh	6	in-band	PENDING	PENDING
bc1qjzcnmfgejkxedn4m7gvntuqygppv22409qd087	PENDING	PENDING	PENDING	2000500624	20.00500624	p2wpkh	6	in-band	PENDING	PENDING
bc1qkx0q5fy0kmqq2ymw53u8vgqp6kxp7fm2c6sq3e	PENDING	PENDING	PENDING	2000500624	20.00500624	p2wpkh	6	in-band	PENDING	PENDING
1BJvQZa3PTHrwgjKdfDoCVAdYBmrcVEGW6	PENDING	PENDING	PENDING	2000500000	20.00500000	p2pkh	6	in-band	PENDING	PENDING
3EEsR6bYbvGS9UxaQuox1Pmz3KmgWbuoJt	PENDING	PENDING	PENDING	2000500000	20.00500000	p2sh	6	in-band	PENDING	PENDING
bc1qzsxxkqy08ufr4363f07h2cdwrc3qr906v0y6xm	PENDING	PENDING	PENDING	2000493383	20.00493383	p2wpkh	6	in-band	PENDING	PENDING
bc1qjvx76c0tg5862xvexkf9m5mqf6ca5a82d774zc	PENDING	PENDING	PENDING	2000489089	20.00489089	p2wpkh	6	in-band	PENDING	PENDING
bc1qa3l9rlk5avll7hgnp9pmm0je20w969tmg3kwgm	PENDING	PENDING	PENDING	2000467230	20.00467230	p2wpkh	6	in-band	PENDING	PENDING
bc1qnhv954hdts7qdr8g5s8kwxjag5q68spphhv5rl	PENDING	PENDING	PENDING	2000442622	20.00442622	p2wpkh	6	in-band	PENDING	PENDING
bc1qhe0m7e8paym0sg234rwfpj6xn6y644vcvljgqu	PENDING	PENDING	PENDING	2000430624	20.00430624	p2wpkh	6	in-band	PENDING	PENDING
bc1qt966trk5m6trm22ay4ehlhh6w7h4mu5wwy0c4l	PENDING	PENDING	PENDING	2000400624	20.00400624	p2wpkh	6	in-band	PENDING	PENDING
bc1q2u9hmkgqd33hthsutaytxw4vvwf0c4ryc27vkt	PENDING	PENDING	PENDING	2000384327	20.00384327	p2wpkh	6	in-band	PENDING	PENDING
3QPJKbag7vxFZWDNhYH4et1b1hc1BHL8dP	PENDING	PENDING	PENDING	2000341800	20.00341800	p2sh	6	in-band	PENDING	PENDING
bc1qgc7tq7z9cnv2ll8h4528sp8hh8msgrd4aaews7	PENDING	PENDING	PENDING	2000314214	20.00314214	p2wpkh	6	in-band	PENDING	PENDING
bc1qunntpxwe8rrjxs7ve36mss48r03d2ca75rg7mp	PENDING	PENDING	PENDING	2000309031	20.00309031	p2wpkh	6	in-band	PENDING	PENDING
bc1qdhf0ndgsyrx466jgxdt3ahvjckpf0t3zrf95p2	PENDING	PENDING	PENDING	2000300624	20.00300624	p2wpkh	6	in-band	PENDING	PENDING
bc1qhadr5y2w2l56zg29hrdhs4l5tqgqn7h9f77yj5	PENDING	PENDING	PENDING	2000300624	20.00300624	p2wpkh	6	in-band	PENDING	PENDING
36y7GRBAbSD3ph314XZtTDwACY7B2oH1tf	PENDING	PENDING	PENDING	2000298660	20.00298660	p2sh	6	in-band	PENDING	PENDING
15LmLdCfChbCwdBZXt6fZeXS2wLFip9kCn	PENDING	PENDING	PENDING	2000289245	20.00289245	p2pkh	6	in-band	PENDING	PENDING
bc1qacscpwd0j4l50tmxxhele5cyq52yzpvpht70u4	PENDING	PENDING	PENDING	2000288624	20.00288624	p2wpkh	6	in-band	PENDING	PENDING
bc1q5xwmfmr90v9xz8wxnqd5ndrlyjjlm63xqm4jk2	PENDING	PENDING	PENDING	2000281717	20.00281717	p2wpkh	6	in-band	PENDING	PENDING
1Li8c3kNLtXS58yMcVi3mUomHH2emWG6QY	PENDING	PENDING	PENDING	2000276974	20.00276974	p2pkh	6	in-band	PENDING	PENDING
bc1qwxgwpr3j98xk890cz2v4qrnz2vqncyk2gaaqj2	PENDING	PENDING	PENDING	2000267853	20.00267853	p2wpkh	6	in-band	PENDING	PENDING
bc1qnkhhpsxf0ad0fqmdzc3xtsyltrzpldy29pv87u	PENDING	PENDING	PENDING	2000263703	20.00263703	p2wpkh	6	in-band	PENDING	PENDING
bc1qcn5nfv8vj6fr06x4xz04l4mknz8nd6cp7xvhul	PENDING	PENDING	PENDING	2000241902	20.00241902	p2wpkh	6	in-band	PENDING	PENDING
3HQnykzWazkuHWipuYaF4bmdAmwJtxBmSb	PENDING	PENDING	PENDING	2000240315	20.00240315	p2sh	6	in-band	PENDING	PENDING
33MEYWEDAuAC49BHfrwXx9CJsVAkx8b94d	PENDING	PENDING	PENDING	2000222000	20.00222000	p2sh	6	in-band	PENDING	PENDING
1PH6A42UXMsdfKrQMPi5Hi1o6o24FPitS7	PENDING	PENDING	PENDING	2000204358	20.00204358	p2pkh	6	in-band	PENDING	PENDING
bc1qaxyju6n2x2tednv8e7hgnhnz44vrfcmuhjxpfk	PENDING	PENDING	PENDING	2000200954	20.00200954	p2wpkh	6	in-band	PENDING	PENDING
12gD9dUthrRhmRvCLm7wGYWx34y37XGseV	PENDING	PENDING	PENDING	2000200194	20.00200194	p2pkh	6	in-band	PENDING	PENDING
bc1qjlr5kd8azrfvv90v64jfj0gtessyqlx58ua8ts	PENDING	PENDING	PENDING	2000192299	20.00192299	p2wpkh	6	in-band	PENDING	PENDING
bc1q5r9g50deysvrua6xa54gp3e7c53en4p6m0mv0m	PENDING	PENDING	PENDING	2000189298	20.00189298	p2wpkh	6	in-band	PENDING	PENDING
bc1qtst6cu00vwfakx7muzhtelcnyxk40hltl4ydzt	PENDING	PENDING	PENDING	2000180624	20.00180624	p2wpkh	6	in-band	PENDING	PENDING
1AZheeAv5Z7npxCrMrLzQFQB7FUdUagvdf	PENDING	PENDING	PENDING	2000175364	20.00175364	p2pkh	6	in-band	PENDING	PENDING
1JdmTToaURk1aPudQWeqTBbJgbcvGtcYir	PENDING	PENDING	PENDING	2000169030	20.00169030	p2pkh	6	in-band	PENDING	PENDING
3JxfUC2aJJ43DNgdFCpjU9HbVRhssLjZio	PENDING	PENDING	PENDING	2000154799	20.00154799	p2sh	6	in-band	PENDING	PENDING
bc1qnjxnsqrs8uzu3r4vcqvwcyleaaunjm6h5vq5sf	PENDING	PENDING	PENDING	2000152624	20.00152624	p2wpkh	6	in-band	PENDING	PENDING
bc1q6rgdr0zydmu2yeqtn2krm7jkpgvd82smj7w740	PENDING	PENDING	PENDING	2000150624	20.00150624	p2wpkh	6	in-band	PENDING	PENDING
39cbXX9AMi1cJ2RhNim7x7uqvsgX7cLTXq	PENDING	PENDING	PENDING	2000142295	20.00142295	p2sh	6	in-band	PENDING	PENDING
bc1q3jd5dfa9j3h5dej5h9sd8a6g40an2em848at5j	PENDING	PENDING	PENDING	2000140624	20.00140624	p2wpkh	6	in-band	PENDING	PENDING
bc1qzmad5q5p2llm3rp8e5t5lqgqf9cterlasseu3z	PENDING	PENDING	PENDING	2000117723	20.00117723	p2wpkh	6	in-band	PENDING	PENDING
3ET6dMFNqAmSGWto7fw4V77XUFjtttpBeh	PENDING	PENDING	PENDING	2000109367	20.00109367	p2sh	6	in-band	PENDING	PENDING
bc1qq86xh505tec2vpnzagha4vw3kvuh547ac2gss4	PENDING	PENDING	PENDING	2000104205	20.00104205	p2wpkh	6	in-band	PENDING	PENDING
bc1qjjzpjwtn3mskk7m8ek3cptxzftmwq8d9j9pv2mrkfkwk8mm0zdusnflpxe	PENDING	PENDING	PENDING	2000100684	20.00100684	p2wsh	6	in-band	PENDING	PENDING
bc1q2fwsjxdve4yz4sqpc5hy5wfn9cn6huhav9w38s	PENDING	PENDING	PENDING	2000100624	20.00100624	p2wpkh	6	in-band	PENDING	PENDING
bc1q386d9g0tqghg7pxkpscsskgh55jhcgfgvnfgzf	PENDING	PENDING	PENDING	2000100624	20.00100624	p2wpkh	6	in-band	PENDING	PENDING
bc1q83xausnw36668e9uj954ejks5rhx58qtukd62w	PENDING	PENDING	PENDING	2000100624	20.00100624	p2wpkh	6	in-band	PENDING	PENDING
bc1qctklhfmmev8qxra4c4rdmkue600pentkg2esk2	PENDING	PENDING	PENDING	2000100624	20.00100624	p2wpkh	6	in-band	PENDING	PENDING
bc1qjnmw08p4wsgrx8pvxkgvxpv5g2t90x00c7pvj0	PENDING	PENDING	PENDING	2000100624	20.00100624	p2wpkh	6	in-band	PENDING	PENDING
bc1qm6mzu2rrnadpj6pnx2pd9n9kf9ms89d483jd90	PENDING	PENDING	PENDING	2000100624	20.00100624	p2wpkh	6	in-band	PENDING	PENDING
bc1qn08aeq7m8y9emxw8ct7n636r94jzlqwjv09nnl	PENDING	PENDING	PENDING	2000100624	20.00100624	p2wpkh	6	in-band	PENDING	PENDING
bc1qqd2fhtswwy79t823lku64dcvufwle8shjxcmec	PENDING	PENDING	PENDING	2000100624	20.00100624	p2wpkh	6	in-band	PENDING	PENDING
bc1qrkls7vgnjtxn7270tzyz2wk5wtnjzrsxz295jv	PENDING	PENDING	PENDING	2000100624	20.00100624	p2wpkh	6	in-band	PENDING	PENDING
bc1qu79ct7lzz0jsu0ekvhssswg7q2zc4sdaywkvku	PENDING	PENDING	PENDING	2000100624	20.00100624	p2wpkh	6	in-band	PENDING	PENDING
bc1qvrf038snckry6e7plty64alhl0vy95fsg98nll	PENDING	PENDING	PENDING	2000100624	20.00100624	p2wpkh	6	in-band	PENDING	PENDING
bc1qwxy7d5qy9hfrhsncmx8hks32kvaq007ssj899x	PENDING	PENDING	PENDING	2000100404	20.00100404	p2wpkh	6	in-band	PENDING	PENDING
1JXt96as32d5vmcuVAhKZk2dDe7Hm8AR3N	PENDING	PENDING	PENDING	2000100000	20.00100000	p2pkh	6	in-band	PENDING	PENDING
39YKSjm2LY63Cq9oHq9zC6XnyUsa7LJ3fz	PENDING	PENDING	PENDING	2000100000	20.00100000	p2sh	6	in-band	PENDING	PENDING
3DBrTJWkjLVcmWgw3cHccgqHrzFk7XxxS4	PENDING	PENDING	PENDING	2000100000	20.00100000	p2sh	6	in-band	PENDING	PENDING
3DE3ra4tgFnJEXLQRNJE3SGEQrpHHU6pzD	PENDING	PENDING	PENDING	2000100000	20.00100000	p2sh	6	in-band	PENDING	PENDING
3KuYh7j3QGGJHGi5xMqp9fitwAtNv7tCjV	PENDING	PENDING	PENDING	2000100000	20.00100000	p2sh	6	in-band	PENDING	PENDING
32gnrwjPT8TGycBVA5B4jYVesSqVr1HkzU	PENDING	PENDING	PENDING	2000098280	20.00098280	p2sh	6	in-band	PENDING	PENDING
39USWUtnkVXFkLxpxqXzHCfJJsVYasFSMG	PENDING	PENDING	PENDING	2000096877	20.00096877	p2sh	6	in-band	PENDING	PENDING
bc1qsllmr50hms6e3qu9ppmxuur4j97gmve4kdy74h	PENDING	PENDING	PENDING	2000089551	20.00089551	p2wpkh	6	in-band	PENDING	PENDING
3BivQKmBveLGcLb2cFjAi594JwwraZZh8Z	PENDING	PENDING	PENDING	2000087158	20.00087158	p2sh	6	in-band	PENDING	PENDING
16eZ2NYPH5YfRwLMFChmHDCtmZaQbqkjTS	PENDING	PENDING	PENDING	2000085840	20.00085840	p2pkh	6	in-band	PENDING	PENDING
bc1q8anz7vcw0vfsdmkac0vtp4a5svgqxhrmz3gjx2	PENDING	PENDING	PENDING	2000082624	20.00082624	p2wpkh	6	in-band	PENDING	PENDING
bc1pc9lfyzz2tkwjq05l8njfc6fedjkqzpze58khtqnjslhgvlz0978s69wzru	PENDING	PENDING	PENDING	2000078902	20.00078902	p2tr	6	in-band	PENDING	PENDING
39pe7BZnsvmX8s2MnHGcnC49HKYUohAwhr	PENDING	PENDING	PENDING	2000069701	20.00069701	p2sh	6	in-band	PENDING	PENDING
bc1qgf20ct3t7u7sqfhw2w7smdwse6spljvmyafc0d	PENDING	PENDING	PENDING	2000069300	20.00069300	p2wpkh	6	in-band	PENDING	PENDING
37ZuCqNKd62FwGhbzk8Wwm9SLTN4YxLUrG	PENDING	PENDING	PENDING	2000068941	20.00068941	p2sh	6	in-band	PENDING	PENDING
bc1q3kjt5kx4rd8kgyqzjz5duuswj2lqkm4q9fpx4m	PENDING	PENDING	PENDING	2000060526	20.00060526	p2wpkh	6	in-band	PENDING	PENDING
1EueePNKcRa4W4ZxHVx3uGsYqnXCnMiYiF	PENDING	PENDING	PENDING	2000060492	20.00060492	p2pkh	6	in-band	PENDING	PENDING
bc1q48haenekark6pn92v422pyuxkw5fq69aagvmzg	PENDING	PENDING	PENDING	2000060336	20.00060336	p2wpkh	6	in-band	PENDING	PENDING
3HBB4sbvixRKbkGtfbaEKMdmznanM3gC3T	PENDING	PENDING	PENDING	2000059780	20.00059780	p2sh	6	in-band	PENDING	PENDING
bc1qdfagzz75lrccpv59ljxt542h0p0pdufntmvds6	PENDING	PENDING	PENDING	2000059227	20.00059227	p2wpkh	6	in-band	PENDING	PENDING
bc1q57dztd4fyrv9ymkhy3nw9yse45lr4gj274ldn9	PENDING	PENDING	PENDING	2000057659	20.00057659	p2wpkh	6	in-band	PENDING	PENDING
35RQjt19GcKLJEHEJhhcM9UceVfccRozz7	PENDING	PENDING	PENDING	2000052308	20.00052308	p2sh	6	in-band	PENDING	PENDING
bc1qw64h9xrp8r6kzgv7n27sgxy2z6z3ns7q96z8v5xfu9ysw6athatswv3qaj	PENDING	PENDING	PENDING	2000051549	20.00051549	p2wsh	6	in-band	PENDING	PENDING
3CtiUSrRGUA8V6ww2d4ycWmsfSMhFkKcoU	PENDING	PENDING	PENDING	2000051142	20.00051142	p2sh	6	in-band	PENDING	PENDING
bc1q4938nwgva9ypwsrg5luju632n644zfnfjlant6	PENDING	PENDING	PENDING	2000050594	20.00050594	p2wpkh	6	in-band	PENDING	PENDING
36j9zYp6c2Z5MpHYDEoT39xJngk6f6w7DP	PENDING	PENDING	PENDING	2000049542	20.00049542	p2sh	6	in-band	PENDING	PENDING
3C4fTjFwDPNyqJMVBvQzGJjt4Wq15dDBbq	PENDING	PENDING	PENDING	2000045433	20.00045433	p2sh	6	in-band	PENDING	PENDING
bc1qhxja4pkyl0dx5arc9zmr8urdxegqcak6dl4a5g	PENDING	PENDING	PENDING	2000044983	20.00044983	p2wpkh	6	in-band	PENDING	PENDING
bc1qmt5hun04zufsrxq90ed3cmul0r26xl3e553ane0pw9x2j3myes0qp4k09u	PENDING	PENDING	PENDING	2000042330	20.00042330	p2wsh	6	in-band	PENDING	PENDING
bc1ql8pnpsxga2xsk533ufjunvevuryz78afuc4ryl	PENDING	PENDING	PENDING	2000040624	20.00040624	p2wpkh	6	in-band	PENDING	PENDING
1HiJAvih8LuJVKGvG1DLTsdsaZigdXRrAo	PENDING	PENDING	PENDING	2000032192	20.00032192	p2pkh	6	in-band	PENDING	PENDING
3GzAux2zbdz7ehskq9wsQRUmDT2PCvCuho	PENDING	PENDING	PENDING	2000031654	20.00031654	p2sh	6	in-band	PENDING	PENDING
bc1qnsmcs77jl3myr56qedlwyk5w0jj06p58g4krk4	PENDING	PENDING	PENDING	2000030624	20.00030624	p2wpkh	6	in-band	PENDING	PENDING
1MCnDTAoDsLmHcyuT66mzQTc73V4AA6zPs	PENDING	PENDING	PENDING	2000030000	20.00030000	p2pkh	6	in-band	PENDING	PENDING
bc1q9xd7a0qr40wqz427k7whp87phn9rw6t76suyvv	PENDING	PENDING	PENDING	2000029188	20.00029188	p2wpkh	6	in-band	PENDING	PENDING
bc1qer4gd67fggcnrx776p4e7p03e9jcv6hs3nulmv	PENDING	PENDING	PENDING	2000029154	20.00029154	p2wpkh	6	in-band	PENDING	PENDING
152djbesvswkQcQ3YaCygVV9R4PTJieir9	PENDING	PENDING	PENDING	2000029000	20.00029000	p2pkh	6	in-band	PENDING	PENDING
17D6Cax668tSz5u6xneKrmUds91bNov6Rc	PENDING	PENDING	PENDING	2000029000	20.00029000	p2pkh	6	in-band	PENDING	PENDING
1DcKCKLgo3t36gGxaVEkfzQsnzfPpiSFVe	PENDING	PENDING	PENDING	2000029000	20.00029000	p2pkh	6	in-band	PENDING	PENDING
1FAjrPBw9m9c1sooX54Bi2mHhQwnHq2WS2	PENDING	PENDING	PENDING	2000029000	20.00029000	p2pkh	6	in-band	PENDING	PENDING
1FbDtVyn5D6oMQUASFGFYxWiFvgFyW4YM4	PENDING	PENDING	PENDING	2000029000	20.00029000	p2pkh	6	in-band	PENDING	PENDING
1Gb47ZPouUtd9YKtMHHMRNTBSP4AQNXtpJ	PENDING	PENDING	PENDING	2000029000	20.00029000	p2pkh	6	in-band	PENDING	PENDING
1GudnJgZ7ah1jW8Au9m2SUa5fQ9k6WVUHG	PENDING	PENDING	PENDING	2000029000	20.00029000	p2pkh	6	in-band	PENDING	PENDING
1GufW7A54yvdqw9bAby2NQSTZvMLeiLJo7	PENDING	PENDING	PENDING	2000029000	20.00029000	p2pkh	6	in-band	PENDING	PENDING
1H5TDW7YViG7eTnAKi6TZySJ4mDdvio6fi	PENDING	PENDING	PENDING	2000029000	20.00029000	p2pkh	6	in-band	PENDING	PENDING
1JQPVrDonXdKRXVW1mniQ6d12nDnwcriih	PENDING	PENDING	PENDING	2000029000	20.00029000	p2pkh	6	in-band	PENDING	PENDING
1NRbAJKYUcmQDWTYQgEkWvJMofbPYX7qmF	PENDING	PENDING	PENDING	2000029000	20.00029000	p2pkh	6	in-band	PENDING	PENDING
bc1q2wlfl5h02q2xcl95n82zdextqpevepzkpum5u8	PENDING	PENDING	PENDING	2000025624	20.00025624	p2wpkh	6	in-band	PENDING	PENDING
1Ju1tzLjDgWHrfTaHwk9zWytLR9fDYcGui	PENDING	PENDING	PENDING	2000025000	20.00025000	p2pkh	6	in-band	PENDING	PENDING
1LUgheb5eoSsUwsnecJBt3jhFRYTAcT98Q	PENDING	PENDING	PENDING	2000025000	20.00025000	p2pkh	6	in-band	PENDING	PENDING
1MP5KMv73PUQfk5DCxNwgt4Hed6xG2phU4	PENDING	PENDING	PENDING	2000025000	20.00025000	p2pkh	6	in-band	PENDING	PENDING
1NQtMaPj7tg5LwXHgiG86EpMSkUxUUpbRx	PENDING	PENDING	PENDING	2000025000	20.00025000	p2pkh	6	in-band	PENDING	PENDING
1PQVzJp5h38Ftk2hzAaM8s8axpsFCY8gwU	PENDING	PENDING	PENDING	2000025000	20.00025000	p2pkh	6	in-band	PENDING	PENDING
1Pv8vChzMNKWFDpuhsTAow1DBbakcEYWTZ	PENDING	PENDING	PENDING	2000025000	20.00025000	p2pkh	6	in-band	PENDING	PENDING
1QG6YNE2NWq99V2QDSzPi373ozhSzZrCg2	PENDING	PENDING	PENDING	2000025000	20.00025000	p2pkh	6	in-band	PENDING	PENDING
12dbzw1raNdXdnSshFYEptReULKjPQuGrD	PENDING	PENDING	PENDING	2000024000	20.00024000	p2pkh	6	in-band	PENDING	PENDING
19GGhdG9DA8JzgYq8Ex9SXAkoDW1CnLw1W	PENDING	PENDING	PENDING	2000024000	20.00024000	p2pkh	6	in-band	PENDING	PENDING
1Lwmjx3a7Ada6qJNn44BeenxYKornzHjhY	PENDING	PENDING	PENDING	2000024000	20.00024000	p2pkh	6	in-band	PENDING	PENDING
bc1q0rqvn6tpx6x2d074rpx503nxt7fzys94h8aq4x	PENDING	PENDING	PENDING	2000023717	20.00023717	p2wpkh	6	in-band	PENDING	PENDING
1HN1AuCZ3mHKKToFVxEfPJbdabVmfyzRMH	PENDING	PENDING	PENDING	2000023000	20.00023000	p2pkh	6	in-band	PENDING	PENDING
1JTXa1C8kVernJuJZaNnXKaDi3i8utC2jH	PENDING	PENDING	PENDING	2000023000	20.00023000	p2pkh	6	in-band	PENDING	PENDING
bc1q08eagq6wwd6s4jxppx29nmvkjemu788n5rwgxn	PENDING	PENDING	PENDING	2000022522	20.00022522	p2wpkh	6	in-band	PENDING	PENDING
bc1q5ul58l008srnz0dctx5x3gu8szqyf2uawl2fq2	PENDING	PENDING	PENDING	2000020624	20.00020624	p2wpkh	6	in-band	PENDING	PENDING
1FRFWkruPB5mbL385zgBLhABUerJCiAJQA	PENDING	PENDING	PENDING	2000020000	20.00020000	p2pkh	6	in-band	PENDING	PENDING
1N6h1oGgAFpovSk5DRuj86cguGk16gEY26	PENDING	PENDING	PENDING	2000020000	20.00020000	p2pkh	6	in-band	PENDING	PENDING
1seWkZtejsXczx62NErwh31ybxW3EQgvC	PENDING	PENDING	PENDING	2000020000	20.00020000	p2pkh	6	in-band	PENDING	PENDING
bc1qlza6v93rxe8lsdwh3fhn04pp65wxlphcl372ku	PENDING	PENDING	PENDING	2000019347	20.00019347	p2wpkh	6	in-band	PENDING	PENDING
bc1q9mgwstad6zy5c87qyw3dmzral55lha94fp4rl0	PENDING	PENDING	PENDING	2000019140	20.00019140	p2wpkh	6	in-band	PENDING	PENDING
bc1p4uhtn6nt3737yn8u3lsnnayeas0ldv3wvha9lepjusa5hr35897qnxu4ww	PENDING	PENDING	PENDING	2000017797	20.00017797	p2tr	6	in-band	PENDING	PENDING
bc1qxmrvtc0trqs4mh3teg4mx9rgsd4ue9cspvmlzy	PENDING	PENDING	PENDING	2000017690	20.00017690	p2wpkh	6	in-band	PENDING	PENDING
35ko4ob5KigSQKz5y2j7Y6fTPdoeR1gECF	PENDING	PENDING	PENDING	2000015536	20.00015536	p2sh	6	in-band	PENDING	PENDING
bc1qdvrnfgrmmshnr246l0mwcpsg92c3hw3095dqzaanupfalv77q9gshmntuj	PENDING	PENDING	PENDING	2000014975	20.00014975	p2wsh	6	in-band	PENDING	PENDING
bc1qyd234lr9s83eeym2c7fk8tcd40l6j0tvh9ut5u	PENDING	PENDING	PENDING	2000014314	20.00014314	p2wpkh	6	in-band	PENDING	PENDING
bc1q85kwejxsellycmpe50wrc02s79xkc9wdvfcag9	PENDING	PENDING	PENDING	2000011884	20.00011884	p2wpkh	6	in-band	PENDING	PENDING
bc1q0j3r84qyxs5u50z4kc7e2zq0dak76a0lhv3rag	PENDING	PENDING	PENDING	2000011876	20.00011876	p2wpkh	6	in-band	PENDING	PENDING
bc1q36a8zdkxdpa6lf6gmpq9t4pjweyxunmxqfd4z7	PENDING	PENDING	PENDING	2000010954	20.00010954	p2wpkh	6	in-band	PENDING	PENDING
bc1qa2glj6sq57qa6hxwd3zwtvnm0e845tewtv82td	PENDING	PENDING	PENDING	2000010954	20.00010954	p2wpkh	6	in-band	PENDING	PENDING
bc1qaradrs5z4mkyu4katvf7m6dtnguwlzzkhqjjhp	PENDING	PENDING	PENDING	2000010624	20.00010624	p2wpkh	6	in-band	PENDING	PENDING
bc1qy0xl2zzmgl67zrg8f8lurvnh2nxa6f3cr67kuf	PENDING	PENDING	PENDING	2000010624	20.00010624	p2wpkh	6	in-band	PENDING	PENDING
129Rvz8vSt9KaMK8TitkVcjdaEBnGkXwfU	PENDING	PENDING	PENDING	2000010600	20.00010600	p2pkh	6	in-band	PENDING	PENDING
bc1qsaqftf2qxy0ayudmrf3pl8ky699rf7c5aq6hwh	PENDING	PENDING	PENDING	2000010458	20.00010458	p2wpkh	6	in-band	PENDING	PENDING
bc1pgx5u7e95nrme0gmj53j0qvfs8fe90jpalf2ww54qyurzmy279exqdvjyjg	PENDING	PENDING	PENDING	2000010330	20.00010330	p2tr	6	in-band	PENDING	PENDING
bc1qmmy83dhn0hrjdts0s6ufhsq9d3s0dwkxjedtljy9whk3teumqyvqwvt30c	PENDING	PENDING	PENDING	2000010330	20.00010330	p2wsh	6	in-band	PENDING	PENDING
1ApjiVXiK7BX33fcFvabhWq2QQ86nkX8QW	PENDING	PENDING	PENDING	2000010000	20.00010000	p2pkh	6	in-band	PENDING	PENDING
1BHFZQjfqZrMRY9zAFfK668bQKgRt26YAC	PENDING	PENDING	PENDING	2000010000	20.00010000	p2pkh	6	in-band	PENDING	PENDING
1BNmWCu2K4LqrkKmSYAD1UokWYiZF6HwEv	PENDING	PENDING	PENDING	2000010000	20.00010000	p2pkh	6	in-band	PENDING	PENDING
1Ho6Dd37nAMmqhzHvzEK1RhQPdVJgvkE98	PENDING	PENDING	PENDING	2000010000	20.00010000	p2pkh	6	in-band	PENDING	PENDING
bc1qfeqwz37f8yh2476vmyjyf54cptcfuhgwptznqq	PENDING	PENDING	PENDING	2000009244	20.00009244	p2wpkh	6	in-band	PENDING	PENDING
3Erz5di29bZ5dbbQAS5tMxRkFw5X3Nujmq	PENDING	PENDING	PENDING	2000009200	20.00009200	p2sh	6	in-band	PENDING	PENDING
3HZ7BAJRg6UfHS96VwLfo4QbWkw3PJ1vKn	PENDING	PENDING	PENDING	2000008742	20.00008742	p2sh	6	in-band	PENDING	PENDING
bc1qcx7km24a0vfealt7xvpq6qkkge6spwadhawlzh	PENDING	PENDING	PENDING	2000008703	20.00008703	p2wpkh	6	in-band	PENDING	PENDING
bc1qxqeg30hv73vv2xduah9xg2ry0qsr49kd7f26xw	PENDING	PENDING	PENDING	2000007720	20.00007720	p2wpkh	6	in-band	PENDING	PENDING
bc1qehq2qu8jtxjv5a7036dvt4hmv7mj07r8ejcy8v	PENDING	PENDING	PENDING	2000007664	20.00007664	p2wpkh	6	in-band	PENDING	PENDING
3HLnvMdJrHrE4zggtfJ2YuEkAUs5m6Lf5z	PENDING	PENDING	PENDING	2000007532	20.00007532	p2sh	6	in-band	PENDING	PENDING
bc1q2zfju4nkzclgwt7u2y5zcaj306nx2aehcznmsa	PENDING	PENDING	PENDING	2000007305	20.00007305	p2wpkh	6	in-band	PENDING	PENDING
bc1qkdcpjqgtgqhflcfl5wlvxsfyx0gynezepav8r5	PENDING	PENDING	PENDING	2000005624	20.00005624	p2wpkh	6	in-band	PENDING	PENDING
bc1qgn3lsh6mzgw728uf368t09ldn3yrehlm946rvr	PENDING	PENDING	PENDING	2000005411	20.00005411	p2wpkh	6	in-band	PENDING	PENDING
bc1p6svyeemdnd3es93rv0vhwty9nmam8qw8mmu62hmzw0f2kh86ccqq527ms2	PENDING	PENDING	PENDING	2000005135	20.00005135	p2tr	6	in-band	PENDING	PENDING
bc1q2n704q6waz57lmpkmqcravfxxyu83jdjpp964r	PENDING	PENDING	PENDING	2000004347	20.00004347	p2wpkh	6	in-band	PENDING	PENDING
bc1q00n0ye0qkvxzgxmn2am8d0h0zukeryjkjg4nhl	PENDING	PENDING	PENDING	2000003624	20.00003624	p2wpkh	6	in-band	PENDING	PENDING
bc1q358a3ssscdznmsw939ks0tcyrx4eefnr0g3wzn	PENDING	PENDING	PENDING	2000003493	20.00003493	p2wpkh	6	in-band	PENDING	PENDING
bc1qvhynvng8ummcem7z0lgkhcvawk56yzpcz5v6tz	PENDING	PENDING	PENDING	2000002964	20.00002964	p2wpkh	6	in-band	PENDING	PENDING
bc1qg8s9xepjss0h0xj8pgrcfwp54zlk52h764agtx	PENDING	PENDING	PENDING	2000002340	20.00002340	p2wpkh	6	in-band	PENDING	PENDING
bc1q4245nt2g94xmfpkd7fqgy8eqzz9dm99rg4l22w	PENDING	PENDING	PENDING	2000002046	20.00002046	p2wpkh	6	in-band	PENDING	PENDING
bc1qmjn8qa4ppywrahzqx2hyz4gtv86r3c2wnusvzz	PENDING	PENDING	PENDING	2000002046	20.00002046	p2wpkh	6	in-band	PENDING	PENDING
bc1q5khh0c72l8m57f0k9cnnsh5kxjk8cvn57fkcse	PENDING	PENDING	PENDING	2000001828	20.00001828	p2wpkh	6	in-band	PENDING	PENDING
3QGhgN5z5jastSvwsFFHkjFfs7yWdTzs5C	PENDING	PENDING	PENDING	2000001692	20.00001692	p2sh	6	in-band	PENDING	PENDING
bc1q02vuv3zhpj6as3a8mc0ysskmqwk6klw55yen9n	PENDING	PENDING	PENDING	2000001624	20.00001624	p2wpkh	6	in-band	PENDING	PENDING
bc1qkq2d8wd6ku2lfw944w0lxvyfxlvffwd0r0g6sc	PENDING	PENDING	PENDING	2000001624	20.00001624	p2wpkh	6	in-band	PENDING	PENDING
bc1qu83efxqm995kv2ulnusfds9lruesws6c5yxlnw	PENDING	PENDING	PENDING	2000001624	20.00001624	p2wpkh	6	in-band	PENDING	PENDING
bc1qyrmsdqt2j7awpuc3mcq3jzmuu66dc7walwth3l	PENDING	PENDING	PENDING	2000001624	20.00001624	p2wpkh	6	in-band	PENDING	PENDING
3NRVSnCrd57RmxK5GqUJQzDNEC8S8kAQUZ	PENDING	PENDING	PENDING	2000001434	20.00001434	p2sh	6	in-band	PENDING	PENDING
3DRAuzU5dQy53dkPkMG6Qj1GKPRuU7Q6xL	PENDING	PENDING	PENDING	2000001433	20.00001433	p2sh	6	in-band	PENDING	PENDING
bc1qtfcuz7n6mq37gx5l636n672q09jsat7dqm96sa	PENDING	PENDING	PENDING	2000001357	20.00001357	p2wpkh	6	in-band	PENDING	PENDING
bc1qy0xjjgm4fk9kl227mwq8fap8q30h7plhe8der5	PENDING	PENDING	PENDING	2000001338	20.00001338	p2wpkh	6	in-band	PENDING	PENDING
bc1pwppelpn4f36jv6prpk55kc9myrqlqzhcpd6f778nu984aefhsussfd8z63	PENDING	PENDING	PENDING	2000001330	20.00001330	p2tr	6	in-band	PENDING	PENDING
bc1qxl8ujgum06xd8dwyetvch3pel8kafkxsx2h6cp	PENDING	PENDING	PENDING	2000001324	20.00001324	p2wpkh	6	in-band	PENDING	PENDING
bc1q7lnrcjj70ztpfvw374xc8jnyfekq99y4uczc0v	PENDING	PENDING	PENDING	2000001020	20.00001020	p2wpkh	6	in-band	PENDING	PENDING
3E75eyMsKwDYvuYr1BEt8u8VfJw74sYqHS	PENDING	PENDING	PENDING	2000001000	20.00001000	p2sh	6	in-band	PENDING	PENDING
bc1q2u4ar5vrnhc6x7j0c3lz6kc4cegd7rx9nurzhs	PENDING	PENDING	PENDING	2000000954	20.00000954	p2wpkh	6	in-band	PENDING	PENDING
bc1qayef23xsy4mvufe5587admy8k9uzm0vwz4y3md	PENDING	PENDING	PENDING	2000000954	20.00000954	p2wpkh	6	in-band	PENDING	PENDING
bc1qdfy3am40667jr8wvlxrcjvv8rs42np55tpu467	PENDING	PENDING	PENDING	2000000954	20.00000954	p2wpkh	6	in-band	PENDING	PENDING
bc1q6ss28ujw3yxpxkfndfkzpndlwl83mruq6mn209	PENDING	PENDING	PENDING	2000000769	20.00000769	p2wpkh	6	in-band	PENDING	PENDING
bc1psn3mwnu9dwlcs5uyz358uyc30gu2epunnsylfmz6pkmpzcsf9ryqxefjj2	PENDING	PENDING	PENDING	2000000660	20.00000660	p2tr	6	in-band	PENDING	PENDING
bc1q42gvfyr4urt5lcf25p3xyzdf048084hdagwh7g	PENDING	PENDING	PENDING	2000000660	20.00000660	p2wpkh	6	in-band	PENDING	PENDING
bc1qa8kgdfehap276w6xfw4mm3z9fvqz9ucrgp40kv	PENDING	PENDING	PENDING	2000000660	20.00000660	p2wpkh	6	in-band	PENDING	PENDING
bc1qhkuza8cvczhfrz9r0q08c2yvus9ast6syf24g7	PENDING	PENDING	PENDING	2000000660	20.00000660	p2wpkh	6	in-band	PENDING	PENDING
bc1qm99sxkzzqlmz2qwchvfas9c0jjd3pmljc9j4tw	PENDING	PENDING	PENDING	2000000660	20.00000660	p2wpkh	6	in-band	PENDING	PENDING
bc1qx99qtkpaazme3qdkmlug6vyex79m5xdu7ljeu2	PENDING	PENDING	PENDING	2000000660	20.00000660	p2wpkh	6	in-band	PENDING	PENDING
bc1q06lr4datqf4cg9nk24jpxgz23aknce4y902kum	PENDING	PENDING	PENDING	2000000646	20.00000646	p2wpkh	6	in-band	PENDING	PENDING
bc1q75qpwlhuhsrl6n037znqrw3q2u9e2886g5kmdq	PENDING	PENDING	PENDING	2000000625	20.00000625	p2wpkh	6	in-band	PENDING	PENDING
bc1q0247vpx4t2h3jlzj9f9wmln02wkfs62algr7kq	PENDING	PENDING	PENDING	2000000624	20.00000624	p2wpkh	6	in-band	PENDING	PENDING
bc1q07tn9a48d4kk7a04fxqlqn7gw4ddurprgylgrd	PENDING	PENDING	PENDING	2000000624	20.00000624	p2wpkh	6	in-band	PENDING	PENDING
bc1q0854n0h5s09szcf89ug7emldlnu920mm85sud2	PENDING	PENDING	PENDING	2000000624	20.00000624	p2wpkh	6	in-band	PENDING	PENDING
bc1q08a7w2v2c4sfv53mldrrztq9j5xwfqmsn85hfk	PENDING	PENDING	PENDING	2000000624	20.00000624	p2wpkh	6	in-band	PENDING	PENDING
bc1q09pf2l36u7dunnnvv39wf0d687z0m2dxtqk7h8	PENDING	PENDING	PENDING	2000000624	20.00000624	p2wpkh	6	in-band	PENDING	PENDING
bc1q0crzq89g63ecerp66hpc7rkngvkmcawujs9s3h	PENDING	PENDING	PENDING	2000000624	20.00000624	p2wpkh	6	in-band	PENDING	PENDING
bc1q0e36lj3wwwysgk3vr8sczm3htd0gazl6ze2sp3	PENDING	PENDING	PENDING	2000000624	20.00000624	p2wpkh	6	in-band	PENDING	PENDING
bc1q0hc49fp56vm2tfcjr9luhw4yswanh8enhwe7kw	PENDING	PENDING	PENDING	2000000624	20.00000624	p2wpkh	6	in-band	PENDING	PENDING
bc1q0u3tjkxmwm43wfy8gqlk98zx53pgvvkreuhl7j	PENDING	PENDING	PENDING	2000000624	20.00000624	p2wpkh	6	in-band	PENDING	PENDING
bc1q0u70fyh3d9udn4d9chre4w9cj7d03tmr4rk20q	PENDING	PENDING	PENDING	2000000624	20.00000624	p2wpkh	6	in-band	PENDING	PENDING
bc1q0vzyf4ql59uf84kh7rq4wx7uwzzs4cs27mfsaw	PENDING	PENDING	PENDING	2000000624	20.00000624	p2wpkh	6	in-band	PENDING	PENDING
bc1q0zdqqghyrs4j0jc7f5m7ljlt0hndylp66qpkn2	PENDING	PENDING	PENDING	2000000624	20.00000624	p2wpkh	6	in-band	PENDING	PENDING
bc1q0zz3ch66z3mp7wnxsqa2q7fzz652v07fjl26dc	PENDING	PENDING	PENDING	2000000624	20.00000624	p2wpkh	6	in-band	PENDING	PENDING
bc1q27256r2egcuzs76leun5ahnljfyvtdp8hlwl92	PENDING	PENDING	PENDING	2000000624	20.00000624	p2wpkh	6	in-band	PENDING	PENDING
bc1q27zu27mjn05lj7hdsgmw7sw9mc9esmpp304hgh	PENDING	PENDING	PENDING	2000000624	20.00000624	p2wpkh	6	in-band	PENDING	PENDING
bc1q2aq0kt4ay86qjmxvk4exgqd62vjt8rmdm8dlcr	PENDING	PENDING	PENDING	2000000624	20.00000624	p2wpkh	6	in-band	PENDING	PENDING
bc1q2fwmrsnv6vrnws0hfp6ls5pml5vchh8rulvj50	PENDING	PENDING	PENDING	2000000624	20.00000624	p2wpkh	6	in-band	PENDING	PENDING
bc1q2l7af4lkfw7lwvjwgdwegd5mwftywtnpsv7kdc	PENDING	PENDING	PENDING	2000000624	20.00000624	p2wpkh	6	in-band	PENDING	PENDING
bc1q2mh9nreg945wdp8gjr6hrvgwdj5uy7kydy3wtt	PENDING	PENDING	PENDING	2000000624	20.00000624	p2wpkh	6	in-band	PENDING	PENDING
bc1q2rz6mpgd0spwx4xpzq9s58uvxk59j6macs078z	PENDING	PENDING	PENDING	2000000624	20.00000624	p2wpkh	6	in-band	PENDING	PENDING
bc1q30yv4lzvz26tahrepwac4p0dpsfcq8w4cgt6lu	PENDING	PENDING	PENDING	2000000624	20.00000624	p2wpkh	6	in-band	PENDING	PENDING
bc1q32p7fcxatxsr9twafx5vrtlvn8vtnz2nyjtg2r	PENDING	PENDING	PENDING	2000000624	20.00000624	p2wpkh	6	in-band	PENDING	PENDING
bc1q33hy3qswr3sjgen7uepkcn9ehjp93g5k5quc63	PENDING	PENDING	PENDING	2000000624	20.00000624	p2wpkh	6	in-band	PENDING	PENDING
bc1q34da93pyrx0pec6ah9h32tkuq97n84vusmcxe8	PENDING	PENDING	PENDING	2000000624	20.00000624	p2wpkh	6	in-band	PENDING	PENDING
bc1q365qnwkntyp23xg3h2mg86a2xape3gfjtux9u4	PENDING	PENDING	PENDING	2000000624	20.00000624	p2wpkh	6	in-band	PENDING	PENDING
bc1q37khstcjv7t39jekdqcqfr37jm38zksaxnfl7j	PENDING	PENDING	PENDING	2000000624	20.00000624	p2wpkh	6	in-band	PENDING	PENDING
bc1q3ajfx7636yu5sll02mzfyksmrxfkaalfek5lem	PENDING	PENDING	PENDING	2000000624	20.00000624	p2wpkh	6	in-band	PENDING	PENDING
bc1q3akzjue4kmrp0wtfzh5ys6zvwrj5k9lag6245f	PENDING	PENDING	PENDING	2000000624	20.00000624	p2wpkh	6	in-band	PENDING	PENDING
bc1q3d064k86g2p947j4nvzlquex75xj5gdng6uuya	PENDING	PENDING	PENDING	2000000624	20.00000624	p2wpkh	6	in-band	PENDING	PENDING
bc1q3kq4p0eqfv4tz9y46agmg64u0q4r8tdxj2z55e	PENDING	PENDING	PENDING	2000000624	20.00000624	p2wpkh	6	in-band	PENDING	PENDING
bc1q3mew7ncm94zepy6srgnykkc5nczqsujn0u2ys0	PENDING	PENDING	PENDING	2000000624	20.00000624	p2wpkh	6	in-band	PENDING	PENDING
bc1q3px9d5wkgyp80vxjlsrffj88gguyspq2fqckwm	PENDING	PENDING	PENDING	2000000624	20.00000624	p2wpkh	6	in-band	PENDING	PENDING
bc1q3ruhwjl8kun5fjn2c20fxhx6utntcut9fkz0pv	PENDING	PENDING	PENDING	2000000624	20.00000624	p2wpkh	6	in-band	PENDING	PENDING
bc1q3vr6uld2tse6uca72ujy6n7n45dh3mg3jh8x0p	PENDING	PENDING	PENDING	2000000624	20.00000624	p2wpkh	6	in-band	PENDING	PENDING
bc1q3ywj4jsh9pek4eklx7hz6t9vvc56rft29plrrf	PENDING	PENDING	PENDING	2000000624	20.00000624	p2wpkh	6	in-band	PENDING	PENDING
bc1q45lajvk04g38vzmgtk8gyxckf6xptwheaz3csg	PENDING	PENDING	PENDING	2000000624	20.00000624	p2wpkh	6	in-band	PENDING	PENDING
bc1q45ppdel6pylcm4uen5343g4m8eryvh9a8yjd82	PENDING	PENDING	PENDING	2000000624	20.00000624	p2wpkh	6	in-band	PENDING	PENDING
bc1q48ua782dzaxkh9axyquef80ynwf8zjuaxhwd8h	PENDING	PENDING	PENDING	2000000624	20.00000624	p2wpkh	6	in-band	PENDING	PENDING
bc1q4dvw02kaeaxqjs68tpu5kyt43k96djuy0pjn6m	PENDING	PENDING	PENDING	2000000624	20.00000624	p2wpkh	6	in-band	PENDING	PENDING
bc1q4g7c4tg73kcprn8n9fcud7r0tnwsjr4mvuwkmk	PENDING	PENDING	PENDING	2000000624	20.00000624	p2wpkh	6	in-band	PENDING	PENDING
bc1q4l8l4l93gu9u4qzp43p5pxrxxr3aefgdq8023r	PENDING	PENDING	PENDING	2000000624	20.00000624	p2wpkh	6	in-band	PENDING	PENDING
bc1q4lrxdc5gvuu5s597cqrnzmqcurxqp2cpqamh66	PENDING	PENDING	PENDING	2000000624	20.00000624	p2wpkh	6	in-band	PENDING	PENDING
bc1q4m83h3nhlxurjtj0njcye2k9c27rk8706m9qez	PENDING	PENDING	PENDING	2000000624	20.00000624	p2wpkh	6	in-band	PENDING	PENDING
bc1q4njyr3kk92u2688hr34n8wk9jusesz2nk89kxg	PENDING	PENDING	PENDING	2000000624	20.00000624	p2wpkh	6	in-band	PENDING	PENDING
bc1q4tul22r7pjwkczs2wej4tj5sg0zw9xqwfngyw3	PENDING	PENDING	PENDING	2000000624	20.00000624	p2wpkh	6	in-band	PENDING	PENDING
bc1q4zgr84rdvfy56dp6mf6tf63ut7s5k68uzqkthq	PENDING	PENDING	PENDING	2000000624	20.00000624	p2wpkh	6	in-band	PENDING	PENDING
bc1q54726qg88kusf5xlh9fs944uyakcqz75hanmht	PENDING	PENDING	PENDING	2000000624	20.00000624	p2wpkh	6	in-band	PENDING	PENDING
bc1q5ez4hg6lmyav4d86khfmjaeu2gjpftwdrjpu6c	PENDING	PENDING	PENDING	2000000624	20.00000624	p2wpkh	6	in-band	PENDING	PENDING
bc1q5mx7zrfnhsfeamgke9f0lw57x5jj6ky2ktctyq	PENDING	PENDING	PENDING	2000000624	20.00000624	p2wpkh	6	in-band	PENDING	PENDING
bc1q5r59ww9483aluqqxn9lah99s57kdv3d9r9scl9	PENDING	PENDING	PENDING	2000000624	20.00000624	p2wpkh	6	in-band	PENDING	PENDING
bc1q5sgwg284630w6znjj5zguek0yups73fyxuxmsk	PENDING	PENDING	PENDING	2000000624	20.00000624	p2wpkh	6	in-band	PENDING	PENDING
bc1q5sn5rfjh249h0wf8pvedpj48wdskxwpv9tk55j	PENDING	PENDING	PENDING	2000000624	20.00000624	p2wpkh	6	in-band	PENDING	PENDING
bc1q5ulchjedmuk35t4jmv9cwergug94kktquzz0x7	PENDING	PENDING	PENDING	2000000624	20.00000624	p2wpkh	6	in-band	PENDING	PENDING
bc1q5vfl5rm2kpwfketsh86ukt88e9wu2m3rd3em6e	PENDING	PENDING	PENDING	2000000624	20.00000624	p2wpkh	6	in-band	PENDING	PENDING
bc1q5zejjt3uqpfygl4f0z7v3tzwmvj8dxnhm7wacx	PENDING	PENDING	PENDING	2000000624	20.00000624	p2wpkh	6	in-band	PENDING	PENDING
bc1q626zemqsjwm5qp5xwrwxtn44mzwwpd32nwgd44	PENDING	PENDING	PENDING	2000000624	20.00000624	p2wpkh	6	in-band	PENDING	PENDING
bc1q66yrhhtlwfzdalc5l39dm499c9d7y779tjjyxc	PENDING	PENDING	PENDING	2000000624	20.00000624	p2wpkh	6	in-band	PENDING	PENDING
bc1q67khltrwta38vadl3dhx86p778w97hg0w3nxwc	PENDING	PENDING	PENDING	2000000624	20.00000624	p2wpkh	6	in-band	PENDING	PENDING
bc1q67ufd9phwm0wu9rly5m33p8vux739ag5u6he7u	PENDING	PENDING	PENDING	2000000624	20.00000624	p2wpkh	6	in-band	PENDING	PENDING
bc1q6ffac5st5lu8ez2egy928kygl82y5qea95ttj0	PENDING	PENDING	PENDING	2000000624	20.00000624	p2wpkh	6	in-band	PENDING	PENDING
bc1q6gq2rp2rkq3jpy053rtmjjnhdq2gkus39chgda	PENDING	PENDING	PENDING	2000000624	20.00000624	p2wpkh	6	in-band	PENDING	PENDING
bc1q6m9l8atxtf7v4q58rvs0ywq25y2n4lqfdt9nfx	PENDING	PENDING	PENDING	2000000624	20.00000624	p2wpkh	6	in-band	PENDING	PENDING
bc1q6uaa86uldhf0lmenvgz8d2xgxjkvw8pk3jfptj	PENDING	PENDING	PENDING	2000000624	20.00000624	p2wpkh	6	in-band	PENDING	PENDING
bc1q6xll39j4z7zg7c4jwk0jkmcslefv6vvu8kx5ar	PENDING	PENDING	PENDING	2000000624	20.00000624	p2wpkh	6	in-band	PENDING	PENDING
bc1q6ynrf05mjh944lr6x28xsknfj8s4v3q5ecqaww	PENDING	PENDING	PENDING	2000000624	20.00000624	p2wpkh	6	in-band	PENDING	PENDING
bc1q7382cs8q9hr7afkpua75grck3uc975px04l8nz	PENDING	PENDING	PENDING	2000000624	20.00000624	p2wpkh	6	in-band	PENDING	PENDING
bc1q73n0kvjqz2dw2fsa5le20pmckjsjj8p8rvtxug	PENDING	PENDING	PENDING	2000000624	20.00000624	p2wpkh	6	in-band	PENDING	PENDING
bc1q776vdhfrkqknpx0kucm4fxd59sf4p83e483rmf	PENDING	PENDING	PENDING	2000000624	20.00000624	p2wpkh	6	in-band	PENDING	PENDING
bc1q79gmz4cvud074rw69xrzu58dlfwgnldgl39d0f	PENDING	PENDING	PENDING	2000000624	20.00000624	p2wpkh	6	in-band	PENDING	PENDING
bc1q7ctd5agttrjul8vr3msxuskn86e2qxxej8nvv6	PENDING	PENDING	PENDING	2000000624	20.00000624	p2wpkh	6	in-band	PENDING	PENDING
bc1q7t2lthlj26zzesu6gtmg97wn8ym7pm0kln3vgt	PENDING	PENDING	PENDING	2000000624	20.00000624	p2wpkh	6	in-band	PENDING	PENDING
bc1q7xz4jt0lhp5vpcr9wre478xuvd37q595w3820e	PENDING	PENDING	PENDING	2000000624	20.00000624	p2wpkh	6	in-band	PENDING	PENDING
bc1q804lkvvy2z8wh67ahsm3pkh63322qsh7lkyznc	PENDING	PENDING	PENDING	2000000624	20.00000624	p2wpkh	6	in-band	PENDING	PENDING
bc1q80fp8ns0stgne2sskgjt8zxpw4gzg40jlj5rlp	PENDING	PENDING	PENDING	2000000624	20.00000624	p2wpkh	6	in-band	PENDING	PENDING
bc1q8238dhz5fgj9w50yppg20ntyra35kttmmsf2dq	PENDING	PENDING	PENDING	2000000624	20.00000624	p2wpkh	6	in-band	PENDING	PENDING
bc1q84tdn7jl0t9glkksq6ttmnwxlyuatuecajenpq	PENDING	PENDING	PENDING	2000000624	20.00000624	p2wpkh	6	in-band	PENDING	PENDING
bc1q8chevu5rg8apaglyytkx9yz5yv0x9yf0fqqace	PENDING	PENDING	PENDING	2000000624	20.00000624	p2wpkh	6	in-band	PENDING	PENDING
bc1q8eh5cyn8u67pjlmtcxqsggzu7k5pcxkdcqeqvl	PENDING	PENDING	PENDING	2000000624	20.00000624	p2wpkh	6	in-band	PENDING	PENDING
bc1q8gegw2mh0aavsfadycthzcmehjrkj6ckfjzgrh	PENDING	PENDING	PENDING	2000000624	20.00000624	p2wpkh	6	in-band	PENDING	PENDING
bc1q8lf302x273uluc834ys497duw39fl792am2xjg	PENDING	PENDING	PENDING	2000000624	20.00000624	p2wpkh	6	in-band	PENDING	PENDING
bc1q8nzeatk3h08axtwxgr7tc9vfp62z2ru2t0r2q7	PENDING	PENDING	PENDING	2000000624	20.00000624	p2wpkh	6	in-band	PENDING	PENDING
bc1q8q6xm2dpwnh3mfm4x0fg4s3aqnazu267cmxer0	PENDING	PENDING	PENDING	2000000624	20.00000624	p2wpkh	6	in-band	PENDING	PENDING
bc1q8rjls73lqn8q9cpsehvayjy2zgles7tz4tfxuv	PENDING	PENDING	PENDING	2000000624	20.00000624	p2wpkh	6	in-band	PENDING	PENDING
bc1q8sazqzc2gdelna8preyu7uau4j6fyjzts25zfd	PENDING	PENDING	PENDING	2000000624	20.00000624	p2wpkh	6	in-band	PENDING	PENDING
bc1q8wglgt8xzhwquxwnlw6wd06j5rvn97z5l4fxxh	PENDING	PENDING	PENDING	2000000624	20.00000624	p2wpkh	6	in-band	PENDING	PENDING
bc1q8x3k076c0zglh85jzajxyf3u0ynqg8gatta8hq	PENDING	PENDING	PENDING	2000000624	20.00000624	p2wpkh	6	in-band	PENDING	PENDING
bc1q8zt2ayu5593e2l9fyldqpj73z00fqnrzgf6a37	PENDING	PENDING	PENDING	2000000624	20.00000624	p2wpkh	6	in-band	PENDING	PENDING
bc1q93k3935ksa5upsa9slr7h5jmfyhcxn4l84jn0a	PENDING	PENDING	PENDING	2000000624	20.00000624	p2wpkh	6	in-band	PENDING	PENDING
bc1q94c5d4r56mdxkum72spyykrf060zhgf80w42hf	PENDING	PENDING	PENDING	2000000624	20.00000624	p2wpkh	6	in-band	PENDING	PENDING
bc1q94emh42p367kcxgpsy6ftzzzw5j3tpcy408jfx	PENDING	PENDING	PENDING	2000000624	20.00000624	p2wpkh	6	in-band	PENDING	PENDING
bc1q9697gfsjr8ug3pdkvmls7ams0r2k9lvp3ynqsy	PENDING	PENDING	PENDING	2000000624	20.00000624	p2wpkh	6	in-band	PENDING	PENDING
bc1q9eaaecwwp5y94zq9gcf6dh2clnzch5l7070p58	PENDING	PENDING	PENDING	2000000624	20.00000624	p2wpkh	6	in-band	PENDING	PENDING
bc1q9fs3n5zzeeevu6ffn5kmcdfxlgwfm8vp7fnh52	PENDING	PENDING	PENDING	2000000624	20.00000624	p2wpkh	6	in-band	PENDING	PENDING
bc1q9jwhx4jkz3fq3026y8rpth0khjv90ktmhvaxm7	PENDING	PENDING	PENDING	2000000624	20.00000624	p2wpkh	6	in-band	PENDING	PENDING
bc1q9knxhk2gvvdcwvj3gszk069ufeptvp7nkpgzfa	PENDING	PENDING	PENDING	2000000624	20.00000624	p2wpkh	6	in-band	PENDING	PENDING
bc1q9lx6mv03mray5syqgpj0q5j078phwtdzvuh0l7	PENDING	PENDING	PENDING	2000000624	20.00000624	p2wpkh	6	in-band	PENDING	PENDING
bc1q9m4va7mlekc0lyjj3wh4fjmsxmjcpzuds6gvfg	PENDING	PENDING	PENDING	2000000624	20.00000624	p2wpkh	6	in-band	PENDING	PENDING
bc1q9nwagw7vu7rgl3fxan9csm2pv9a9mptycz94nc	PENDING	PENDING	PENDING	2000000624	20.00000624	p2wpkh	6	in-band	PENDING	PENDING
bc1q9pwpa85mtpcmqaugluestprh6kzcszte4r7pfs	PENDING	PENDING	PENDING	2000000624	20.00000624	p2wpkh	6	in-band	PENDING	PENDING
bc1q9qtv5ansqt7ss47aq8rdu83uwj88p456l87eer	PENDING	PENDING	PENDING	2000000624	20.00000624	p2wpkh	6	in-band	PENDING	PENDING
bc1q9sedf538qa3xf3duk5yc5qlq5zy825kv6gqv7k	PENDING	PENDING	PENDING	2000000624	20.00000624	p2wpkh	6	in-band	PENDING	PENDING
bc1qa0qy0qc36d2sjuz0esceld4km0c2znk907wrl0	PENDING	PENDING	PENDING	2000000624	20.00000624	p2wpkh	6	in-band	PENDING	PENDING
bc1qa2xhz0nd6uuke82cufsptwrtdmu9yjve82s74h	PENDING	PENDING	PENDING	2000000624	20.00000624	p2wpkh	6	in-band	PENDING	PENDING
bc1qa3x2jkj43gtzy6qfyh4w99x9clpw606nq6n8g5	PENDING	PENDING	PENDING	2000000624	20.00000624	p2wpkh	6	in-band	PENDING	PENDING
bc1qa70r2f4vdr93kumzmgjungnzndudy3exxz6mr5	PENDING	PENDING	PENDING	2000000624	20.00000624	p2wpkh	6	in-band	PENDING	PENDING
bc1qa88a3aewdzfzrvuq6qkpeyep4684gdfa2l5nla	PENDING	PENDING	PENDING	2000000624	20.00000624	p2wpkh	6	in-band	PENDING	PENDING
bc1qaafuyv3pl8z8f863ml80ellmshq72a538yge0d	PENDING	PENDING	PENDING	2000000624	20.00000624	p2wpkh	6	in-band	PENDING	PENDING
bc1qag82thkyecw5ch9jlgp05pag95fqksnafk7fqw	PENDING	PENDING	PENDING	2000000624	20.00000624	p2wpkh	6	in-band	PENDING	PENDING
bc1qagdhpstjfzwstt7nqayjnxadjrvz85k4cq574n	PENDING	PENDING	PENDING	2000000624	20.00000624	p2wpkh	6	in-band	PENDING	PENDING
bc1qahqq236expwkccgl5vk7frxv6ts3f8c72sgvl2	PENDING	PENDING	PENDING	2000000624	20.00000624	p2wpkh	6	in-band	PENDING	PENDING
bc1qaljlqm3cf92nt0ay9r35kw7at0cvfmmwlqhry0	PENDING	PENDING	PENDING	2000000624	20.00000624	p2wpkh	6	in-band	PENDING	PENDING
bc1qam3f4ta5f39hc9m7kyt0ya0hzzk90pk9f0xz4k	PENDING	PENDING	PENDING	2000000624	20.00000624	p2wpkh	6	in-band	PENDING	PENDING
bc1qav8ldel05u8cckzf2j73nza8qv2c08763j4ztz	PENDING	PENDING	PENDING	2000000624	20.00000624	p2wpkh	6	in-band	PENDING	PENDING
bc1qc2psjve8kja72yxckj9lzpszqxfhqzre296w7g	PENDING	PENDING	PENDING	2000000624	20.00000624	p2wpkh	6	in-band	PENDING	PENDING
bc1qc2rej3nf3j89ve66qnz2sq3v2gmjnymu2w3mzv	PENDING	PENDING	PENDING	2000000624	20.00000624	p2wpkh	6	in-band	PENDING	PENDING
bc1qc74hvewafvpw8s6ctcvhe22cw63ghd4lhn8c0v	PENDING	PENDING	PENDING	2000000624	20.00000624	p2wpkh	6	in-band	PENDING	PENDING
bc1qcc937fxqacvwv8px980l55048nvjr246nvn43x	PENDING	PENDING	PENDING	2000000624	20.00000624	p2wpkh	6	in-band	PENDING	PENDING
bc1qcd7sftlzwlza8sy4t7yze74dp8fzhv0h23wdyg	PENDING	PENDING	PENDING	2000000624	20.00000624	p2wpkh	6	in-band	PENDING	PENDING
bc1qchc92qj6mgpxe3mjajfhhd4njzyz0z70mnkgy4	PENDING	PENDING	PENDING	2000000624	20.00000624	p2wpkh	6	in-band	PENDING	PENDING
bc1qcj3g56wn58grglnj9ygufwt7jaegerec9r774e	PENDING	PENDING	PENDING	2000000624	20.00000624	p2wpkh	6	in-band	PENDING	PENDING
bc1qcm6t44c7vecrvqazdgsp909g63ll93fvaw8w53	PENDING	PENDING	PENDING	2000000624	20.00000624	p2wpkh	6	in-band	PENDING	PENDING
bc1qcrl4ce2pz768zpr6xprrl75t2nc394h068l353	PENDING	PENDING	PENDING	2000000624	20.00000624	p2wpkh	6	in-band	PENDING	PENDING
bc1qcszsyfag0zryu53gkfm8m7csuhtn8nm8mmeatn	PENDING	PENDING	PENDING	2000000624	20.00000624	p2wpkh	6	in-band	PENDING	PENDING
bc1qct8zgyqd27jpml42jw3pf0may4lftryp8egh00	PENDING	PENDING	PENDING	2000000624	20.00000624	p2wpkh	6	in-band	PENDING	PENDING
bc1qd08yv730hkj46dfs0a0tdr7ztp3hfv0q94e64u	PENDING	PENDING	PENDING	2000000624	20.00000624	p2wpkh	6	in-band	PENDING	PENDING
bc1qd4pl0fzpvtpqzep0jr3rku4r9hmxf5ej8n38a3	PENDING	PENDING	PENDING	2000000624	20.00000624	p2wpkh	6	in-band	PENDING	PENDING
bc1qd68ecc96y3c378s7nldczggyjt3dcenm4km4e3	PENDING	PENDING	PENDING	2000000624	20.00000624	p2wpkh	6	in-band	PENDING	PENDING
bc1qd7y8f57e73zjq45lqnt3ajr5fs488fvz8p0ny6	PENDING	PENDING	PENDING	2000000624	20.00000624	p2wpkh	6	in-band	PENDING	PENDING
bc1qd9a3sefzkhmz7vsuf09etq9cpxpvmmwwzws737	PENDING	PENDING	PENDING	2000000624	20.00000624	p2wpkh	6	in-band	PENDING	PENDING
bc1qdf8qseedscqdjenpzsre3328m4t43wjlcrjam5	PENDING	PENDING	PENDING	2000000624	20.00000624	p2wpkh	6	in-band	PENDING	PENDING
bc1qdgqyr9tlgz9fztw78sva34ha0j659nxcwa8pe8	PENDING	PENDING	PENDING	2000000624	20.00000624	p2wpkh	6	in-band	PENDING	PENDING
bc1qdhp3zaw64dexr49f4apshk52hqqv7j9q4kj5u4	PENDING	PENDING	PENDING	2000000624	20.00000624	p2wpkh	6	in-band	PENDING	PENDING
bc1qdkl0575kl8tkd6x98mra44kf6rgftzhejlm8xe	PENDING	PENDING	PENDING	2000000624	20.00000624	p2wpkh	6	in-band	PENDING	PENDING
bc1qdlgl87jjmnhrxnfgdh70dkq0yjmca2q5rel3l9	PENDING	PENDING	PENDING	2000000624	20.00000624	p2wpkh	6	in-band	PENDING	PENDING
bc1qdq75jvwnxvlk6n80vjfy2aeafe283hw0s8z7qz	PENDING	PENDING	PENDING	2000000624	20.00000624	p2wpkh	6	in-band	PENDING	PENDING
bc1qdqnc3x4pvsvxu6e2d5hy2lxhuuhk98kcu359nd	PENDING	PENDING	PENDING	2000000624	20.00000624	p2wpkh	6	in-band	PENDING	PENDING
bc1qdscjfelnnqsr09hzdm9myj6x759e7c32kr6u6y	PENDING	PENDING	PENDING	2000000624	20.00000624	p2wpkh	6	in-band	PENDING	PENDING
bc1qdwau9hmumzr4rukxll74j9svcuazkum2amu3a0	PENDING	PENDING	PENDING	2000000624	20.00000624	p2wpkh	6	in-band	PENDING	PENDING
bc1qdzdt2ydkk987hydt5nfwy0343x7wrzh8cmg2gg	PENDING	PENDING	PENDING	2000000624	20.00000624	p2wpkh	6	in-band	PENDING	PENDING
bc1qe06nykfcs4v0uyv3e7wt6jde3c570qcj72kmvd	PENDING	PENDING	PENDING	2000000624	20.00000624	p2wpkh	6	in-band	PENDING	PENDING
bc1qe0p2xj87upkm8el5v7u938q5hh3seamq629pp3	PENDING	PENDING	PENDING	2000000624	20.00000624	p2wpkh	6	in-band	PENDING	PENDING
bc1qe6pj3uwtpvqgsdcf6upjesrvrlx7mx6xfmkzz2	PENDING	PENDING	PENDING	2000000624	20.00000624	p2wpkh	6	in-band	PENDING	PENDING
bc1qe7d0dtkzt489ndeqpfnx6ell7v0y53hx9actfn	PENDING	PENDING	PENDING	2000000624	20.00000624	p2wpkh	6	in-band	PENDING	PENDING
bc1qe7vu7rc7kqk5yut0xhvjhdmgdlxsm0f286qu7r	PENDING	PENDING	PENDING	2000000624	20.00000624	p2wpkh	6	in-band	PENDING	PENDING
bc1qehghj93hsvn6q944x4t7rjs79hqacj367enpfc	PENDING	PENDING	PENDING	2000000624	20.00000624	p2wpkh	6	in-band	PENDING	PENDING
bc1qehww9wcr6tyatquql2jhfvqy7ktgw9ashlfscv	PENDING	PENDING	PENDING	2000000624	20.00000624	p2wpkh	6	in-band	PENDING	PENDING
bc1qekq6whn8cvsgrnktsrud8z8p4dnf86mtajhzt3	PENDING	PENDING	PENDING	2000000624	20.00000624	p2wpkh	6	in-band	PENDING	PENDING
bc1qel00elwtaqhrxh60ncp3zrtdgtqxq6lljykldz	PENDING	PENDING	PENDING	2000000624	20.00000624	p2wpkh	6	in-band	PENDING	PENDING
bc1qelhhy6eee7e407pg66fsw65wvzrffyhwrvuvg7	PENDING	PENDING	PENDING	2000000624	20.00000624	p2wpkh	6	in-band	PENDING	PENDING
bc1qevhqqgkzgzmz6u2w4rdyyqcfrpywqcvr8kxrxr	PENDING	PENDING	PENDING	2000000624	20.00000624	p2wpkh	6	in-band	PENDING	PENDING
bc1qeycrged442lx2ryzy02j2t0wn4frw49stnv29w	PENDING	PENDING	PENDING	2000000624	20.00000624	p2wpkh	6	in-band	PENDING	PENDING
bc1qez5xznlxtg694p3ar9arpkad3m8wa2swudc6lt	PENDING	PENDING	PENDING	2000000624	20.00000624	p2wpkh	6	in-band	PENDING	PENDING
bc1qf0mqfgjxlpuh9e7qul3macr3gggpkkyvfqxt0u	PENDING	PENDING	PENDING	2000000624	20.00000624	p2wpkh	6	in-band	PENDING	PENDING
bc1qf2qsegypy6t2kqmxlm2usat5c322rw0cnwjkkx	PENDING	PENDING	PENDING	2000000624	20.00000624	p2wpkh	6	in-band	PENDING	PENDING
bc1qf2y966tqxx4flc06al83r4hfxdfglxarlp55ge	PENDING	PENDING	PENDING	2000000624	20.00000624	p2wpkh	6	in-band	PENDING	PENDING
bc1qf3pzqvrn3qa7krghf70d6x59ae35y0nex6vsyy	PENDING	PENDING	PENDING	2000000624	20.00000624	p2wpkh	6	in-band	PENDING	PENDING
bc1qf5hcdcsmh5kh0rulpdjk0h7tm38uqpndcaaz6w	PENDING	PENDING	PENDING	2000000624	20.00000624	p2wpkh	6	in-band	PENDING	PENDING
bc1qf9enz7cc9dnl90c5hp7r9l50gpq0588wjkztxc	PENDING	PENDING	PENDING	2000000624	20.00000624	p2wpkh	6	in-band	PENDING	PENDING
bc1qface4xn8cxgzc9tx84q4dxm6tr3mpszv9ujarc	PENDING	PENDING	PENDING	2000000624	20.00000624	p2wpkh	6	in-band	PENDING	PENDING
bc1qfcz7lrmqs2nhdpjjh7jlwxnezvl43c6h3r7gfx	PENDING	PENDING	PENDING	2000000624	20.00000624	p2wpkh	6	in-band	PENDING	PENDING
bc1qfd8e9uqwn4cgr750j5tdq0pys7heexpsm0naeg	PENDING	PENDING	PENDING	2000000624	20.00000624	p2wpkh	6	in-band	PENDING	PENDING
bc1qfggc55sswxp05tzvqh8teqp8hr686kw6j5dr9p	PENDING	PENDING	PENDING	2000000624	20.00000624	p2wpkh	6	in-band	PENDING	PENDING
bc1qfgvnye9qstf45uwpgtgy374s4lgl96u9uzpet9	PENDING	PENDING	PENDING	2000000624	20.00000624	p2wpkh	6	in-band	PENDING	PENDING
bc1qfh92kzxv7etmjmq8vw05ey392t39pclecf5khl	PENDING	PENDING	PENDING	2000000624	20.00000624	p2wpkh	6	in-band	PENDING	PENDING
bc1qfk32c0007y5umj4syefh0uuld2ywm025ukaja9	PENDING	PENDING	PENDING	2000000624	20.00000624	p2wpkh	6	in-band	PENDING	PENDING
bc1qfk9g72xz78hfvaekl6ppmm2hmx6x7ffw55lu22	PENDING	PENDING	PENDING	2000000624	20.00000624	p2wpkh	6	in-band	PENDING	PENDING
bc1qfp6pmtzjv040dnj65zgxuprwr5g86y2k9dfyn8	PENDING	PENDING	PENDING	2000000624	20.00000624	p2wpkh	6	in-band	PENDING	PENDING
bc1qfrts9sdzmww48h9cj4qu4ycmhqftv7kt8qjc28	PENDING	PENDING	PENDING	2000000624	20.00000624	p2wpkh	6	in-band	PENDING	PENDING
bc1qfspn9h35f6364w437vygz3cg8wwg6vhpx5cpnz	PENDING	PENDING	PENDING	2000000624	20.00000624	p2wpkh	6	in-band	PENDING	PENDING
bc1qfsygklf2ugg9vjhwfmdg0r7pdlnx2d58vh5m9s	PENDING	PENDING	PENDING	2000000624	20.00000624	p2wpkh	6	in-band	PENDING	PENDING
bc1qfvxlppjyrh9lju7hndqggjrzwv5mzc7hd6pq8x	PENDING	PENDING	PENDING	2000000624	20.00000624	p2wpkh	6	in-band	PENDING	PENDING
bc1qfw32cvgl4luu20wr6kgczeyzqe27w77yes35pm	PENDING	PENDING	PENDING	2000000624	20.00000624	p2wpkh	6	in-band	PENDING	PENDING
bc1qg2arpzngrkqg3fm9gqzwywv5htvaug89v076jh	PENDING	PENDING	PENDING	2000000624	20.00000624	p2wpkh	6	in-band	PENDING	PENDING
bc1qg4tmdq5wr8qgmvkk2y9qnymscstl9qnltvx7lp	PENDING	PENDING	PENDING	2000000624	20.00000624	p2wpkh	6	in-band	PENDING	PENDING
bc1qg55sm7j9mhnxevaa59k4er69tjnex4caau9mfu	PENDING	PENDING	PENDING	2000000624	20.00000624	p2wpkh	6	in-band	PENDING	PENDING
bc1qg6u7spq3te4damgnl0htnyz2a88nnkml647xdh	PENDING	PENDING	PENDING	2000000624	20.00000624	p2wpkh	6	in-band	PENDING	PENDING
bc1qg72pc6a0vyn0ecr6lv4fv5xlzr6w6tlkcnqjy4	PENDING	PENDING	PENDING	2000000624	20.00000624	p2wpkh	6	in-band	PENDING	PENDING
bc1qg9y4px2mewpqcav87cpz2wwnds3kffa38fda66	PENDING	PENDING	PENDING	2000000624	20.00000624	p2wpkh	6	in-band	PENDING	PENDING
bc1qgkdsflvgh6j24lzc4x67fuxcg2jttcyxxdnyfj	PENDING	PENDING	PENDING	2000000624	20.00000624	p2wpkh	6	in-band	PENDING	PENDING
bc1qgktrpwp7kg0ntq93egud9tsm90p0gfv6u7j235	PENDING	PENDING	PENDING	2000000624	20.00000624	p2wpkh	6	in-band	PENDING	PENDING
bc1qgqt42h79wqhgchcucdsupp95z03r2tpxxpacpf	PENDING	PENDING	PENDING	2000000624	20.00000624	p2wpkh	6	in-band	PENDING	PENDING
bc1qgqtt2eu9ny08c4j8vdt35vcu22qd2z7pvn8t7d	PENDING	PENDING	PENDING	2000000624	20.00000624	p2wpkh	6	in-band	PENDING	PENDING
bc1qgs7ughau43pzdhmfngm2ta734wrk3g08mxpthm	PENDING	PENDING	PENDING	2000000624	20.00000624	p2wpkh	6	in-band	PENDING	PENDING
bc1qgsetufxzeuyhwe9wce5mmvsevjrzmq364hm869	PENDING	PENDING	PENDING	2000000624	20.00000624	p2wpkh	6	in-band	PENDING	PENDING
bc1qgv2hzlfzy4dz9jl3aq5755kdqnyk8t6vjldyhv	PENDING	PENDING	PENDING	2000000624	20.00000624	p2wpkh	6	in-band	PENDING	PENDING
bc1qh0al3w8sgkxhme2uqw4ugh40uavj2k0379q5vc	PENDING	PENDING	PENDING	2000000624	20.00000624	p2wpkh	6	in-band	PENDING	PENDING
bc1qh0ln90awmep9hqsr8lwmsq060j5d7lumhas23d	PENDING	PENDING	PENDING	2000000624	20.00000624	p2wpkh	6	in-band	PENDING	PENDING
bc1qh6y4vrs3wue64vzvav2dajkfka2yrdmnraja2d	PENDING	PENDING	PENDING	2000000624	20.00000624	p2wpkh	6	in-band	PENDING	PENDING
bc1qhgnhpnhk3qjcx8t2gefr7nck2aak5cevztjj3z	PENDING	PENDING	PENDING	2000000624	20.00000624	p2wpkh	6	in-band	PENDING	PENDING
bc1qhkcdxgszc0tuu50g2htkkftgzfz4paxfnp4zd0	PENDING	PENDING	PENDING	2000000624	20.00000624	p2wpkh	6	in-band	PENDING	PENDING
bc1qhnp0cq2pyahp38ew66tfh53rl9vl707p9tl7x4	PENDING	PENDING	PENDING	2000000624	20.00000624	p2wpkh	6	in-band	PENDING	PENDING
bc1qhq3d9wf3qdfs0gnm3k2rkvjucqupyfz6cnptyl	PENDING	PENDING	PENDING	2000000624	20.00000624	p2wpkh	6	in-band	PENDING	PENDING
bc1qhq6zp6t7dacdjkexvz20ml40tchmu5nts3jkn7	PENDING	PENDING	PENDING	2000000624	20.00000624	p2wpkh	6	in-band	PENDING	PENDING
bc1qhqd6fuxyed6vf225kyvk83t02ps78j7gvq00y7	PENDING	PENDING	PENDING	2000000624	20.00000624	p2wpkh	6	in-band	PENDING	PENDING
bc1qhwej7qrmtxgvgm98r5x0l4sghk9tzsckuf38nt	PENDING	PENDING	PENDING	2000000624	20.00000624	p2wpkh	6	in-band	PENDING	PENDING
bc1qhy4s8982g6jp0es34ccrnu66l73s82e2y74mp3	PENDING	PENDING	PENDING	2000000624	20.00000624	p2wpkh	6	in-band	PENDING	PENDING
bc1qhy9a7hw0qd7w6n88y63eev3wm9fj2t0nv4hajq	PENDING	PENDING	PENDING	2000000624	20.00000624	p2wpkh	6	in-band	PENDING	PENDING
bc1qhya5lntjse2unzpe9j30zh6re4reqjjjlqt466	PENDING	PENDING	PENDING	2000000624	20.00000624	p2wpkh	6	in-band	PENDING	PENDING
bc1qj3w53uwsu069tt9s9k4r0tzc3szmvxv05r7k2s	PENDING	PENDING	PENDING	2000000624	20.00000624	p2wpkh	6	in-band	PENDING	PENDING
bc1qj7gmc825t7x3ry576jsd3n3y72hzmskrl0fs8w	PENDING	PENDING	PENDING	2000000624	20.00000624	p2wpkh	6	in-band	PENDING	PENDING
bc1qj7qdua8xv4m9jkrvt65hs7056374gehcu8eqx8	PENDING	PENDING	PENDING	2000000624	20.00000624	p2wpkh	6	in-band	PENDING	PENDING
bc1qjd2jyaagljf3jnvjakfsey6j6autfqynl5lzz4	PENDING	PENDING	PENDING	2000000624	20.00000624	p2wpkh	6	in-band	PENDING	PENDING
bc1qje82p67v7utyawyz7zd97qtr5mxwpw3yaazd4v	PENDING	PENDING	PENDING	2000000624	20.00000624	p2wpkh	6	in-band	PENDING	PENDING
bc1qjg9w0a4e9ttkwk2zmpnf02ec2u5qg7sfvadges	PENDING	PENDING	PENDING	2000000624	20.00000624	p2wpkh	6	in-band	PENDING	PENDING
bc1qjh9hhjz5jm9s95yz086cvh8pnvrln78h0rpnh6	PENDING	PENDING	PENDING	2000000624	20.00000624	p2wpkh	6	in-band	PENDING	PENDING
bc1qjklwdrfrjecft7pzmhqq8lzyqmphjneehu4xv0	PENDING	PENDING	PENDING	2000000624	20.00000624	p2wpkh	6	in-band	PENDING	PENDING
bc1qjp4862y64tqc0ukvma6pqyx9s3rjld7gwpaykz	PENDING	PENDING	PENDING	2000000624	20.00000624	p2wpkh	6	in-band	PENDING	PENDING
bc1qjt3h8lfsf5pmusmq46vu9u2wjet8e2wn2nzysv	PENDING	PENDING	PENDING	2000000624	20.00000624	p2wpkh	6	in-band	PENDING	PENDING
bc1qjvn2zfmwve3pxscmn9ha9hjxpddhk3zettcvpn	PENDING	PENDING	PENDING	2000000624	20.00000624	p2wpkh	6	in-band	PENDING	PENDING
bc1qjw20jk3ka54nwfktwg4ucplglfrgp8xyxgf42z	PENDING	PENDING	PENDING	2000000624	20.00000624	p2wpkh	6	in-band	PENDING	PENDING
bc1qk2757xxtlueghsxhsglpumqms3z9e9el99a0c6	PENDING	PENDING	PENDING	2000000624	20.00000624	p2wpkh	6	in-band	PENDING	PENDING
bc1qk2stfedr00msmvrw0pjr7k07y60zzeu7jg4wjq	PENDING	PENDING	PENDING	2000000624	20.00000624	p2wpkh	6	in-band	PENDING	PENDING
bc1qk48xrm6q4urdkekngq4wa66d74y3atkwxfu7s3	PENDING	PENDING	PENDING	2000000624	20.00000624	p2wpkh	6	in-band	PENDING	PENDING
bc1qk4caaakl8jj9kqmvg2jndgkjgge684hg3gc6gu	PENDING	PENDING	PENDING	2000000624	20.00000624	p2wpkh	6	in-band	PENDING	PENDING
bc1qk6g26788z0q9cpwtcgm0wh0lnxc3kh97wen2de	PENDING	PENDING	PENDING	2000000624	20.00000624	p2wpkh	6	in-band	PENDING	PENDING
bc1qk7ervdgeyuhf3lxczap4arw00enj4z5xxtvdv0	PENDING	PENDING	PENDING	2000000624	20.00000624	p2wpkh	6	in-band	PENDING	PENDING
bc1qk9jg9xv5ly64ejtvgzlxuztpp46qlp03w5cuke	PENDING	PENDING	PENDING	2000000624	20.00000624	p2wpkh	6	in-band	PENDING	PENDING
bc1qkc5js065wj8n64rynng8wur9tpyga8regqjymy	PENDING	PENDING	PENDING	2000000624	20.00000624	p2wpkh	6	in-band	PENDING	PENDING
bc1qkeq30mgl2rjwx9n2zwx5lysvwd5lpac55ca067	PENDING	PENDING	PENDING	2000000624	20.00000624	p2wpkh	6	in-band	PENDING	PENDING
bc1qkhafr70c0mj3prmwercl9glyfdjtfaxtk3ts3u	PENDING	PENDING	PENDING	2000000624	20.00000624	p2wpkh	6	in-band	PENDING	PENDING
bc1qkkrjp02c27z2cyylnelpa6erkhpjudnw99cvkj	PENDING	PENDING	PENDING	2000000624	20.00000624	p2wpkh	6	in-band	PENDING	PENDING
bc1qkn597vp08tv3a2vn62a600u2n5st4es54r5zhf	PENDING	PENDING	PENDING	2000000624	20.00000624	p2wpkh	6	in-band	PENDING	PENDING
bc1qkn5w0lh83upmtdquhg653yy46exvz5lnmtjy5l	PENDING	PENDING	PENDING	2000000624	20.00000624	p2wpkh	6	in-band	PENDING	PENDING
bc1qkq5csrecvnmd90238vxa8lg0my63j096wuv757	PENDING	PENDING	PENDING	2000000624	20.00000624	p2wpkh	6	in-band	PENDING	PENDING
bc1qkz6lp06tqayqfyq87w69zf0vcrpn3ejws3s30e	PENDING	PENDING	PENDING	2000000624	20.00000624	p2wpkh	6	in-band	PENDING	PENDING
bc1ql0u0hvwkmut5ezwwg0n9cqe2grrcy8tal9vmaa	PENDING	PENDING	PENDING	2000000624	20.00000624	p2wpkh	6	in-band	PENDING	PENDING
bc1ql6mjsgtkh0z9x7h9e7yt2gdcgqak7uzv8s7h4c	PENDING	PENDING	PENDING	2000000624	20.00000624	p2wpkh	6	in-band	PENDING	PENDING
bc1qlcnyyxvhnymzanq68prwlxyrzcdlsp3ztnlmep	PENDING	PENDING	PENDING	2000000624	20.00000624	p2wpkh	6	in-band	PENDING	PENDING
bc1qld9g7wmzcukhlcg8520rvqgujshq2j7cnh5kxl	PENDING	PENDING	PENDING	2000000624	20.00000624	p2wpkh	6	in-band	PENDING	PENDING
bc1qlfzllt7efw2r7uwtz608q9rpst7nfwp4hrnupq	PENDING	PENDING	PENDING	2000000624	20.00000624	p2wpkh	6	in-band	PENDING	PENDING
bc1qlhneunmargv6g3r5qvy27lhqnhdv5glrceg4e4	PENDING	PENDING	PENDING	2000000624	20.00000624	p2wpkh	6	in-band	PENDING	PENDING
bc1qlket87tp89ufddwsd3u5wzz4n5czunx6sqhuzx	PENDING	PENDING	PENDING	2000000624	20.00000624	p2wpkh	6	in-band	PENDING	PENDING
bc1qlr2xx482tl9gxvg8dsn8m4ha3cwaspx5sv5rs3	PENDING	PENDING	PENDING	2000000624	20.00000624	p2wpkh	6	in-band	PENDING	PENDING
bc1qlreqc2v4u4ru0v5r6xqynmk9zq4rxdckwaaqkx	PENDING	PENDING	PENDING	2000000624	20.00000624	p2wpkh	6	in-band	PENDING	PENDING
bc1qlzgqv3ts944v90u6c8fl4f6qzcntxfkmwrrq38	PENDING	PENDING	PENDING	2000000624	20.00000624	p2wpkh	6	in-band	PENDING	PENDING
bc1qm2h7lptek38atrklfdecyvlg9nrdr4g4q3lne7	PENDING	PENDING	PENDING	2000000624	20.00000624	p2wpkh	6	in-band	PENDING	PENDING
bc1qm2yncy76p2vy85zkr298evwtv5d0sun4w066lx	PENDING	PENDING	PENDING	2000000624	20.00000624	p2wpkh	6	in-band	PENDING	PENDING
bc1qm5qvk0xzec44ntn5jy35gfr7g0x0lk2al4udzg	PENDING	PENDING	PENDING	2000000624	20.00000624	p2wpkh	6	in-band	PENDING	PENDING
bc1qm6jsqkxnj46ncu9aze5rcuncfwhawnard0f9kx	PENDING	PENDING	PENDING	2000000624	20.00000624	p2wpkh	6	in-band	PENDING	PENDING
bc1qm7k42kw2dmc366m882fy67yyj9fnjse4rfmzlz	PENDING	PENDING	PENDING	2000000624	20.00000624	p2wpkh	6	in-band	PENDING	PENDING
bc1qm93n6ut68gsy8a2q8pq7znwjgue997gm994r2q	PENDING	PENDING	PENDING	2000000624	20.00000624	p2wpkh	6	in-band	PENDING	PENDING
bc1qme5vjfnue8jzdd68eqmvhqhpx6g8ewdhc3l2mt	PENDING	PENDING	PENDING	2000000624	20.00000624	p2wpkh	6	in-band	PENDING	PENDING
bc1qmhnc3sa3hxzu7ve65tyv3p462gmds52hgwq6eq	PENDING	PENDING	PENDING	2000000624	20.00000624	p2wpkh	6	in-band	PENDING	PENDING
bc1qmm5hmvezfpq8tzgmgn02arwe8z39lmykjzt97n	PENDING	PENDING	PENDING	2000000624	20.00000624	p2wpkh	6	in-band	PENDING	PENDING
bc1qmqw3p49kh29pndxlqvnfs2mc063nmtyqt8wz9j	PENDING	PENDING	PENDING	2000000624	20.00000624	p2wpkh	6	in-band	PENDING	PENDING
bc1qmt57ueqensncza9sevegaqgz6a8n6qr8pu8ge6	PENDING	PENDING	PENDING	2000000624	20.00000624	p2wpkh	6	in-band	PENDING	PENDING
bc1qmww0xsm96sxzd8emrst69f5jyprd5a2sxgl80f	PENDING	PENDING	PENDING	2000000624	20.00000624	p2wpkh	6	in-band	PENDING	PENDING
bc1qmzjqejvc3ewdrs68acut8qh7ymlrqgnqla6p4n	PENDING	PENDING	PENDING	2000000624	20.00000624	p2wpkh	6	in-band	PENDING	PENDING
bc1qn2ppnayehs5ycdcszsd4fzz45qgqgg0e7hua96	PENDING	PENDING	PENDING	2000000624	20.00000624	p2wpkh	6	in-band	PENDING	PENDING
bc1qn3x2z78pw0fs99wa5e5c20kegcdu4tt388ykzr	PENDING	PENDING	PENDING	2000000624	20.00000624	p2wpkh	6	in-band	PENDING	PENDING
bc1qn6lhwde54wmnjxd8zcjwk5urh4hqflcnyhkvat	PENDING	PENDING	PENDING	2000000624	20.00000624	p2wpkh	6	in-band	PENDING	PENDING
bc1qnaals6r9zgte30v5tapmen0twwxsru206dslyn	PENDING	PENDING	PENDING	2000000624	20.00000624	p2wpkh	6	in-band	PENDING	PENDING
bc1qndhyk9n8zht9ch77mdvl2dulj9d55693yjygnh	PENDING	PENDING	PENDING	2000000624	20.00000624	p2wpkh	6	in-band	PENDING	PENDING
bc1qndm62fz837844kaxg9sywjmkrwyfdff90me3dh	PENDING	PENDING	PENDING	2000000624	20.00000624	p2wpkh	6	in-band	PENDING	PENDING
bc1qnh9qyp2r9msmv9r4zp9ppvy9q0tyfxjpkm2nxm	PENDING	PENDING	PENDING	2000000624	20.00000624	p2wpkh	6	in-band	PENDING	PENDING
bc1qnl6d7uwlvj9emjn7zu0ymutvy5pfn0mxyzl5qg	PENDING	PENDING	PENDING	2000000624	20.00000624	p2wpkh	6	in-band	PENDING	PENDING
bc1qnnffuqslulwfcaz8e9yrex7x0wkz8wdfclw24h	PENDING	PENDING	PENDING	2000000624	20.00000624	p2wpkh	6	in-band	PENDING	PENDING
bc1qns72655esqvgllx6dqj6tatj0s38a02hkyjr77	PENDING	PENDING	PENDING	2000000624	20.00000624	p2wpkh	6	in-band	PENDING	PENDING
bc1qp3kpmpdl0mz4zkqlqh9rj7w72270nsp2zm75v7	PENDING	PENDING	PENDING	2000000624	20.00000624	p2wpkh	6	in-band	PENDING	PENDING
bc1qp74eywduj3xye5x7877g7z7d74w0dcyhlq8eaj	PENDING	PENDING	PENDING	2000000624	20.00000624	p2wpkh	6	in-band	PENDING	PENDING
bc1qp8r5yhrwyjvk4hjzw5d4unaq93w67dn67snyvu	PENDING	PENDING	PENDING	2000000624	20.00000624	p2wpkh	6	in-band	PENDING	PENDING
bc1qp9z4pz2thumrfny20g9sjcvxp78myrl0kwlqkx	PENDING	PENDING	PENDING	2000000624	20.00000624	p2wpkh	6	in-band	PENDING	PENDING
bc1qpc7h2sxa99khzxq2t9dgtf76xykv5sev2j4r68	PENDING	PENDING	PENDING	2000000624	20.00000624	p2wpkh	6	in-band	PENDING	PENDING
bc1qpcwz77e43v5x635x9plfftsrlqpqfhtxtyks47	PENDING	PENDING	PENDING	2000000624	20.00000624	p2wpkh	6	in-band	PENDING	PENDING
bc1qpf2m9hjrnsuzzd88lsfl9f94updy7gve4f4r59	PENDING	PENDING	PENDING	2000000624	20.00000624	p2wpkh	6	in-band	PENDING	PENDING
bc1qphfc3l49dc78c920dfn2sx7cepu2yyug2vach9	PENDING	PENDING	PENDING	2000000624	20.00000624	p2wpkh	6	in-band	PENDING	PENDING
bc1qpj92z9etndtktrd45jfcwn4kjafswwcmm90j6s	PENDING	PENDING	PENDING	2000000624	20.00000624	p2wpkh	6	in-band	PENDING	PENDING
bc1qpkam2vqu9p8h2pc4fxwtlp693skzdcxurwcy47	PENDING	PENDING	PENDING	2000000624	20.00000624	p2wpkh	6	in-band	PENDING	PENDING
bc1qplu08e5hjsmtml08fekm02p73q29d304lvdsfk	PENDING	PENDING	PENDING	2000000624	20.00000624	p2wpkh	6	in-band	PENDING	PENDING
bc1qpn7hs2k0ez4l72kpwag36j07e58ufjy0snpjff	PENDING	PENDING	PENDING	2000000624	20.00000624	p2wpkh	6	in-band	PENDING	PENDING
bc1qpwmsdyh6elz0r309hrq66k99hs6kfhw7mkc53p	PENDING	PENDING	PENDING	2000000624	20.00000624	p2wpkh	6	in-band	PENDING	PENDING
bc1qpzp6d0hlx5ya39vp9ju00phcqsx6gx09hue28s	PENDING	PENDING	PENDING	2000000624	20.00000624	p2wpkh	6	in-band	PENDING	PENDING
bc1qpztme3pg4u30062f0q34uxkdkp0zfjqkk7v35n	PENDING	PENDING	PENDING	2000000624	20.00000624	p2wpkh	6	in-band	PENDING	PENDING
bc1qq4d23v0cgl5y5ep9kpp7naatew3c2x6x5uva7l	PENDING	PENDING	PENDING	2000000624	20.00000624	p2wpkh	6	in-band	PENDING	PENDING
bc1qq4ezjp4tak699pkw6uwpmqlcwjy4frsmwj5320	PENDING	PENDING	PENDING	2000000624	20.00000624	p2wpkh	6	in-band	PENDING	PENDING
bc1qq5852cewjvugh6vgud5tqnfysqdyxnqrdcta4m	PENDING	PENDING	PENDING	2000000624	20.00000624	p2wpkh	6	in-band	PENDING	PENDING
bc1qqh43rx0t8efwfsvljrgzg6mdxnl3krlux2wtlf	PENDING	PENDING	PENDING	2000000624	20.00000624	p2wpkh	6	in-band	PENDING	PENDING
bc1qqlhjf4sg4ykwvfx8kscts5w5n2p8zt9l6g5ngm	PENDING	PENDING	PENDING	2000000624	20.00000624	p2wpkh	6	in-band	PENDING	PENDING
bc1qqu0w2rq05ws7xpsakrlayn2e4nsa5t9lhe8a78	PENDING	PENDING	PENDING	2000000624	20.00000624	p2wpkh	6	in-band	PENDING	PENDING
bc1qqzatyecqu2n5p4ht5a2kapchc8amuc4gka67kk	PENDING	PENDING	PENDING	2000000624	20.00000624	p2wpkh	6	in-band	PENDING	PENDING
bc1qr9parpvzm9u5y8gy4l5f56jh96rlrx6hucjwjv	PENDING	PENDING	PENDING	2000000624	20.00000624	p2wpkh	6	in-band	PENDING	PENDING
bc1qrcag5ag7verqcwuzfgp2c3rjw272979jg7t79r	PENDING	PENDING	PENDING	2000000624	20.00000624	p2wpkh	6	in-band	PENDING	PENDING
bc1qrgjv2u7mses9nqaevjknsapv4japru6mf09e9d	PENDING	PENDING	PENDING	2000000624	20.00000624	p2wpkh	6	in-band	PENDING	PENDING
bc1qrglrdzh8756xvm8mkc6sekktg3w32umxrk8fv6	PENDING	PENDING	PENDING	2000000624	20.00000624	p2wpkh	6	in-band	PENDING	PENDING
bc1qrhj099ddudt498rn4jdqv03nqa4c3xwzw90knn	PENDING	PENDING	PENDING	2000000624	20.00000624	p2wpkh	6	in-band	PENDING	PENDING
bc1qrjpdq5j7yk63rmf3qcss8wsgfhsyu0hr5welzt	PENDING	PENDING	PENDING	2000000624	20.00000624	p2wpkh	6	in-band	PENDING	PENDING
bc1qrkeptn65p06jsrksn3eplg7mxar7a6a3sg455r	PENDING	PENDING	PENDING	2000000624	20.00000624	p2wpkh	6	in-band	PENDING	PENDING
bc1qrmxa9rlnndh0f34tvqfxjqqx4pmzxxsla68hhh	PENDING	PENDING	PENDING	2000000624	20.00000624	p2wpkh	6	in-band	PENDING	PENDING
bc1qrnrprmeqyqwxxvyys0hxky0lp9lx9nqyv32f3m	PENDING	PENDING	PENDING	2000000624	20.00000624	p2wpkh	6	in-band	PENDING	PENDING
bc1qrut4alqa5l0034r9mqlfhzfwklv4sjjuhv4k2y	PENDING	PENDING	PENDING	2000000624	20.00000624	p2wpkh	6	in-band	PENDING	PENDING
bc1qruzh076r60tt585dkhfpk0pwpssxdmrzafxf0s	PENDING	PENDING	PENDING	2000000624	20.00000624	p2wpkh	6	in-band	PENDING	PENDING
bc1qrv745lnchlw7qcf5xdr3tguxwgpspsy8dynx4e	PENDING	PENDING	PENDING	2000000624	20.00000624	p2wpkh	6	in-band	PENDING	PENDING
bc1qrwlgwzamtdjv7w0wdpg5d52pxdfz8z647gufjn	PENDING	PENDING	PENDING	2000000624	20.00000624	p2wpkh	6	in-band	PENDING	PENDING
bc1qrwxzhq00rauyertyqvcz9qv9njyn3u2emlf6hn	PENDING	PENDING	PENDING	2000000624	20.00000624	p2wpkh	6	in-band	PENDING	PENDING
bc1qrxck4dpauy5ej3eltwqpx2lpzvccsrqlsf5txe	PENDING	PENDING	PENDING	2000000624	20.00000624	p2wpkh	6	in-band	PENDING	PENDING
bc1qrzcr5xh5f7yl3k3lltdk5gsxyml4t2lcntkf4c	PENDING	PENDING	PENDING	2000000624	20.00000624	p2wpkh	6	in-band	PENDING	PENDING
bc1qs0tmwm847purrx6rc5t06s6w6k5y3hzn2xg0rl	PENDING	PENDING	PENDING	2000000624	20.00000624	p2wpkh	6	in-band	PENDING	PENDING
bc1qs2530klg7ckpyef7qnr3q820ygd4xdwxljdyr0	PENDING	PENDING	PENDING	2000000624	20.00000624	p2wpkh	6	in-band	PENDING	PENDING
bc1qs468fqqlwnckpyzcxdc7asykepesaqj3h8newt	PENDING	PENDING	PENDING	2000000624	20.00000624	p2wpkh	6	in-band	PENDING	PENDING
bc1qs4f26as0ttfjaz4ks4hdz8pqfp2q48pwjq0az7	PENDING	PENDING	PENDING	2000000624	20.00000624	p2wpkh	6	in-band	PENDING	PENDING
bc1qs4f5ada7qvwzu38d7tgh0zurw470z47jr3djas	PENDING	PENDING	PENDING	2000000624	20.00000624	p2wpkh	6	in-band	PENDING	PENDING
bc1qs4sk6a0tp3mem7t4w074vx2xzf2qrxxk6ptu9y	PENDING	PENDING	PENDING	2000000624	20.00000624	p2wpkh	6	in-band	PENDING	PENDING
bc1qs6ew4gvpfym4d48sz86nv3pnfe4xudtt9qz0w8	PENDING	PENDING	PENDING	2000000624	20.00000624	p2wpkh	6	in-band	PENDING	PENDING
bc1qs6puy279xkd872sfdgr2fjz09yjsk8aw5gkq6x	PENDING	PENDING	PENDING	2000000624	20.00000624	p2wpkh	6	in-band	PENDING	PENDING
bc1qs6sujdyw7dmmhdc76zxrntxg8xg3sff370kykd	PENDING	PENDING	PENDING	2000000624	20.00000624	p2wpkh	6	in-band	PENDING	PENDING
bc1qsc4rfd8m873vwm8av6nxnssudzy4cekry7wdzu	PENDING	PENDING	PENDING	2000000624	20.00000624	p2wpkh	6	in-band	PENDING	PENDING
bc1qsk2l96phm8waknvumyzn9q55qz4fhut22tlrp4	PENDING	PENDING	PENDING	2000000624	20.00000624	p2wpkh	6	in-band	PENDING	PENDING
bc1qskfs2xtpc7fzt8enk7xsx3xpqdc0a7h3nztywj	PENDING	PENDING	PENDING	2000000624	20.00000624	p2wpkh	6	in-band	PENDING	PENDING
bc1qskv5jqmm50zveu0f6nuwpenyle3y4g8ru3ft0a	PENDING	PENDING	PENDING	2000000624	20.00000624	p2wpkh	6	in-band	PENDING	PENDING
bc1qslh5tk2l384p8xqdm2yg7lvr8h6gsnnfey2w8v	PENDING	PENDING	PENDING	2000000624	20.00000624	p2wpkh	6	in-band	PENDING	PENDING
bc1qspwk47zqagup3nl88wz97vrsarpna0ar0mup44	PENDING	PENDING	PENDING	2000000624	20.00000624	p2wpkh	6	in-band	PENDING	PENDING
bc1qsq2caug5aw99ncgy8m9e7qf6r3589hu8ndgupl	PENDING	PENDING	PENDING	2000000624	20.00000624	p2wpkh	6	in-band	PENDING	PENDING
bc1qsyek6f3gj33slzsgwhjtcf6qamr0gkre3ancvp	PENDING	PENDING	PENDING	2000000624	20.00000624	p2wpkh	6	in-band	PENDING	PENDING
bc1qt2g6lsc8ury44vcn78p968yckdmfnepp6wvrx3	PENDING	PENDING	PENDING	2000000624	20.00000624	p2wpkh	6	in-band	PENDING	PENDING
bc1qt3jw7ehg9ae2t2d503vg3yf542lkl2e99y6ust	PENDING	PENDING	PENDING	2000000624	20.00000624	p2wpkh	6	in-band	PENDING	PENDING
bc1qt5e88quear7yv5zn8zweys7ray2aytlpv0y6u8	PENDING	PENDING	PENDING	2000000624	20.00000624	p2wpkh	6	in-band	PENDING	PENDING
bc1qt7xs6s3wprwwhmaz3wsw648p4xqny8e004ksl5	PENDING	PENDING	PENDING	2000000624	20.00000624	p2wpkh	6	in-band	PENDING	PENDING
bc1qt9dzy677l5rats2tdjaymptjdnrmqat4m7z38w	PENDING	PENDING	PENDING	2000000624	20.00000624	p2wpkh	6	in-band	PENDING	PENDING
bc1qt9xp7mcjzk726sqwdt88f5n8lr8ezlrdpgmyz7	PENDING	PENDING	PENDING	2000000624	20.00000624	p2wpkh	6	in-band	PENDING	PENDING
bc1qta5qzswffrjern2qksmq9ljmdg4k036l07z8ky	PENDING	PENDING	PENDING	2000000624	20.00000624	p2wpkh	6	in-band	PENDING	PENDING
bc1qtfv6p5ngp60wtfkerphrv87sjsptx9aqa58ay2	PENDING	PENDING	PENDING	2000000624	20.00000624	p2wpkh	6	in-band	PENDING	PENDING
bc1qtkqhtddkfzeq599xvhrqfgh0pjf6ap3nqahslg	PENDING	PENDING	PENDING	2000000624	20.00000624	p2wpkh	6	in-band	PENDING	PENDING
bc1qtlv2ljky2z3prz74n8809d28lh3865jhwh6hgf	PENDING	PENDING	PENDING	2000000624	20.00000624	p2wpkh	6	in-band	PENDING	PENDING
bc1qtpqg7emnel5a84rhzywyz8548wpa8g3qm0y4cp	PENDING	PENDING	PENDING	2000000624	20.00000624	p2wpkh	6	in-band	PENDING	PENDING
bc1qtqueharuappwrgxk6zl5c8ygm0h5x59dsyg34q	PENDING	PENDING	PENDING	2000000624	20.00000624	p2wpkh	6	in-band	PENDING	PENDING
bc1qtt765evmt2t5yz2nu3mwstgx7mvx6938n7dnqv	PENDING	PENDING	PENDING	2000000624	20.00000624	p2wpkh	6	in-band	PENDING	PENDING
bc1qtwqynwpszverapzvxvu4ftmgzjzpgzvjxnru7u	PENDING	PENDING	PENDING	2000000624	20.00000624	p2wpkh	6	in-band	PENDING	PENDING
bc1qtxc9uv2e0kqxj05zm2mq4r9473m24ge926u5lh	PENDING	PENDING	PENDING	2000000624	20.00000624	p2wpkh	6	in-band	PENDING	PENDING
bc1qtzgwpwzldjyt9ltujrppr463kdrfxxfxy0ky7h	PENDING	PENDING	PENDING	2000000624	20.00000624	p2wpkh	6	in-band	PENDING	PENDING
bc1qu2x34cg7x4as7p6c3f63mx75dacp5zhqy7laap	PENDING	PENDING	PENDING	2000000624	20.00000624	p2wpkh	6	in-band	PENDING	PENDING
bc1qu63n7f2m5lh50ke5s5xs22qkeeey7lld92qf2q	PENDING	PENDING	PENDING	2000000624	20.00000624	p2wpkh	6	in-band	PENDING	PENDING
bc1qufdr29clsu3m244pmdjuxhrumepyrs2u7a7d8a	PENDING	PENDING	PENDING	2000000624	20.00000624	p2wpkh	6	in-band	PENDING	PENDING
bc1qugwu598n2zd2mj7l6llarpdkjl5tslakuu7zjk	PENDING	PENDING	PENDING	2000000624	20.00000624	p2wpkh	6	in-band	PENDING	PENDING
bc1quh6utphnx5ufgm4jwnad45yspcu9mu3e0d46sy	PENDING	PENDING	PENDING	2000000624	20.00000624	p2wpkh	6	in-band	PENDING	PENDING
bc1qup5q48ldddkmea0dx974jwjfnqv93ez7m8xpkc	PENDING	PENDING	PENDING	2000000624	20.00000624	p2wpkh	6	in-band	PENDING	PENDING
bc1qup7l5ymd4vckewd7xhd5zeenqgnu26gnpr2vnj	PENDING	PENDING	PENDING	2000000624	20.00000624	p2wpkh	6	in-band	PENDING	PENDING
bc1quvrztphej332ap9c4mp33ld2zajhjt3hrx27r0	PENDING	PENDING	PENDING	2000000624	20.00000624	p2wpkh	6	in-band	PENDING	PENDING
bc1quzsqskcqhntlyf0hr7uztux6etw0lnjal7yds5	PENDING	PENDING	PENDING	2000000624	20.00000624	p2wpkh	6	in-band	PENDING	PENDING
bc1qv25wam2klx94gnjfshda5ty2glnven98qwvcde	PENDING	PENDING	PENDING	2000000624	20.00000624	p2wpkh	6	in-band	PENDING	PENDING
bc1qv4eqxmk5ssfsn72zkg6mqal5dukfu7urqgdj3s	PENDING	PENDING	PENDING	2000000624	20.00000624	p2wpkh	6	in-band	PENDING	PENDING
bc1qv8ghk00hyqgugfqwrutluum9k0uc3e2wz0nmax	PENDING	PENDING	PENDING	2000000624	20.00000624	p2wpkh	6	in-band	PENDING	PENDING
bc1qvgv2y5jnpv6tc54927pp6sxltsgklvrt2jqvgu	PENDING	PENDING	PENDING	2000000624	20.00000624	p2wpkh	6	in-band	PENDING	PENDING
bc1qvr04k5uqg2sgg9yu8zv9gc4t0nmqr5h9mre907	PENDING	PENDING	PENDING	2000000624	20.00000624	p2wpkh	6	in-band	PENDING	PENDING
bc1qvurgqfd6ap2h2j6h9e046s4rc7qzx0hs74tjrn	PENDING	PENDING	PENDING	2000000624	20.00000624	p2wpkh	6	in-band	PENDING	PENDING
bc1qvy9wj4pw4grsxjvylhfu4vzstfe6drwegmsu2y	PENDING	PENDING	PENDING	2000000624	20.00000624	p2wpkh	6	in-band	PENDING	PENDING
bc1qvyvpadrgyfyfu2lyzpawk5zhcefr7fv9hs70hj	PENDING	PENDING	PENDING	2000000624	20.00000624	p2wpkh	6	in-band	PENDING	PENDING
bc1qvywweq2nwfc4vmk47x26s5q2ydrqkk20mh6jll	PENDING	PENDING	PENDING	2000000624	20.00000624	p2wpkh	6	in-band	PENDING	PENDING
bc1qvzvnlwekycgdt0pmq6planyek597rnpc2rs95n	PENDING	PENDING	PENDING	2000000624	20.00000624	p2wpkh	6	in-band	PENDING	PENDING
bc1qw2n59u8qdnlphyhhq3z4nsdcjnel028y7k7ha6	PENDING	PENDING	PENDING	2000000624	20.00000624	p2wpkh	6	in-band	PENDING	PENDING
bc1qw3t0zkyxzsakrexnr40c6u5av9gez2p303wpxt	PENDING	PENDING	PENDING	2000000624	20.00000624	p2wpkh	6	in-band	PENDING	PENDING
bc1qw3zr0g3zdns2ln0jh7l95xxm9gnvsjagskwrkj	PENDING	PENDING	PENDING	2000000624	20.00000624	p2wpkh	6	in-band	PENDING	PENDING
bc1qw5ntu5tyfwu6guy70zfl6x4mwstcw484h5rjhk	PENDING	PENDING	PENDING	2000000624	20.00000624	p2wpkh	6	in-band	PENDING	PENDING
bc1qw7kmf2ka493pkg3dcw9836xwuhf7eh3qfsdqny	PENDING	PENDING	PENDING	2000000624	20.00000624	p2wpkh	6	in-band	PENDING	PENDING
bc1qw88hjmfmwhfjlzt0r3nrcnqclz0ku87kxqq04n	PENDING	PENDING	PENDING	2000000624	20.00000624	p2wpkh	6	in-band	PENDING	PENDING
bc1qw8yr9trf3yqzwxxhmzlgh4zk9gdq27pgeeyszl	PENDING	PENDING	PENDING	2000000624	20.00000624	p2wpkh	6	in-band	PENDING	PENDING
bc1qw9sem5gyw0prpaaa8cncj87qdv68zcdlcnfs9w	PENDING	PENDING	PENDING	2000000624	20.00000624	p2wpkh	6	in-band	PENDING	PENDING
bc1qwakf7kh3detqqdfk3yc5gqzpywt5eh3qc7jv32	PENDING	PENDING	PENDING	2000000624	20.00000624	p2wpkh	6	in-band	PENDING	PENDING
bc1qwaxcr35ls3ydr77kaxrdppcegpucdvjyw8xqfw	PENDING	PENDING	PENDING	2000000624	20.00000624	p2wpkh	6	in-band	PENDING	PENDING
bc1qwcxp4k98pjcuxguvkcawvm5xslzzvgv00td95u	PENDING	PENDING	PENDING	2000000624	20.00000624	p2wpkh	6	in-band	PENDING	PENDING
bc1qwdxwgpqt7uzca0yr5wc8vflzfnk4eekc3xtrgh	PENDING	PENDING	PENDING	2000000624	20.00000624	p2wpkh	6	in-band	PENDING	PENDING
bc1qwejlchtapmaveeuk3zjh7sszgu45jt0k9nslgv	PENDING	PENDING	PENDING	2000000624	20.00000624	p2wpkh	6	in-band	PENDING	PENDING
bc1qwgzh2tyxxkvu8v0ru0mmydfawpsuctg4cd56cf	PENDING	PENDING	PENDING	2000000624	20.00000624	p2wpkh	6	in-band	PENDING	PENDING
bc1qwx8vwr2zcae2qk6hkvasxu4ut0c259jkp5nesh	PENDING	PENDING	PENDING	2000000624	20.00000624	p2wpkh	6	in-band	PENDING	PENDING
bc1qwz2crm80c6sf4f7jy7r2etc9xwqrtrv2amgv5u	PENDING	PENDING	PENDING	2000000624	20.00000624	p2wpkh	6	in-band	PENDING	PENDING
bc1qx0rt44qlerp4xsa5m4jametlyjwxdzcdnpjlyg	PENDING	PENDING	PENDING	2000000624	20.00000624	p2wpkh	6	in-band	PENDING	PENDING
bc1qx48cr34hhm7s9nnnrtk4hfsuu29zyq4gx390vw	PENDING	PENDING	PENDING	2000000624	20.00000624	p2wpkh	6	in-band	PENDING	PENDING
bc1qx8dzgzuhdeqzvqzr2e5k33pqx3vku804v6zy3r	PENDING	PENDING	PENDING	2000000624	20.00000624	p2wpkh	6	in-band	PENDING	PENDING
bc1qx9e2qcu9lx7rfdtmwgvwqnyrzk88a36uy2egr2	PENDING	PENDING	PENDING	2000000624	20.00000624	p2wpkh	6	in-band	PENDING	PENDING
bc1qxctg07f6cpqsj222qwu7kvm3arugjeg6tdaynz	PENDING	PENDING	PENDING	2000000624	20.00000624	p2wpkh	6	in-band	PENDING	PENDING
bc1qxen3hd7ggdhln82t00wszp23qpyp27966gchhu	PENDING	PENDING	PENDING	2000000624	20.00000624	p2wpkh	6	in-band	PENDING	PENDING
bc1qxlx9umd359wnss4txteq5mw34qkxhef8xtnn0t	PENDING	PENDING	PENDING	2000000624	20.00000624	p2wpkh	6	in-band	PENDING	PENDING
bc1qxq9qnptmtncd6mk8xvm5ec957v3y0ztvtlenmn	PENDING	PENDING	PENDING	2000000624	20.00000624	p2wpkh	6	in-band	PENDING	PENDING
bc1qxrn5f5j5z5k2u4h9zh5xesvv37qzsza02hae4w	PENDING	PENDING	PENDING	2000000624	20.00000624	p2wpkh	6	in-band	PENDING	PENDING
bc1qxyuhx5dmn8qhf8usgu2rkjs7azy22twv0dpzxv	PENDING	PENDING	PENDING	2000000624	20.00000624	p2wpkh	6	in-band	PENDING	PENDING
bc1qyck7sqlq9wk08u682nnr7y8qey7lavch67f6fd	PENDING	PENDING	PENDING	2000000624	20.00000624	p2wpkh	6	in-band	PENDING	PENDING
bc1qyks4586y0v6ffv2x899lq8w9nrppfxaccjquhs	PENDING	PENDING	PENDING	2000000624	20.00000624	p2wpkh	6	in-band	PENDING	PENDING
bc1qymlq379trcywt085gyqe2tqqyf7xgenp9uxehp	PENDING	PENDING	PENDING	2000000624	20.00000624	p2wpkh	6	in-band	PENDING	PENDING
bc1qyqe4dz2dfxxm5wf0pgktsruzuc0xe9vjdcpdac	PENDING	PENDING	PENDING	2000000624	20.00000624	p2wpkh	6	in-band	PENDING	PENDING
bc1qyxjvtrtsjuqezawe5fjn4394yg6f3q8vx6lm6v	PENDING	PENDING	PENDING	2000000624	20.00000624	p2wpkh	6	in-band	PENDING	PENDING
bc1qyyee6vf5rnlreyhq9jss607zag2phr0c4sjzwm	PENDING	PENDING	PENDING	2000000624	20.00000624	p2wpkh	6	in-band	PENDING	PENDING
bc1qz20n3qt56fy5d86fjcg40f6y7sd6j2feap8pva	PENDING	PENDING	PENDING	2000000624	20.00000624	p2wpkh	6	in-band	PENDING	PENDING
bc1qz3mengn5sd89jjyr949s377lvlqgexell4swxm	PENDING	PENDING	PENDING	2000000624	20.00000624	p2wpkh	6	in-band	PENDING	PENDING
bc1qz4kgh9rftlly6t9dzqugc27a5n85xkdsc0epnj	PENDING	PENDING	PENDING	2000000624	20.00000624	p2wpkh	6	in-band	PENDING	PENDING
bc1qz6sd23cfp25je747wnpwx8unuh72jwpxus939l	PENDING	PENDING	PENDING	2000000624	20.00000624	p2wpkh	6	in-band	PENDING	PENDING
bc1qzadlca0sceyk4xvmlumrpv537wg4fuefwj7ryv	PENDING	PENDING	PENDING	2000000624	20.00000624	p2wpkh	6	in-band	PENDING	PENDING
bc1qzgjq3jsd8l7antl3kf4qvqjfk2dqp9vg0nydue	PENDING	PENDING	PENDING	2000000624	20.00000624	p2wpkh	6	in-band	PENDING	PENDING
bc1qzpmekfr7chqqsgd0nj3wrpvqc02k4yfssknct9	PENDING	PENDING	PENDING	2000000624	20.00000624	p2wpkh	6	in-band	PENDING	PENDING
bc1qzpsn5djp9plccvd8tyrs8ftzexjvml6fxfum7v	PENDING	PENDING	PENDING	2000000624	20.00000624	p2wpkh	6	in-band	PENDING	PENDING
bc1qzrg3dfhjg9mldyp4qrlzkg5d87nxz8dc8807cj	PENDING	PENDING	PENDING	2000000624	20.00000624	p2wpkh	6	in-band	PENDING	PENDING
bc1qzrkgcx420uflvjxdpmf8ysf7sfw05l73lnhsjy	PENDING	PENDING	PENDING	2000000624	20.00000624	p2wpkh	6	in-band	PENDING	PENDING
bc1qzwukfgecq95c9kenkp3q6alt2c6rmkkkhrmc49	PENDING	PENDING	PENDING	2000000624	20.00000624	p2wpkh	6	in-band	PENDING	PENDING
324S41F75bdjWb9ntpeFUztT1F1F2LgxQe	PENDING	PENDING	PENDING	2000000600	20.00000600	p2sh	6	in-band	PENDING	PENDING
33FxwKfEQj6HKaKPhY6xX4SL2dZrqt89MX	PENDING	PENDING	PENDING	2000000600	20.00000600	p2sh	6	in-band	PENDING	PENDING
33JgRgzG5iAoWzZLiP7Lt46NLHwP9Cjq89	PENDING	PENDING	PENDING	2000000600	20.00000600	p2sh	6	in-band	PENDING	PENDING
33gzoeEnK8mpMauF4SdYPxLAPAWa16vamq	PENDING	PENDING	PENDING	2000000600	20.00000600	p2sh	6	in-band	PENDING	PENDING
37QUPuNEEpdsf2R2g3GuRjjb1XXSvoUbQ3	PENDING	PENDING	PENDING	2000000600	20.00000600	p2sh	6	in-band	PENDING	PENDING
39TJzrvyTg6TdzUoWAEL6k2VHs4oBHafGF	PENDING	PENDING	PENDING	2000000600	20.00000600	p2sh	6	in-band	PENDING	PENDING
3BeM2TjHW4cio9Dm6vjn3BXdqYeyHgJFjD	PENDING	PENDING	PENDING	2000000600	20.00000600	p2sh	6	in-band	PENDING	PENDING
3LWYJG6zpSMN95iEBv4ZhqmZ3MTPibhsnH	PENDING	PENDING	PENDING	2000000600	20.00000600	p2sh	6	in-band	PENDING	PENDING
3LmajaHFwGHLTWPEvVD7rRwJsJsJRJ2MrX	PENDING	PENDING	PENDING	2000000600	20.00000600	p2sh	6	in-band	PENDING	PENDING
bc1qmppvqf90aed2d3uc2z83clnaq29wu5aavmt7msuht0wa96vk53pqvvsfm5	PENDING	PENDING	PENDING	2000000585	20.00000585	p2wsh	6	in-band	PENDING	PENDING
bc1qx6yyrm4kemfl75vxfg6ruvjhxvphsxedvd8twm	PENDING	PENDING	PENDING	2000000501	20.00000501	p2wpkh	6	in-band	PENDING	PENDING
bc1qwvq6zs4kw6ch7cfruxv0vrtztmfrvh5hp0x06l	PENDING	PENDING	PENDING	2000000479	20.00000479	p2wpkh	6	in-band	PENDING	PENDING
3Go5bKYfUvBn3GKTHhDYJ8HqUwa82nNwsw	PENDING	PENDING	PENDING	2000000453	20.00000453	p2sh	6	in-band	PENDING	PENDING
bc1qlway6n4e3arcr8gmsu7hvm83dtfvmmjnxvqwkk	PENDING	PENDING	PENDING	2000000416	20.00000416	p2wpkh	6	in-band	PENDING	PENDING
bc1qrfacqtrnrr7t03k8st8tr3d5df43shh5qkk9ew	PENDING	PENDING	PENDING	2000000415	20.00000415	p2wpkh	6	in-band	PENDING	PENDING
bc1q3ksx820yal0x7c6gx2u7q08nkdynq3ms8rhd8q	PENDING	PENDING	PENDING	2000000404	20.00000404	p2wpkh	6	in-band	PENDING	PENDING
bc1q6crg0cx62mh9paf4h9nyld8x0vwfe3wm2nvc0x	PENDING	PENDING	PENDING	2000000404	20.00000404	p2wpkh	6	in-band	PENDING	PENDING
bc1qdvygu3rn37q6vxn4mpjmw3djdcu4luqtdv8z2z	PENDING	PENDING	PENDING	2000000404	20.00000404	p2wpkh	6	in-band	PENDING	PENDING
bc1qe2rxh8ucmf95cdan976gqpeq9zfu6zgq784ejm	PENDING	PENDING	PENDING	2000000404	20.00000404	p2wpkh	6	in-band	PENDING	PENDING
bc1qful8aalmkfxh44p9wdtddwugzhy232jtl2rvya	PENDING	PENDING	PENDING	2000000404	20.00000404	p2wpkh	6	in-band	PENDING	PENDING
bc1qgdg6tp336h5zcxjd4dyt4g0ueej5030nxtudgn	PENDING	PENDING	PENDING	2000000404	20.00000404	p2wpkh	6	in-band	PENDING	PENDING
bc1qpnlcgrmwy9ye2fcyj82du9zv5qstczkadqk2q8	PENDING	PENDING	PENDING	2000000404	20.00000404	p2wpkh	6	in-band	PENDING	PENDING
bc1qqvn77nlpvtw8w2ktg6te38z0s6ejytrjjpjhp0	PENDING	PENDING	PENDING	2000000404	20.00000404	p2wpkh	6	in-band	PENDING	PENDING
bc1qw83ntanm6pttexphvwfd0a28kp45y0yzh25xl7	PENDING	PENDING	PENDING	2000000404	20.00000404	p2wpkh	6	in-band	PENDING	PENDING
bc1qh9cvn8p2rxk568cjds6vvg7weqjhh0nc7sxfx0	PENDING	PENDING	PENDING	2000000400	20.00000400	p2wpkh	6	in-band	PENDING	PENDING
bc1qndg5672n5sknka7525nrnvk9r6evkkztjqs3a7	PENDING	PENDING	PENDING	2000000393	20.00000393	p2wpkh	6	in-band	PENDING	PENDING
bc1qg2mc3hkxjxa3nl3lt2a982nl80v45gfpjtcvkn	PENDING	PENDING	PENDING	2000000354	20.00000354	p2wpkh	6	in-band	PENDING	PENDING
bc1qr603lry0nhptjnypmm7wthhrkzcml67c4y9hhe	PENDING	PENDING	PENDING	2000000338	20.00000338	p2wpkh	6	in-band	PENDING	PENDING
bc1p02xa7wdn0lasnkgcj3tesd9mu3qupu7h696p8n8kdua38uc7qlhsg39p4h	PENDING	PENDING	PENDING	2000000330	20.00000330	p2tr	6	in-band	PENDING	PENDING
bc1p07sdw39r50p5unhtnnpszthwr07ve3vzs5jh2tdh3kpu2g7uhhksdt2jn4	PENDING	PENDING	PENDING	2000000330	20.00000330	p2tr	6	in-band	PENDING	PENDING
bc1p673xm46m66c5flh9arggg9ut0u0k7u7snuf6pjmdt66gvkkrs2js7aea5q	PENDING	PENDING	PENDING	2000000330	20.00000330	p2tr	6	in-band	PENDING	PENDING
bc1p6gd8skcjuaawnkx4uahtpa58kayrtn5uyerexmkdps9zkjxk3t8q0nuax3	PENDING	PENDING	PENDING	2000000330	20.00000330	p2tr	6	in-band	PENDING	PENDING
bc1p98ce9cl7dsma6tlftp93cr4p384ec6jctqe02xnpmycx0gzyeu0q6cxlkm	PENDING	PENDING	PENDING	2000000330	20.00000330	p2tr	6	in-band	PENDING	PENDING
bc1p9qlhmhml35juazk64hrmalvfvk6mdu3un3y6kkzlaz9gj5udkjgsz7gjg2	PENDING	PENDING	PENDING	2000000330	20.00000330	p2tr	6	in-band	PENDING	PENDING
bc1p9uq9tl9amszqvq0p8zqny7w42jm76g6yt2hd6u2zd5y7nkxg6uhq23vhj7	PENDING	PENDING	PENDING	2000000330	20.00000330	p2tr	6	in-band	PENDING	PENDING
bc1pgsydeuhxegn7k9647jks6fyzknjkdw9kk7aksende3nxcy2p58kqr40wsq	PENDING	PENDING	PENDING	2000000330	20.00000330	p2tr	6	in-band	PENDING	PENDING
bc1pl5mdvwnc07ufp8jk59l9l0geg3rd2gzzue8qnxwp4f0rjy5hwcxqshmna3	PENDING	PENDING	PENDING	2000000330	20.00000330	p2tr	6	in-band	PENDING	PENDING
bc1pm5ef2w5zm79gfhzd4pmy4ctu5hnlljzwfrccdtwxgv6phzr69dfs5tc4jz	PENDING	PENDING	PENDING	2000000330	20.00000330	p2tr	6	in-band	PENDING	PENDING
bc1pstvv885myzy67re8xpl05kwrnkgx2mzxt3990y9530rczmpcyhaqxpf2s5	PENDING	PENDING	PENDING	2000000330	20.00000330	p2tr	6	in-band	PENDING	PENDING
bc1ptnzcqhnupwla3gtug83jpmjxvdvylqpwde299ys5vv42u0j85d8q56ucse	PENDING	PENDING	PENDING	2000000330	20.00000330	p2tr	6	in-band	PENDING	PENDING
bc1pucxkaw3xflhj6rxx09unkjq4qjeersa65cyj5su5955j0ndk0ehq0u5w8z	PENDING	PENDING	PENDING	2000000330	20.00000330	p2tr	6	in-band	PENDING	PENDING
bc1pwzfcc9ae5ywp25apstq5hxdc7lgngak2ahkgs785q3u727yzx0jqw4gr54	PENDING	PENDING	PENDING	2000000330	20.00000330	p2tr	6	in-band	PENDING	PENDING
bc1px8pjlf2l6673ytwqs5l7r5u2jnzh5axd7jmp2y7wu3znueuuf6yq8nv987	PENDING	PENDING	PENDING	2000000330	20.00000330	p2tr	6	in-band	PENDING	PENDING
bc1q0dq4encaa6zth860te5stkt086uf845x9cc45m843vsjsxgevwgsk6g6a3	PENDING	PENDING	PENDING	2000000330	20.00000330	p2wsh	6	in-band	PENDING	PENDING
bc1q0sxj2j56f2l3gl4vkvknuyu8j9f4fe0wy6x7mvacdhfzrastv4rsajv38l	PENDING	PENDING	PENDING	2000000330	20.00000330	p2wsh	6	in-band	PENDING	PENDING
bc1q30503c45ynaze08cj9fevx0t94uqekryrhx7qfyvzu8n2qpst98se4rymz	PENDING	PENDING	PENDING	2000000330	20.00000330	p2wsh	6	in-band	PENDING	PENDING
bc1q3ju87u2qkadsnzyq3yk9wzpw3hx7tyut9svnc35zzmkwsn46ylzsgel7r6	PENDING	PENDING	PENDING	2000000330	20.00000330	p2wsh	6	in-band	PENDING	PENDING
bc1q5xu3wpj3244zs5nyc9lq5grrssg2lmcfgt2gggq7dxsxpaun8gkqh84vgf	PENDING	PENDING	PENDING	2000000330	20.00000330	p2wsh	6	in-band	PENDING	PENDING
bc1q5zdarzr9kau29dlwq38fl7hlgzf07zq5mjwkheveewrwgm40ahmq5tgvw9	PENDING	PENDING	PENDING	2000000330	20.00000330	p2wsh	6	in-band	PENDING	PENDING
bc1q738u8ah6kvyf6mehkcnt5uhmrw2j5mjpfjdcrputj8jthfcu5r9s9t6x2h	PENDING	PENDING	PENDING	2000000330	20.00000330	p2wsh	6	in-band	PENDING	PENDING
bc1q7ylpgxpq3ak8ngg9n3zvgupu95hrjq2etn4ky0qddckx844mwl2qvk48q2	PENDING	PENDING	PENDING	2000000330	20.00000330	p2wsh	6	in-band	PENDING	PENDING
bc1q8nmkz2mdvkeaxdm68jfmjsndvksxgg7hlu236lhkkudkd8w89xmss54tln	PENDING	PENDING	PENDING	2000000330	20.00000330	p2wsh	6	in-band	PENDING	PENDING
bc1q96mh8cn8mav4z2nafekct6p6meqe97sqv50m0lxgdne0pcg7c6zqfqa282	PENDING	PENDING	PENDING	2000000330	20.00000330	p2wsh	6	in-band	PENDING	PENDING
bc1q9ey9plf5rps8vrzx5geq4lvt8uy50mrfdds6sx30s2wsksdpy47qv47flp	PENDING	PENDING	PENDING	2000000330	20.00000330	p2wsh	6	in-band	PENDING	PENDING
bc1q9f0fk95zrpld685v4pxdyksmtltzs3k0rh2n39ezl703fjgr2ehsfahv94	PENDING	PENDING	PENDING	2000000330	20.00000330	p2wsh	6	in-band	PENDING	PENDING
bc1q9zaua5lznm4d40ahahzw7avx5v5nr8v50fmzechm5p4p7ltr0g8qlmfsdt	PENDING	PENDING	PENDING	2000000330	20.00000330	p2wsh	6	in-band	PENDING	PENDING
bc1qa06fc7ntjfscxj4qe5dh8elfjnkyedht8mndl0	PENDING	PENDING	PENDING	2000000330	20.00000330	p2wpkh	6	in-band	PENDING	PENDING
bc1qaqnseclk58ssajafwn79em93x3mxxlvc3zc04h2mltya8lxeyczqa4mnyy	PENDING	PENDING	PENDING	2000000330	20.00000330	p2wsh	6	in-band	PENDING	PENDING
bc1qaz9pexu6p24my0zrlxmuzlml3jzpchxnpruea3cuguzp32sl0assmxdkpu	PENDING	PENDING	PENDING	2000000330	20.00000330	p2wsh	6	in-band	PENDING	PENDING
bc1qcgtuzp7qmy4yr5700ye68ejdndxptk8d22w2vsurqmc9vwwzvd2sw8ydv8	PENDING	PENDING	PENDING	2000000330	20.00000330	p2wsh	6	in-band	PENDING	PENDING
bc1qe7ejs893g4cmps39hzz2vee99hjrl4pykvfzyp35dw5sms0tjdysrkenpr	PENDING	PENDING	PENDING	2000000330	20.00000330	p2wsh	6	in-band	PENDING	PENDING
bc1qe8y9950ru0kj244ar2n4pv7kmykvfx0xt5q5f68cu40rqu0ykpxq9ldjns	PENDING	PENDING	PENDING	2000000330	20.00000330	p2wsh	6	in-band	PENDING	PENDING
bc1qet9c7s75zjteqf8hujfyctqp7zpckzkyqkcztqdetm5qwrs3ugts3s7q5u	PENDING	PENDING	PENDING	2000000330	20.00000330	p2wsh	6	in-band	PENDING	PENDING
bc1qetxqe7qmd6gnj5xus2swwgasnc56dz0l3e4awtr9uvcemcnmdg6qcxewn8	PENDING	PENDING	PENDING	2000000330	20.00000330	p2wsh	6	in-band	PENDING	PENDING
bc1qfgu223maxqwpffyj9fd2xgsveedwztzfj3srkz	PENDING	PENDING	PENDING	2000000330	20.00000330	p2wpkh	6	in-band	PENDING	PENDING
bc1qfv2vrgdsm0gmjjatmsuw58qrqzavtdxhvz970r8d4wu2n8fu50ms97hcmq	PENDING	PENDING	PENDING	2000000330	20.00000330	p2wsh	6	in-band	PENDING	PENDING
bc1qg3xz63ek4vljerm5spgwl5trwru95fgjvnwav4crskcvjfckh77qs9l4cc	PENDING	PENDING	PENDING	2000000330	20.00000330	p2wsh	6	in-band	PENDING	PENDING
bc1qg84a9qgahy9mry0ptj6463l4y30qc88jluctdml3znnvax6fay7s0m64n6	PENDING	PENDING	PENDING	2000000330	20.00000330	p2wsh	6	in-band	PENDING	PENDING
bc1qh4wdqm4a3p42guerfpqjq3d3ap2fwz4sudqe72k7whwz0udlkzpqm0sj3m	PENDING	PENDING	PENDING	2000000330	20.00000330	p2wsh	6	in-band	PENDING	PENDING
bc1qhz43h9wxmgvufdy2n5cqv9stgdr3f9v8ssw0qnj24aw8lhg64rcqquxzu2	PENDING	PENDING	PENDING	2000000330	20.00000330	p2wsh	6	in-band	PENDING	PENDING
bc1qlxagqtgct38x4dsda0r634hmu3gsne66v37xmuwg72emxf32399sewr7r5	PENDING	PENDING	PENDING	2000000330	20.00000330	p2wsh	6	in-band	PENDING	PENDING
bc1qmq963s7kaypwkz0g7hfpvwh4k7u4xmr2fa7fsddcu0dzytz6hj3qq0gh9a	PENDING	PENDING	PENDING	2000000330	20.00000330	p2wsh	6	in-band	PENDING	PENDING
bc1qmr8wxcpc3xdvrgcst6hmlv5ycwqcf7ts9mqclsn5hx059t6lyq9su0dydv	PENDING	PENDING	PENDING	2000000330	20.00000330	p2wsh	6	in-band	PENDING	PENDING
bc1qn5tycqf8saw45f99w897pchutwrggun9qdghzcpld5zu2jlqhmcsjdp7px	PENDING	PENDING	PENDING	2000000330	20.00000330	p2wsh	6	in-band	PENDING	PENDING
bc1qntl9fuzntrutdyss7dlvze6xctwg378tjadfv6axk6uldccrmjlq0zemtt	PENDING	PENDING	PENDING	2000000330	20.00000330	p2wsh	6	in-band	PENDING	PENDING
bc1qp6jkyeu0qc9gktnanywfh9u3rgsp3dv2mjhz73hmah9l6f56av8qkpa3q4	PENDING	PENDING	PENDING	2000000330	20.00000330	p2wsh	6	in-band	PENDING	PENDING
bc1qq3f06rmzlth8vpcfddys0fcq9fmkxk8x72r9edrvm9apj2cz2aequulv9v	PENDING	PENDING	PENDING	2000000330	20.00000330	p2wsh	6	in-band	PENDING	PENDING
bc1qtlwzazmavwc78jjnn9dmdchsj9smwqn8n23m00ml0yxy4yf4frdq3l4rqp	PENDING	PENDING	PENDING	2000000330	20.00000330	p2wsh	6	in-band	PENDING	PENDING
bc1qtutks0damp3f8lmm0dualue4wha3qma7pdl44cvl6kfccmdpq2wsgtmclg	PENDING	PENDING	PENDING	2000000330	20.00000330	p2wsh	6	in-band	PENDING	PENDING
bc1qu5jpj3j0tqd3k548clvrhytttzzwcnk7p2d7mlqtfsxaf73dtnaqrpnmal	PENDING	PENDING	PENDING	2000000330	20.00000330	p2wsh	6	in-band	PENDING	PENDING
bc1qu8ceaq5ywtwdxu4e6a0s5ycakj9dfyflts4z33	PENDING	PENDING	PENDING	2000000330	20.00000330	p2wpkh	6	in-band	PENDING	PENDING
bc1quhsq98vqnqm7jpl44phkuqk93jy064g4hakew9	PENDING	PENDING	PENDING	2000000330	20.00000330	p2wpkh	6	in-band	PENDING	PENDING
bc1qur7mxg926rvw7mztc58vhvda5yu30vks2dqyg0j5mk7v3de60twqf66dc6	PENDING	PENDING	PENDING	2000000330	20.00000330	p2wsh	6	in-band	PENDING	PENDING
bc1qv9fl9j2qqys6khwr4p8d6jmsjw9y4relc58e9gnewyvfwutrq4mqvvrflk	PENDING	PENDING	PENDING	2000000330	20.00000330	p2wsh	6	in-band	PENDING	PENDING
bc1qw30hdnec2ktzaeyled7x3cwmvvuhcwfxqx8uyucpyjxryp30jl0smgrvrr	PENDING	PENDING	PENDING	2000000330	20.00000330	p2wsh	6	in-band	PENDING	PENDING
bc1qyu5xymfze9x76tmxuzcrnj4txegrx7tquguvkka89gswl4a008sq5xzejx	PENDING	PENDING	PENDING	2000000330	20.00000330	p2wsh	6	in-band	PENDING	PENDING
bc1qyytzgv8gq2kurcvjluys7anl3lu97jtt6p0xr6rp97tqhf5l6s6qymkvh6	PENDING	PENDING	PENDING	2000000330	20.00000330	p2wsh	6	in-band	PENDING	PENDING
bc1qzykjayv9nrwsuxpr9zg2tvul4mdue4kcf3r70vcp8jn7742wzxjq75204e	PENDING	PENDING	PENDING	2000000330	20.00000330	p2wsh	6	in-band	PENDING	PENDING
bc1q24eg6naf89s8whyny83uc4tdxzy2v9p7u7en8encwcg6yde4n0ss05m89z	PENDING	PENDING	PENDING	2000000286	20.00000286	p2wsh	6	in-band	PENDING	PENDING
bc1qljf6f3uxv6wey2umrfuttdkc4ha7rl93lwsqht	PENDING	PENDING	PENDING	2000000261	20.00000261	p2wpkh	6	in-band	PENDING	PENDING
bc1qj276lnl6g227vsw28e25zx0vn9nm02m380yqv6	PENDING	PENDING	PENDING	2000000159	20.00000159	p2wpkh	6	in-band	PENDING	PENDING
bc1qvesx8r570q0rfuf598zykn3h8ac6p48esfpsv099908elzey8jwqd9s2f8	PENDING	PENDING	PENDING	2000000153	20.00000153	p2wsh	6	in-band	PENDING	PENDING
bc1q8nxd09qx68l97gwmej3nxdpwsucd0sy6xu6vd0yczxeupzkc0hasuufym0	PENDING	PENDING	PENDING	2000000106	20.00000106	p2wsh	6	in-band	PENDING	PENDING
bc1qf6e33g6emz62895f6q5dlpc45ydvcads77s5vvytkkty40g5hujq8xqp0d	PENDING	PENDING	PENDING	2000000106	20.00000106	p2wsh	6	in-band	PENDING	PENDING
bc1qmt83s0erxkmcxwu0ywktjn5fpddvn4ukl37fdy	PENDING	PENDING	PENDING	2000000066	20.00000066	p2wpkh	6	in-band	PENDING	PENDING
3ByRdBYyBXMWumVUgX1AN7ZCufsaV95j1Y	PENDING	PENDING	PENDING	2000000058	20.00000058	p2sh	6	in-band	PENDING	PENDING
15eGo47uPpAffjCqnjxDBaEXr3a2R9Cn18	PENDING	PENDING	PENDING	2000000045	20.00000045	p2pkh	6	in-band	PENDING	PENDING
3BGLankk6EEP2XRYE8tQ5iquuH7Tww3DFn	PENDING	PENDING	PENDING	2000000007	20.00000007	p2sh	6	in-band	PENDING	PENDING
35ongbGaEvTsr9FuhzEtbneEVQAH8F44Wk	PENDING	PENDING	PENDING	2000000005	20.00000005	p2sh	6	in-band	PENDING	PENDING
36cWkh7wL73Fk1abaxYdkxEsm6zAUaCts6	PENDING	PENDING	PENDING	2000000001	20.00000001	p2sh	6	in-band	PENDING	PENDING
bc1qxe2qhrnyy94vgntmx4ecn4tvgc4zvs9lfu8regznejnf7vqg7lks6dhgrt	PENDING	PENDING	PENDING	1999999985	19.99999985	p2wsh	6	in-band	PENDING	PENDING
1Gm1GF7T7AnAYGCfq5Fp2RrrdkcuJY7LkK	PENDING	PENDING	PENDING	1999999972	19.99999972	p2pkh	6	in-band	PENDING	PENDING
bc1q02ztwe72qxvudgmf97uzyksv7leas33vamkecp	PENDING	PENDING	PENDING	1999999964	19.99999964	p2wpkh	6	in-band	PENDING	PENDING
bc1qg7wl59u8zlv9ffqmpt65hawat37d6ggee5aryd	PENDING	PENDING	PENDING	1999999944	19.99999944	p2wpkh	6	in-band	PENDING	PENDING
bc1qkxgge2x0t0t8hqv34yrfthr0568eh35qzpd5tr	PENDING	PENDING	PENDING	1999999924	19.99999924	p2wpkh	6	in-band	PENDING	PENDING
bc1qpmnlfmt4nn7df679m6exnxm2ce72yna0jgjpfq	PENDING	PENDING	PENDING	1999999917	19.99999917	p2wpkh	6	in-band	PENDING	PENDING
bc1qzj7htpkslw9adh3d9hlg6z4m7e03tahnzupl5u	PENDING	PENDING	PENDING	1999999897	19.99999897	p2wpkh	6	in-band	PENDING	PENDING
bc1qp8l8qlec42vnfl9zx3kyaz9vlfnsarwynqcm99	PENDING	PENDING	PENDING	1999999896	19.99999896	p2wpkh	6	in-band	PENDING	PENDING
bc1qgq755nz9z3lcspwnm99q4qjqnm8g0lk3yagusn	PENDING	PENDING	PENDING	1999999893	19.99999893	p2wpkh	6	in-band	PENDING	PENDING
3PoVLeDM188B1PSmftkMdtG7Sj11XrbM6N	PENDING	PENDING	PENDING	1999999860	19.99999860	p2sh	6	in-band	PENDING	PENDING
bc1q3zzmtv7xkee4lfkvqemyznmgy4ul8q4w2f3m26	PENDING	PENDING	PENDING	1999999854	19.99999854	p2wpkh	6	in-band	PENDING	PENDING
bc1qudtvav83lraxnfrh3cvsuagah4tr6wmtwuj4v3	PENDING	PENDING	PENDING	1999999854	19.99999854	p2wpkh	6	in-band	PENDING	PENDING
3B5XzJpPkw1ZPsu8cSojvSAzKxwS8PNGZc	PENDING	PENDING	PENDING	1999999828	19.99999828	p2sh	6	in-band	PENDING	PENDING
bc1qgtd89j8pz7paxghmkg36qg8tuqu54956fcd4zy	PENDING	PENDING	PENDING	1999999819	19.99999819	p2wpkh	6	in-band	PENDING	PENDING
bc1q9seat7frq0szmhwwug978ydvsvquaka4ph5jlm	PENDING	PENDING	PENDING	1999999793	19.99999793	p2wpkh	6	in-band	PENDING	PENDING
19ZDeZ21if3fuDoSRFe76HDFDaJ4vhoE1S	PENDING	PENDING	PENDING	1999999765	19.99999765	p2pkh	6	in-band	PENDING	PENDING
bc1q78awxajsa6pj23de4zf9sgzqnre372p6zyfj64	PENDING	PENDING	PENDING	1999999744	19.99999744	p2wpkh	6	in-band	PENDING	PENDING
bc1qk8zuff2m92ll8mwgtc68a6hv3k7ph8pv0fqwlj	PENDING	PENDING	PENDING	1999999744	19.99999744	p2wpkh	6	in-band	PENDING	PENDING
bc1qq9szr7n4mcqysa742ughn3cx84c8kfy222dmwl	PENDING	PENDING	PENDING	1999999744	19.99999744	p2wpkh	6	in-band	PENDING	PENDING
bc1qsfvrqkr8yyh85dcmwgvf5f8z9exwn0fpy8ac64	PENDING	PENDING	PENDING	1999999744	19.99999744	p2wpkh	6	in-band	PENDING	PENDING
bc1qt77p74c89r4q48602jzg2hlgswam0yhjw6kf0n	PENDING	PENDING	PENDING	1999999744	19.99999744	p2wpkh	6	in-band	PENDING	PENDING
bc1q6n2xweu3lthup9dfm2tsk9ty8hs43h4le4mkv0	PENDING	PENDING	PENDING	1999999724	19.99999724	p2wpkh	6	in-band	PENDING	PENDING
3CC1bPeVuqt18fTk2NURvZtE9dPXDFLmXf	PENDING	PENDING	PENDING	1999999720	19.99999720	p2sh	6	in-band	PENDING	PENDING
bc1qwkpdre83nr49sh9k84ychfewkrg6ax9zsxssaz	PENDING	PENDING	PENDING	1999999683	19.99999683	p2wpkh	6	in-band	PENDING	PENDING
3Ciojr8DjTPkZvGyTtKAetDhYamRkskpw8	PENDING	PENDING	PENDING	1999999651	19.99999651	p2sh	6	in-band	PENDING	PENDING
bc1qv90h46gtfydkhpcejcx7h0vvqwwsw7hgmxa27k	PENDING	PENDING	PENDING	1999999637	19.99999637	p2wpkh	6	in-band	PENDING	PENDING
bc1q47rpxscvdma87vjhk4qnlyhpk9rke88g3ta0v7	PENDING	PENDING	PENDING	1999999634	19.99999634	p2wpkh	6	in-band	PENDING	PENDING
bc1q5m99ga6ffemkcl3kzhwarqs9387qq70cn3kwpl	PENDING	PENDING	PENDING	1999999634	19.99999634	p2wpkh	6	in-band	PENDING	PENDING
bc1q76n2rmuax3j2z4qxqdvdmwzv8fltsxagcm9uga	PENDING	PENDING	PENDING	1999999624	19.99999624	p2wpkh	6	in-band	PENDING	PENDING
bc1qtmq3zcrl2020qtzsmd6f7pjmzxmadrv4hk0nnh	PENDING	PENDING	PENDING	1999999573	19.99999573	p2wpkh	6	in-band	PENDING	PENDING
bc1q270d0mynrj908tc200c2ut8np48erw7rqrc3l0	PENDING	PENDING	PENDING	1999999566	19.99999566	p2wpkh	6	in-band	PENDING	PENDING
3M3U5dvJNBi5VXoNoKoM1MH5SrFKn9Tbvb	PENDING	PENDING	PENDING	1999999492	19.99999492	p2sh	6	in-band	PENDING	PENDING
bc1qsn06x5062rzl4tx3x4cy80ewtwcc6ee6xdz8q9zka4sewer74kysusg4ww	PENDING	PENDING	PENDING	1999999380	19.99999380	p2wsh	6	in-band	PENDING	PENDING
bc1qnzgarfe5s8r79vkwqhxxfjzx2cg6gtqldvut7l	PENDING	PENDING	PENDING	1999999310	19.99999310	p2wpkh	6	in-band	PENDING	PENDING
bc1q5lwguk3gzkhg29d7jckgehucuecjg4gqps4qkm	PENDING	PENDING	PENDING	1999999285	19.99999285	p2wpkh	6	in-band	PENDING	PENDING
bc1qdjvzzte6fqj562ufxfsv96nw0xk79gqduvkld9p9hztq3me6whwqwxtzgz	PENDING	PENDING	PENDING	1999999275	19.99999275	p2wsh	6	in-band	PENDING	PENDING
bc1qht9sv6sqq2gnweykdawnlqtmh9gqc0xut8qt9h	PENDING	PENDING	PENDING	1999999239	19.99999239	p2wpkh	6	in-band	PENDING	PENDING
38AH2wokiJgxEWwHmx3uzL3vTt6KzwnJzb	PENDING	PENDING	PENDING	1999999229	19.99999229	p2sh	6	in-band	PENDING	PENDING
3GBA5T3B38AXeoXfUDsZ7zg3KLPsjEAg3S	PENDING	PENDING	PENDING	1999999196	19.99999196	p2sh	6	in-band	PENDING	PENDING
1JaxqvDQSGg9z2ktJfuqcbWbg7BsGAm4JF	PENDING	PENDING	PENDING	1999999044	19.99999044	p2pkh	6	in-band	PENDING	PENDING
bc1qj68mct697qxvdtp02pnlsst038hmg5d0fqcjtnv04nhx67h2vfpshll0z3	PENDING	PENDING	PENDING	1999999030	19.99999030	p2wsh	6	in-band	PENDING	PENDING
bc1qjtgtxemrzl9cqv85z9cyshlhgv8c0j32n6s64mxh47fz3spqnkus8rfs90	PENDING	PENDING	PENDING	1999999022	19.99999022	p2wsh	6	in-band	PENDING	PENDING
3DNy5C82MpZcXY9Hi2bMhMDHRFCALASrpP	PENDING	PENDING	PENDING	1999999000	19.99999000	p2sh	6	in-band	PENDING	PENDING
3NEstiajNEGeHjfRFw6UaXFMXTCwq8pTNz	PENDING	PENDING	PENDING	1999998978	19.99998978	p2sh	6	in-band	PENDING	PENDING
bc1qjt5hzek4fha6m755ajx6yckwu50md43z7kqg5t4rtga4uljlqmrs02sltd	PENDING	PENDING	PENDING	1999998939	19.99998939	p2wsh	6	in-band	PENDING	PENDING
bc1qvfwmker68aszvc0z0xclh4gkqzsjax2lqypztgjmu8c00ljclhjsnhhhwt	PENDING	PENDING	PENDING	1999998939	19.99998939	p2wsh	6	in-band	PENDING	PENDING
3CZQrBy36EtF8T5X3ZEsF1ytfnULAtCGe9	PENDING	PENDING	PENDING	1999998745	19.99998745	p2sh	6	in-band	PENDING	PENDING
37aJAAHNvn5dcEDpiJpp38SWNaf9FDM1G3	PENDING	PENDING	PENDING	1999998680	19.99998680	p2sh	6	in-band	PENDING	PENDING
3C8S7k4dpBMKxv65Pi6rVzjmmvFGVsVtJo	PENDING	PENDING	PENDING	1999998680	19.99998680	p2sh	6	in-band	PENDING	PENDING
bc1qgkny809fc6j6fwwu7h4v7x98ayzpcffluw0mlf	PENDING	PENDING	PENDING	1999998667	19.99998667	p2wpkh	6	in-band	PENDING	PENDING
bc1qrtddvmmhqrk6dzd26efmhysrh23242gpwxuzwj	PENDING	PENDING	PENDING	1999998624	19.99998624	p2wpkh	6	in-band	PENDING	PENDING
bc1qf8ecplzd5xcla457v8mrrsq5zdh9xzstx5me9a	PENDING	PENDING	PENDING	1999998524	19.99998524	p2wpkh	6	in-band	PENDING	PENDING
bc1qpqcvql3yyy86sv6rrpluh0pxd4dskg5a2lz70f6a4ucsum55qvnqarvlmn	PENDING	PENDING	PENDING	1999998479	19.99998479	p2wsh	6	in-band	PENDING	PENDING
bc1quecryrvx6hf35hk8q23jwzdtgpy2wnlj5pyr6k	PENDING	PENDING	PENDING	1999998348	19.99998348	p2wpkh	6	in-band	PENDING	PENDING
3PZjpqbCPh2dNL1Z7DAMh5oLm4TvuSPGif	PENDING	PENDING	PENDING	1999998340	19.99998340	p2sh	6	in-band	PENDING	PENDING
3NA2GxUTre5iphF3QP19m7k3b9SquTrTq5	PENDING	PENDING	PENDING	1999998297	19.99998297	p2sh	6	in-band	PENDING	PENDING
195LTpupmbGhKCwKgHJmPDNJNWoBccf9AZ	PENDING	PENDING	PENDING	1999998234	19.99998234	p2pkh	6	in-band	PENDING	PENDING
1JRCLKA88Ka7915xYuhWi8k5V5BZhmwEGm	PENDING	PENDING	PENDING	1999998154	19.99998154	p2pkh	6	in-band	PENDING	PENDING
1HK7Gz6aeDLnDSVcPZtpmaycZjv5KWFXJX	PENDING	PENDING	PENDING	1999998138	19.99998138	p2pkh	6	in-band	PENDING	PENDING
bc1qupdplnd6hu0ytrma5yu7725qr3pr8g3lt8hg25	PENDING	PENDING	PENDING	1999998024	19.99998024	p2wpkh	6	in-band	PENDING	PENDING
19VMdqU2eoVp9fjgSMxkBrkEcVesiZXSnQ	PENDING	PENDING	PENDING	1999998020	19.99998020	p2pkh	6	in-band	PENDING	PENDING
333q7LJ39nWds9DKpHAvKgJ8Rxj12e9MMC	PENDING	PENDING	PENDING	1999997957	19.99997957	p2sh	6	in-band	PENDING	PENDING
16xDx8xNayYUtKX4wB185g61kG5L39szWS	PENDING	PENDING	PENDING	1999997800	19.99997800	p2pkh	6	in-band	PENDING	PENDING
bc1qxm20tmehuzprqh9v0xu6fa34vwxjhy96a9jxmw	PENDING	PENDING	PENDING	1999997755	19.99997755	p2wpkh	6	in-band	PENDING	PENDING
bc1q2kr2z057vk7lwg6dj575cxmpr32uwgsyg03n0x	PENDING	PENDING	PENDING	1999997744	19.99997744	p2wpkh	6	in-band	PENDING	PENDING
37yrk2ARu8onQqDwFsv6J3hvQwiMgwsfYy	PENDING	PENDING	PENDING	1999997676	19.99997676	p2sh	6	in-band	PENDING	PENDING
bc1qetyyvkavw0k6p24ankmc0w46p0asj6s865gyjv	PENDING	PENDING	PENDING	1999997670	19.99997670	p2wpkh	6	in-band	PENDING	PENDING
bc1qsqhfuej89uzjguuw0zwyfffjfjuv2qajxj54c3	PENDING	PENDING	PENDING	1999997670	19.99997670	p2wpkh	6	in-band	PENDING	PENDING
bc1qkv3w9qmmx86sm5wsle00f4x0z0kcgmdr5kf29y	PENDING	PENDING	PENDING	1999997624	19.99997624	p2wpkh	6	in-band	PENDING	PENDING
bc1qm89wuxwcsmad9fyavhmt5ftnued9hdxxceh67e	PENDING	PENDING	PENDING	1999997624	19.99997624	p2wpkh	6	in-band	PENDING	PENDING
bc1qtuqrdlk9v3z09h3mxd96lhz0hdktqhm4n85nns	PENDING	PENDING	PENDING	1999997624	19.99997624	p2wpkh	6	in-band	PENDING	PENDING
bc1qryw0m0amjsymwv9vn4arwp4dckjs0gzhp9h8dn	PENDING	PENDING	PENDING	1999997583	19.99997583	p2wpkh	6	in-band	PENDING	PENDING
bc1qqwhg9z0dvml6u46tvexf7rjg8ksj0jnyg7e25c	PENDING	PENDING	PENDING	1999997424	19.99997424	p2wpkh	6	in-band	PENDING	PENDING
bc1q6p3uuswmtwkh3pg62wzwdqyzzfp49tvlfyt2dekq7y0pwma2m49sdvq9dt	PENDING	PENDING	PENDING	1999997423	19.99997423	p2wsh	6	in-band	PENDING	PENDING
bc1p8f3gum6jxsk6wmku73hew0uhmcnnjcrj2ll4ufyes7zsrnaw69ns6jw003	PENDING	PENDING	PENDING	1999997378	19.99997378	p2tr	6	in-band	PENDING	PENDING
bc1qtggaycdxp9zhnln59pfd3hkqak2fj6jux5xcc7	PENDING	PENDING	PENDING	1999997274	19.99997274	p2wpkh	6	in-band	PENDING	PENDING
bc1pprukx4p4w8xesk4027yx8tuwqvfqm8c3l2eh2j7s9j9fp9d2ek8scd2rpd	PENDING	PENDING	PENDING	1999997250	19.99997250	p2tr	6	in-band	PENDING	PENDING
bc1qwjlk8kru22z534qpg532x6exr0wy053g2s07ud	PENDING	PENDING	PENDING	1999997184	19.99997184	p2wpkh	6	in-band	PENDING	PENDING
bc1qj984tqeemmasc6005fc26anu0t2mtpvc02uyek	PENDING	PENDING	PENDING	1999997127	19.99997127	p2wpkh	6	in-band	PENDING	PENDING
3CSnDReykAjaRcnF1cUxNJAX7r8d2yyzge	PENDING	PENDING	PENDING	1999996997	19.99996997	p2sh	6	in-band	PENDING	PENDING
bc1px7syya423jy4dqjlprw7lx6ul3j8ysdw2th5ttw9hfz0atgpmc5s3k544h	PENDING	PENDING	PENDING	1999996897	19.99996897	p2tr	6	in-band	PENDING	PENDING
3GgUcNNYsecR7L3eAA3Nq1TKiBKoWgzx1N	PENDING	PENDING	PENDING	1999996892	19.99996892	p2sh	6	in-band	PENDING	PENDING
37WLy4k3qxVri8rbgm8doiuDjRkRZbRKZP	PENDING	PENDING	PENDING	1999996888	19.99996888	p2sh	6	in-band	PENDING	PENDING
bc1q9furdztr88xw480sqfaz4dxrwd4x585955s9d0	PENDING	PENDING	PENDING	1999996853	19.99996853	p2wpkh	6	in-band	PENDING	PENDING
bc1qjsmhr48lcz6a9szcmhv8zn94u0k7287ks5w7mq	PENDING	PENDING	PENDING	1999996795	19.99996795	p2wpkh	6	in-band	PENDING	PENDING
bc1qevq3x4f3yzrpnhygm9476nxd5qy7njexe3unpdszslczx93xstnqzh79eu	PENDING	PENDING	PENDING	1999996760	19.99996760	p2wsh	6	in-band	PENDING	PENDING
bc1q2mneh2gwkzq0c63j7x0yq4tdhxmsdsqnngwapv	PENDING	PENDING	PENDING	1999996624	19.99996624	p2wpkh	6	in-band	PENDING	PENDING
bc1qtvkejw3rz8ayhp0lvvkpldy0474ya763a6sjy5	PENDING	PENDING	PENDING	1999996624	19.99996624	p2wpkh	6	in-band	PENDING	PENDING
bc1q2mj0snuumwqsvjsj3x3ndglwvvaulkvds32jlvxcgxuv448xc8sqzjpwsn	PENDING	PENDING	PENDING	1999996586	19.99996586	p2wsh	6	in-band	PENDING	PENDING
115Hws1rcK3Q9TB8SaTL4udu2HqyQ7UpPg	PENDING	PENDING	PENDING	1999996565	19.99996565	p2pkh	6	in-band	PENDING	PENDING
36CbxX8sS9Ux2c5dRyP6dhdyNhCTUftBbS	PENDING	PENDING	PENDING	1999996526	19.99996526	p2sh	6	in-band	PENDING	PENDING
bc1q00k4tx8zev0pfzj36vjgcmtnzyexkdglt4kynj	PENDING	PENDING	PENDING	1999996520	19.99996520	p2wpkh	6	in-band	PENDING	PENDING
1F1YMs8HUTe25QDBnsSDxqEVQUfi3yFQTh	PENDING	PENDING	PENDING	1999996483	19.99996483	p2pkh	6	in-band	PENDING	PENDING
bc1q96sy3znlp7jt3h7fz6p7e540hzhy8h2phj254n	PENDING	PENDING	PENDING	1999996479	19.99996479	p2wpkh	6	in-band	PENDING	PENDING
bc1qtnpef8run39m4zx4k4uyeaft5x8nezz3gz86xr	PENDING	PENDING	PENDING	1999996462	19.99996462	p2wpkh	6	in-band	PENDING	PENDING
bc1qkwy94ul30gsakt6ffn9ln926cjfs3g2u6a0kun	PENDING	PENDING	PENDING	1999996200	19.99996200	p2wpkh	6	in-band	PENDING	PENDING
32AKzvNcmCMCwkYAcMdQvMZDMnzW7DTwGG	PENDING	PENDING	PENDING	1999996136	19.99996136	p2sh	6	in-band	PENDING	PENDING
bc1qh4d7addvm7e2wvd8sgswp2rsv77sfs9csjgdct	PENDING	PENDING	PENDING	1999996104	19.99996104	p2wpkh	6	in-band	PENDING	PENDING
bc1qmuyyhrv7xmax0ns2rjc0zqn92kct848em9f57q	PENDING	PENDING	PENDING	1999995932	19.99995932	p2wpkh	6	in-band	PENDING	PENDING
14SF1GKF6c4MpGVdmLt26eUmFmySFoqE2s	PENDING	PENDING	PENDING	1999995600	19.99995600	p2pkh	6	in-band	PENDING	PENDING
bc1qtuw2jk7dt0uzjvwm4mtqk6w0wydgywkmpeqygk	PENDING	PENDING	PENDING	1999995567	19.99995567	p2wpkh	6	in-band	PENDING	PENDING
14dFafwFToE6rURNxcmCs1BygV7wf5EXJy	PENDING	PENDING	PENDING	1999995508	19.99995508	p2pkh	6	in-band	PENDING	PENDING
3JyG6Yt7KmvKvnVfJgRrqbimNBdmR17grz	PENDING	PENDING	PENDING	1999995200	19.99995200	p2sh	6	in-band	PENDING	PENDING
3NqDaPMwiBTEg2ocbJpvgk1mEcrU4Rt7r5	PENDING	PENDING	PENDING	1999995132	19.99995132	p2sh	6	in-band	PENDING	PENDING
1LBzLDzeUZexvZzaGCG8ymubuCPaefsw9S	PENDING	PENDING	PENDING	1999995085	19.99995085	p2pkh	6	in-band	PENDING	PENDING
3FvjZ3SkjHDNKL6Qc6QLp6m75Yfqa8FPWe	PENDING	PENDING	PENDING	1999995004	19.99995004	p2sh	6	in-band	PENDING	PENDING
38KuzqYWZqf2B1th6aXruLkRY8xZTh17QR	PENDING	PENDING	PENDING	1999995000	19.99995000	p2sh	6	in-band	PENDING	PENDING
bc1qwz9qz32a5lwarzet3avtfsjcpmw0l2k4ydvld4	PENDING	PENDING	PENDING	1999994992	19.99994992	p2wpkh	6	in-band	PENDING	PENDING
bc1qpat7wnmdmclz8j7ma87aa382a4tqxl5qvjh4t0	PENDING	PENDING	PENDING	1999994962	19.99994962	p2wpkh	6	in-band	PENDING	PENDING
bc1qss4pfx0j68sfczhxk2psjmj7gnyvhays9s295v	PENDING	PENDING	PENDING	1999994909	19.99994909	p2wpkh	6	in-band	PENDING	PENDING
bc1qqegmcwkpzk0tjvvrx5e4e5rypkwnar3jqkuewp	PENDING	PENDING	PENDING	1999994624	19.99994624	p2wpkh	6	in-band	PENDING	PENDING
bc1qw8dx290whhnpzfydd44x4eec5v6897ptyvkgkq	PENDING	PENDING	PENDING	1999994624	19.99994624	p2wpkh	6	in-band	PENDING	PENDING
1Bzg2Avh3tpsBAW5iyt5v6i2tKg6KFZ47C	PENDING	PENDING	PENDING	1999994560	19.99994560	p2pkh	6	in-band	PENDING	PENDING
bc1qj7k4769ql2gtkje3tw26zvpnwn8jw67gdsqwpg	PENDING	PENDING	PENDING	1999994326	19.99994326	p2wpkh	6	in-band	PENDING	PENDING
3AFdsRdcsPunKugNJTPJdQyev2nnX8gGbY	PENDING	PENDING	PENDING	1999994166	19.99994166	p2sh	6	in-band	PENDING	PENDING
bc1qu277u3nmg0v3m3sucwuswkk3qmem3xuek4ag8z	PENDING	PENDING	PENDING	1999993856	19.99993856	p2wpkh	6	in-band	PENDING	PENDING
bc1qf3hrnlc3j33wkktyga3z45q2ff6zx0unt92j5w	PENDING	PENDING	PENDING	1999993824	19.99993824	p2wpkh	6	in-band	PENDING	PENDING
bc1qrmrh69y7ns4gpw44gdfpmuhfr58rnrdjzqdgqy	PENDING	PENDING	PENDING	1999993682	19.99993682	p2wpkh	6	in-band	PENDING	PENDING
bc1qr68cw94eez2k2wekjv2q9frghy6ndxldstspv7	PENDING	PENDING	PENDING	1999992963	19.99992963	p2wpkh	6	in-band	PENDING	PENDING
bc1qmg8ay9k5yxqenfpdpghxwj2gyvv93tgt7q0t4d	PENDING	PENDING	PENDING	1999992913	19.99992913	p2wpkh	6	in-band	PENDING	PENDING
bc1qvwjgxwd2vsu437hcn49arxf89g5rgrwcwjav9u	PENDING	PENDING	PENDING	1999992871	19.99992871	p2wpkh	6	in-band	PENDING	PENDING
bc1qqym9dmqxjcq6je9jmma86ur5ltujrwedckckdp	PENDING	PENDING	PENDING	1999992806	19.99992806	p2wpkh	6	in-band	PENDING	PENDING
bc1qsrj79r7ycafa2vmn8eqwpmk26zungpfwrk2hgx	PENDING	PENDING	PENDING	1999992806	19.99992806	p2wpkh	6	in-band	PENDING	PENDING
3355Sc8TxRc6Bbakcy9HD5K8mfLS6bBNHs	PENDING	PENDING	PENDING	1999992642	19.99992642	p2sh	6	in-band	PENDING	PENDING
bc1qh5yaxfesp0q9k4x5vk3c7d02xyzhcdskwjwrgs	PENDING	PENDING	PENDING	1999992624	19.99992624	p2wpkh	6	in-band	PENDING	PENDING
bc1qpxw0mtpnfc4wxyshfpjuzvx7wyumk3nl5ul4ts	PENDING	PENDING	PENDING	1999992624	19.99992624	p2wpkh	6	in-band	PENDING	PENDING
bc1qyn84zqse0zjdn6da2l73j6kn534vq624whcqk3	PENDING	PENDING	PENDING	1999992561	19.99992561	p2wpkh	6	in-band	PENDING	PENDING
bc1qhdm04rt4cy5a25x7tauw2nl2vg9qtyxl5u6smn	PENDING	PENDING	PENDING	1999992306	19.99992306	p2wpkh	6	in-band	PENDING	PENDING
bc1q0fugk279zthh44n0q386ygsepf5vcnzlrknec5	PENDING	PENDING	PENDING	1999992203	19.99992203	p2wpkh	6	in-band	PENDING	PENDING
1B7YHR7etzbZVruHCQAdz8RcaTWd9jyJFK	PENDING	PENDING	PENDING	1999992000	19.99992000	p2pkh	6	in-band	PENDING	PENDING
3A1995pBHgpajDK9NCmtmiKZsCP7WLDfWn	PENDING	PENDING	PENDING	1999991883	19.99991883	p2sh	6	in-band	PENDING	PENDING
3HGUJH1tZFrdyuK9E33mopmazeBdFESpYr	PENDING	PENDING	PENDING	1999991821	19.99991821	p2sh	6	in-band	PENDING	PENDING
bc1qx2zxnup4zenev2l979yqvjvg206yh3802r4fay	PENDING	PENDING	PENDING	1999991707	19.99991707	p2wpkh	6	in-band	PENDING	PENDING
bc1q2aujjf8tp0u5l0t0z956eycleuz40quff57h6x	PENDING	PENDING	PENDING	1999991584	19.99991584	p2wpkh	6	in-band	PENDING	PENDING
3Qv5Y5LaphLrQyaG8vCGhzfs86iVLPZdKe	PENDING	PENDING	PENDING	1999991564	19.99991564	p2sh	6	in-band	PENDING	PENDING
bc1qskgx020nnp2ys5tex683kkwcdceazeszd2ys5h	PENDING	PENDING	PENDING	1999991401	19.99991401	p2wpkh	6	in-band	PENDING	PENDING
bc1q78js9j8jlgfgn3e5kn0tjy9qkqseujgduvl4ax	PENDING	PENDING	PENDING	1999991361	19.99991361	p2wpkh	6	in-band	PENDING	PENDING
18WkzQE1nRXZiHukGderH4vdxik8UV8wBj	PENDING	PENDING	PENDING	1999990925	19.99990925	p2pkh	6	in-band	PENDING	PENDING
3HXYCEHCfMVtejuuH9vjgwqSKpbfQWJRU3	PENDING	PENDING	PENDING	1999990906	19.99990906	p2sh	6	in-band	PENDING	PENDING
bc1qcrmmzkvednjzaz5ga0dk26wa0c8pfqx62qjlux	PENDING	PENDING	PENDING	1999990879	19.99990879	p2wpkh	6	in-band	PENDING	PENDING
13kzr9zwMpChVtBNaxrD1E9fPNWeK6mEmm	PENDING	PENDING	PENDING	1999990704	19.99990704	p2pkh	6	in-band	PENDING	PENDING
bc1q84nh0pxm8r3tsf3qkflzgy3pz928nepcfer468	PENDING	PENDING	PENDING	1999990668	19.99990668	p2wpkh	6	in-band	PENDING	PENDING
bc1qhkcgv34k3en92jz9x2fwhhtuk3wjd5l6gxwg3a	PENDING	PENDING	PENDING	1999990624	19.99990624	p2wpkh	6	in-band	PENDING	PENDING
bc1qmave3950frxhlf43ztas7zdc0tuu8ghgmkhr8d	PENDING	PENDING	PENDING	1999990624	19.99990624	p2wpkh	6	in-band	PENDING	PENDING
bc1q5khf5pk48y6hkmlpfvsv3kqyqgef0jh8qyrp3m	PENDING	PENDING	PENDING	1999990338	19.99990338	p2wpkh	6	in-band	PENDING	PENDING
bc1p6u7fye9770kzlxashzlz9s6lwwg93ucvqfyp58vssaa94x36sxusjsv2xv	PENDING	PENDING	PENDING	1999990330	19.99990330	p2tr	6	in-band	PENDING	PENDING
bc1qg9wa2jw4zqdhqgrcr55yawqz9jn6vml5mqfdw2av6pspna6j4awq7sa5qv	PENDING	PENDING	PENDING	1999990161	19.99990161	p2wsh	6	in-band	PENDING	PENDING
bc1qryld2ggfmwqvj0vu94q52zznec45he0hg3sc2u	PENDING	PENDING	PENDING	1999990138	19.99990138	p2wpkh	6	in-band	PENDING	PENDING
bc1qg3hv6fp2tssphz245earx5zmx9fjzjhkt996alfn6fp55mu9356sl0u2ah	PENDING	PENDING	PENDING	1999990060	19.99990060	p2wsh	6	in-band	PENDING	PENDING
bc1q75ke74tens5wgrcpfe7aatd9t5ktsm27jzz4rx	PENDING	PENDING	PENDING	1999989860	19.99989860	p2wpkh	6	in-band	PENDING	PENDING
bc1qcckcvt8kefg4h62fkdupq8mwvezlk2yj3pqz5t	PENDING	PENDING	PENDING	1999989497	19.99989497	p2wpkh	6	in-band	PENDING	PENDING
3LbgX9YDZM7GBwnjwBibBYkj6jpao25kbC	PENDING	PENDING	PENDING	1999989422	19.99989422	p2sh	6	in-band	PENDING	PENDING
bc1qnf56zs7fp8zaftgtwnvsxnyt0gxta9rfuvjn8c	PENDING	PENDING	PENDING	1999988250	19.99988250	p2wpkh	6	in-band	PENDING	PENDING
bc1qznv224llgyqd2teccsngrvpg2qkvphgcd4y4pf	PENDING	PENDING	PENDING	1999988239	19.99988239	p2wpkh	6	in-band	PENDING	PENDING
3GzwdRrNWyBHRRW9pNKoa5xYsxw7skPkcc	PENDING	PENDING	PENDING	1999988179	19.99988179	p2sh	6	in-band	PENDING	PENDING
bc1q8g6t6dnp344wfs836x36xcc0ncgeg7ffw2e3yr	PENDING	PENDING	PENDING	1999988150	19.99988150	p2wpkh	6	in-band	PENDING	PENDING
bc1qkwfhjupvh9gf5mnyhhfnwh66zxxdf7ypw5rnwx	PENDING	PENDING	PENDING	1999988124	19.99988124	p2wpkh	6	in-band	PENDING	PENDING
bc1qjhqlfjwth8kmez79rrf4ysuwlujlrlum5ua07y9qqsazdscum4tq452j99	PENDING	PENDING	PENDING	1999988059	19.99988059	p2wsh	6	in-band	PENDING	PENDING
bc1qafn5aavpjxmh65n5qeg57hq57qpr440geevnk9	PENDING	PENDING	PENDING	1999986950	19.99986950	p2wpkh	6	in-band	PENDING	PENDING
bc1qqqxnmxj2j8nggtv2t3at0ddwdm6rq9xghtpdxc	PENDING	PENDING	PENDING	1999985244	19.99985244	p2wpkh	6	in-band	PENDING	PENDING
bc1q05pzyfknuujfd6p5yw69wh35uwaz2yzlqt6u9v	PENDING	PENDING	PENDING	1999985180	19.99985180	p2wpkh	6	in-band	PENDING	PENDING
bc1q39cuhu8rthd40ecs5zkwwdsaj6yt74258m0v2x	PENDING	PENDING	PENDING	1999985180	19.99985180	p2wpkh	6	in-band	PENDING	PENDING
bc1qdaxsphtdgd8e5fghcwdheluhuvnqg0hrd08rw2	PENDING	PENDING	PENDING	1999985180	19.99985180	p2wpkh	6	in-band	PENDING	PENDING
bc1qrclnqwgkdlgk83a39g7fme9u92gs0p74sqm8q0	PENDING	PENDING	PENDING	1999985180	19.99985180	p2wpkh	6	in-band	PENDING	PENDING
bc1q6qcvg9rdcacppf7umvwjxsg0s9e2yspwujlszr	PENDING	PENDING	PENDING	1999984952	19.99984952	p2wpkh	6	in-band	PENDING	PENDING
3HCfPPE4VCS6B8vHA665aekVDP2G6Kc3ug	PENDING	PENDING	PENDING	1999984156	19.99984156	p2sh	6	in-band	PENDING	PENDING
bc1qzgk2mkt6q20ndxqs9y67k48at8muduy3ev0j9g	PENDING	PENDING	PENDING	1999984058	19.99984058	p2wpkh	6	in-band	PENDING	PENDING
bc1qxa7ffck7nq8m0u33zp8decfnhaut5fztmaywdx	PENDING	PENDING	PENDING	1999983948	19.99983948	p2wpkh	6	in-band	PENDING	PENDING
bc1qt454j4ttjseyprj5dry4jls2un87j92h3qd8sx	PENDING	PENDING	PENDING	1999983896	19.99983896	p2wpkh	6	in-band	PENDING	PENDING
bc1qq3au25hzxgt2zzvhekmgvecfr49xue4ryqrw0t	PENDING	PENDING	PENDING	1999983134	19.99983134	p2wpkh	6	in-band	PENDING	PENDING
bc1q95p9f5ht0nwjxpct5a75dyqdqdqr3x955s45sp	PENDING	PENDING	PENDING	1999982740	19.99982740	p2wpkh	6	in-band	PENDING	PENDING
bc1qguxtvzcv25dp9pueemqewwvjzvwd82upt5qw4j	PENDING	PENDING	PENDING	1999982177	19.99982177	p2wpkh	6	in-band	PENDING	PENDING
bc1qlp9xw2ak60lpvyl8vrkl9afuf6akjwvxacl5nfujjfxug9anrl9q3ap9y4	PENDING	PENDING	PENDING	1999981830	19.99981830	p2wsh	6	in-band	PENDING	PENDING
3KPHPMN7wxqAjwHfnSQ45bKocViTe5pJMx	PENDING	PENDING	PENDING	1999981322	19.99981322	p2sh	6	in-band	PENDING	PENDING
bc1q2z3xrhnnawg2m06zrspcqnf2jjvcka4mal6vy9	PENDING	PENDING	PENDING	1999981227	19.99981227	p2wpkh	6	in-band	PENDING	PENDING
bc1qyx4aa2a2ylzu6slaeuycr5qyqtsh8q2whaafr9	PENDING	PENDING	PENDING	1999981224	19.99981224	p2wpkh	6	in-band	PENDING	PENDING
bc1qlgy5uyf32qenhuce7qdv300aj6sfadxhp5586p	PENDING	PENDING	PENDING	1999980954	19.99980954	p2wpkh	6	in-band	PENDING	PENDING
bc1q5mwfu7tuwtdrpj6944rmq6am4w6shhs3mucc54	PENDING	PENDING	PENDING	1999980624	19.99980624	p2wpkh	6	in-band	PENDING	PENDING
bc1q8nr6tj3t9rcufaze05ptrxj3dja7n3j6jzxt24	PENDING	PENDING	PENDING	1999980624	19.99980624	p2wpkh	6	in-band	PENDING	PENDING
3LenTVdBJScettCy4cGg4CrWuUwCiTqpUV	PENDING	PENDING	PENDING	1999980425	19.99980425	p2sh	6	in-band	PENDING	PENDING
bc1qfp65jw8qw98ywe2pv9puryyvjp7lvrw5cw04uz	PENDING	PENDING	PENDING	1999980340	19.99980340	p2wpkh	6	in-band	PENDING	PENDING
18XUiDizupAMoY5SRnEdruToaBGg4k9dTp	PENDING	PENDING	PENDING	1999980000	19.99980000	p2pkh	6	in-band	PENDING	PENDING
19FHtd98jc9W7bzyTChwWGA4R9UBPCvpgu	PENDING	PENDING	PENDING	1999980000	19.99980000	p2pkh	6	in-band	PENDING	PENDING
bc1q5n97dzmh8ftz5h6dce8mp5s35af2qf52r8ec4j	PENDING	PENDING	PENDING	1999978624	19.99978624	p2wpkh	6	in-band	PENDING	PENDING
bc1qqdqsa4fuq9kk9faj339k8w9ucqz9pex60ytxrf	PENDING	PENDING	PENDING	1999978534	19.99978534	p2wpkh	6	in-band	PENDING	PENDING
bc1qkqnd2zehuacsl532r8y6dnn4wkhcjns5gqwrmp	PENDING	PENDING	PENDING	1999978469	19.99978469	p2wpkh	6	in-band	PENDING	PENDING
bc1qjtzzdszxs2s88usr0c0l5hnzhhn32zwdplnud7	PENDING	PENDING	PENDING	1999978423	19.99978423	p2wpkh	6	in-band	PENDING	PENDING
bc1qakzjafjshjh5gr578fv8jta5ux8lzxdnpl4m2z	PENDING	PENDING	PENDING	1999978359	19.99978359	p2wpkh	6	in-band	PENDING	PENDING
37QyQtHGBAtsHR3e69gVmY2EFRSk8VnXqy	PENDING	PENDING	PENDING	1999977847	19.99977847	p2sh	6	in-band	PENDING	PENDING
bc1qvvj6kvp6pxq09k9s699673ftzf9w7k2axrwd9c	PENDING	PENDING	PENDING	1999977037	19.99977037	p2wpkh	6	in-band	PENDING	PENDING
1BHjoqjCYxqaRvj9LbujGFN5i3ihG79ZEJ	PENDING	PENDING	PENDING	1999977000	19.99977000	p2pkh	6	in-band	PENDING	PENDING
1NMSTLshhDVZeBieTwwSwkRY3x8R7yX7NM	PENDING	PENDING	PENDING	1999977000	19.99977000	p2pkh	6	in-band	PENDING	PENDING
bc1qsd50mwshctwrx2rhzv42a0tvtwc59zeesl2ycv	PENDING	PENDING	PENDING	1999976614	19.99976614	p2wpkh	6	in-band	PENDING	PENDING
1DGoMcRC4Ym4ttxw8z38TxW8Yu2rWpxPgF	PENDING	PENDING	PENDING	1999975000	19.99975000	p2pkh	6	in-band	PENDING	PENDING
bc1qu6dw925h7a648x4javyqa79kxna4fv2lardlxh	PENDING	PENDING	PENDING	1999973380	19.99973380	p2wpkh	6	in-band	PENDING	PENDING
bc1q0tz6tx0h75rhz4jgyme3ft377dv5xwcsf9999s	PENDING	PENDING	PENDING	1999970867	19.99970867	p2wpkh	6	in-band	PENDING	PENDING
bc1quuvagjxw4qz36695armmd6j86mpskft92ucygd	PENDING	PENDING	PENDING	1999970224	19.99970224	p2wpkh	6	in-band	PENDING	PENDING
3CQAQawvxNXMYVFvATXKNaZ5hbgRnFYkeo	PENDING	PENDING	PENDING	1999970121	19.99970121	p2sh	6	in-band	PENDING	PENDING
33uNACwsZhpJrYCHbH4LQQzzcZq6x7GkYc	PENDING	PENDING	PENDING	1999970101	19.99970101	p2sh	6	in-band	PENDING	PENDING
1BourjKog2cdDKZSUJRo2uBwEkvQoe1fYe	PENDING	PENDING	PENDING	1999970000	19.99970000	p2pkh	6	in-band	PENDING	PENDING
34ZeELMkJ66ghV9TKe2nEjjbLbjPXfZsut	PENDING	PENDING	PENDING	1999970000	19.99970000	p2sh	6	in-band	PENDING	PENDING
3Q1z9cwEd3Y3BpTUK2LJ5yS8fgzECni1j2	PENDING	PENDING	PENDING	1999970000	19.99970000	p2sh	6	in-band	PENDING	PENDING
bc1q7xx35sx28q59cx2ylkj8cthgrhdvhyh6f2l407	PENDING	PENDING	PENDING	1999969955	19.99969955	p2wpkh	6	in-band	PENDING	PENDING
14DHTyFmphJpfYqBCbqNSeouBAmMpxg8rx	PENDING	PENDING	PENDING	1999969200	19.99969200	p2pkh	6	in-band	PENDING	PENDING
32ZzKLqcyLyKJafvAJqkkZfy5JZPhAPn5E	PENDING	PENDING	PENDING	1999966541	19.99966541	p2sh	6	in-band	PENDING	PENDING
3E6F1ew7zmJeeABMW2U1eFyssM5eFQnX89	PENDING	PENDING	PENDING	1999966470	19.99966470	p2sh	6	in-band	PENDING	PENDING
bc1qjluxtzp5ejvjwcg5mr89sw5xh9tg933tylnpulgl8zsf5vpz2ehsc0989n	PENDING	PENDING	PENDING	1999965485	19.99965485	p2wsh	6	in-band	PENDING	PENDING
bc1q4xccjtym9jpk62ak8tudfvqqcc98rcrye4j674	PENDING	PENDING	PENDING	1999965360	19.99965360	p2wpkh	6	in-band	PENDING	PENDING
bc1q2mqzmh9k7lm3rs0na0y38qafgyywucwg67q4nu	PENDING	PENDING	PENDING	1999964946	19.99964946	p2wpkh	6	in-band	PENDING	PENDING
bc1q2j7crpx78jvm5h35rcw8jz9xdthsdem5zku470ur0cj3l3hcnsysqq5m3j	PENDING	PENDING	PENDING	1999964372	19.99964372	p2wsh	6	in-band	PENDING	PENDING
bc1qaq53tkmak5nysedr6arcd92xw8xk8uqk6eldm5wlwkcxfn3xu24sd7anag	PENDING	PENDING	PENDING	1999963744	19.99963744	p2wsh	6	in-band	PENDING	PENDING
bc1qqpg06ukstu3dxmkkf85lq30uvqjltntjyk5c0x	PENDING	PENDING	PENDING	1999963626	19.99963626	p2wpkh	6	in-band	PENDING	PENDING
bc1q5p78qdm6d0zjzzfna72y9s38uvwn3gf0xaxhw3	PENDING	PENDING	PENDING	1999963258	19.99963258	p2wpkh	6	in-band	PENDING	PENDING
33epfmzsApqzwK4L65tHniXmhAPjRJx1uh	PENDING	PENDING	PENDING	1999962900	19.99962900	p2sh	6	in-band	PENDING	PENDING
39uyzsymxYxy54a6EhgCkztMdQJBo3hptm	PENDING	PENDING	PENDING	1999962535	19.99962535	p2sh	6	in-band	PENDING	PENDING
bc1q3at8texl7jk5mdr8yzm8qrad4k4n7w88gq2pwx	PENDING	PENDING	PENDING	1999961918	19.99961918	p2wpkh	6	in-band	PENDING	PENDING
3AeoWj3sZUxAdrceusM5e4vbF32ZMVeNvy	PENDING	PENDING	PENDING	1999961590	19.99961590	p2sh	6	in-band	PENDING	PENDING
35XC9KbGB5Vmen5nLGPomF69e3RVQGjhoc	PENDING	PENDING	PENDING	1999960600	19.99960600	p2sh	6	in-band	PENDING	PENDING
3QQXD7vmvFZQQsVMaY5ExxXpE628LqaG9U	PENDING	PENDING	PENDING	1999960600	19.99960600	p2sh	6	in-band	PENDING	PENDING
17ZWfsCapjmokBJ4NGWYZjeV1g8kKiVRHg	PENDING	PENDING	PENDING	1999960000	19.99960000	p2pkh	6	in-band	PENDING	PENDING
1CuoWSVw1HuhGmNacySby5bUEr7CweXPvp	PENDING	PENDING	PENDING	1999960000	19.99960000	p2pkh	6	in-band	PENDING	PENDING
1oqKorXAige92tKBKksM1y2QLYmfrnSKW	PENDING	PENDING	PENDING	1999960000	19.99960000	p2pkh	6	in-band	PENDING	PENDING
bc1qkjfvlsc2y6gsp34yehtlhlcdl06q0e2utrjlnj	PENDING	PENDING	PENDING	1999959934	19.99959934	p2wpkh	6	in-band	PENDING	PENDING
bc1qw9d02ck955f0rs5q8mt2xswjljddag9jx23wtw	PENDING	PENDING	PENDING	1999959064	19.99959064	p2wpkh	6	in-band	PENDING	PENDING
1LPrAxaqAjJ9yRUm98jkxSVKmFseRWfL8d	PENDING	PENDING	PENDING	1999958601	19.99958601	p2pkh	6	in-band	PENDING	PENDING
bc1q0ed7n2sgjmup2e73a9kayrhd8cfrje2u4cd4mm	PENDING	PENDING	PENDING	1999957363	19.99957363	p2wpkh	6	in-band	PENDING	PENDING
14nv4T86AFV735favjASHRrcVnKP86QKTj	PENDING	PENDING	PENDING	1999953225	19.99953225	p2pkh	6	in-band	PENDING	PENDING
39MhQ693GeD4LXFpkW9kLUmJZJUVeX4aJS	PENDING	PENDING	PENDING	1999950626	19.99950626	p2sh	6	in-band	PENDING	PENDING
bc1q3k8u2sgh8u9dlqgv8rdma7zy9mp5y53xdlrvtj	PENDING	PENDING	PENDING	1999950624	19.99950624	p2wpkh	6	in-band	PENDING	PENDING
bc1qfdp29km5w4yutzt2s9l6ffmemqa7lff938sfk7	PENDING	PENDING	PENDING	1999950624	19.99950624	p2wpkh	6	in-band	PENDING	PENDING
bc1qgunn3thugwdr6uns8sx6rw9zyl3et5h9pzsmls	PENDING	PENDING	PENDING	1999950624	19.99950624	p2wpkh	6	in-band	PENDING	PENDING
bc1qqnphj9pjw5tvn73ed7rfw9304ypyn8g5rcatgn	PENDING	PENDING	PENDING	1999950624	19.99950624	p2wpkh	6	in-band	PENDING	PENDING
bc1qz5xhyp5ydmr9umx6w2sw99skd2ngq9ge3dr7a6	PENDING	PENDING	PENDING	1999950624	19.99950624	p2wpkh	6	in-band	PENDING	PENDING
bc1q79fy2zcd2zx92ft35rpzs982vqszhk6j8fh7en	PENDING	PENDING	PENDING	1999950330	19.99950330	p2wpkh	6	in-band	PENDING	PENDING
13GJB4SR8sDzCcg3TmBNhNZi4uF52AWyq8	PENDING	PENDING	PENDING	1999950000	19.99950000	p2pkh	6	in-band	PENDING	PENDING
1Dbx6g9Lpyh8FfXf5iDTYKnLwa71FWafJf	PENDING	PENDING	PENDING	1999950000	19.99950000	p2pkh	6	in-band	PENDING	PENDING
1JVm6snuCoziz76V5AjV9ASoSfUijL93K6	PENDING	PENDING	PENDING	1999950000	19.99950000	p2pkh	6	in-band	PENDING	PENDING
1Mb61VNBThcitoB3mcqQoaVL9kQVGsAyFG	PENDING	PENDING	PENDING	1999950000	19.99950000	p2pkh	6	in-band	PENDING	PENDING
3Ctu5GzyJ1gcZijfGBvBZsxN4s8xvXtLBj	PENDING	PENDING	PENDING	1999950000	19.99950000	p2sh	6	in-band	PENDING	PENDING
bc1qpvqu0vrkj3mjh3h3hy6krmyaxcswpwxng55qwq	PENDING	PENDING	PENDING	1999948514	19.99948514	p2wpkh	6	in-band	PENDING	PENDING
3KAyAxromWL1SiZc2G2AK64gb4zw6LHZz8	PENDING	PENDING	PENDING	1999945003	19.99945003	p2sh	6	in-band	PENDING	PENDING
32n7VNju1uMsVskqgWxihjavb7EWTFRQQF	PENDING	PENDING	PENDING	1999943000	19.99943000	p2sh	6	in-band	PENDING	PENDING
bc1q0zxe2vxsfkn63thp4kud2y7n5ked8lxhvqxsvv	PENDING	PENDING	PENDING	1999940954	19.99940954	p2wpkh	6	in-band	PENDING	PENDING
bc1qn6sf0kqgfh6wd6rkt8e4w2uyh9cqrr454g75tx	PENDING	PENDING	PENDING	1999940954	19.99940954	p2wpkh	6	in-band	PENDING	PENDING
bc1q6hgyrflsjufav6uhmefczp72www00nqc2kpemf	PENDING	PENDING	PENDING	1999940663	19.99940663	p2wpkh	6	in-band	PENDING	PENDING
bc1q2z0rg0uvsgswczqvg5xw8l0q6xdcmqalw3n5t8	PENDING	PENDING	PENDING	1999940624	19.99940624	p2wpkh	6	in-band	PENDING	PENDING
bc1q45jreg0xvr80zsjrtqv85j68u9xhhlwqquk93m	PENDING	PENDING	PENDING	1999940010	19.99940010	p2wpkh	6	in-band	PENDING	PENDING
1KPh1ZLS9vGMMB2nZcgLTTgZ9fAnSEKmLx	PENDING	PENDING	PENDING	1999937118	19.99937118	p2pkh	6	in-band	PENDING	PENDING
32GqHNw8JCMy4LfWi34JKfxPYkG5HfmrNN	PENDING	PENDING	PENDING	1999935260	19.99935260	p2sh	6	in-band	PENDING	PENDING
bc1qznsxdfxv92a9pdt53ldhqpapfgpchqhee7wzp2	PENDING	PENDING	PENDING	1999933887	19.99933887	p2wpkh	6	in-band	PENDING	PENDING
bc1qlutet0muj4fmx54ctvfd6g3hkg6wv2jvt9pc757etv8lv3jkj44s9kfhhd	PENDING	PENDING	PENDING	1999933722	19.99933722	p2wsh	6	in-band	PENDING	PENDING
1AXi19MzTaWZrxwJt8RdSaeryNRDqAEvKS	PENDING	PENDING	PENDING	1999930890	19.99930890	p2pkh	6	in-band	PENDING	PENDING
3JEto5Y5tbDRUMQeE57Bg4dMdWVbXsrNtG	PENDING	PENDING	PENDING	1999928976	19.99928976	p2sh	6	in-band	PENDING	PENDING
bc1qj5d4frclsf9nkhw6zykmlp27quqn8274r8emp7	PENDING	PENDING	PENDING	1999927420	19.99927420	p2wpkh	6	in-band	PENDING	PENDING
bc1qxzwg02ncr2awzvddq9k0fht77effvpzfy069jj	PENDING	PENDING	PENDING	1999924856	19.99924856	p2wpkh	6	in-band	PENDING	PENDING
1Mr9gCqEzovy4gtqLjZ2WGzPXuK7MYTxL	PENDING	PENDING	PENDING	1999923600	19.99923600	p2pkh	6	in-band	PENDING	PENDING
bc1q6k7g2plfg0xymuyn55xy3ah8l5elhec9l220s3	PENDING	PENDING	PENDING	1999920330	19.99920330	p2wpkh	6	in-band	PENDING	PENDING
3FF1u1Xk8SJX2f6xbmSLmwCTWPkSzWtTzs	PENDING	PENDING	PENDING	1999913066	19.99913066	p2sh	6	in-band	PENDING	PENDING
bc1qdzmf9nqdzta492f5respnzp733c3fnwd34lcme	PENDING	PENDING	PENDING	1999910066	19.99910066	p2wpkh	6	in-band	PENDING	PENDING
16TZA57KDBb218r9TP5H87MTsGincHVBbg	PENDING	PENDING	PENDING	1999908661	19.99908661	p2pkh	6	in-band	PENDING	PENDING
3DeFEFqd3AGdujdreDHFkcxDwkqTSzpEcc	PENDING	PENDING	PENDING	1999907491	19.99907491	p2sh	6	in-band	PENDING	PENDING
12X8Sjm1WBQohtdYoLRA76zUwtrgkU3XjP	PENDING	PENDING	PENDING	1999907327	19.99907327	p2pkh	6	in-band	PENDING	PENDING
1LM8fdf4ijCK1feQQJSDSCFy1U1A7P6yLJ	PENDING	PENDING	PENDING	1999906361	19.99906361	p2pkh	6	in-band	PENDING	PENDING
bc1qrqgj09vw9rzgrppm7nxwnhgfur8dhkafpsenj4	PENDING	PENDING	PENDING	1999900968	19.99900968	p2wpkh	6	in-band	PENDING	PENDING
bc1qlvx3yrmeadep4r02ldw56mf3av30cxfr7am5h0	PENDING	PENDING	PENDING	1999900624	19.99900624	p2wpkh	6	in-band	PENDING	PENDING
bc1qvrzz3v87fn7702wahgala5k7kwymusy2a2y8qw	PENDING	PENDING	PENDING	1999900481	19.99900481	p2wpkh	6	in-band	PENDING	PENDING
bc1qyt7hjtla78y7j9t4yr4cp9uu7y9ehaxd0jvktg	PENDING	PENDING	PENDING	1999899798	19.99899798	p2wpkh	6	in-band	PENDING	PENDING
37wNTwqK8W677117yr6MV1GYxqqXrYx64c	PENDING	PENDING	PENDING	1999899328	19.99899328	p2sh	6	in-band	PENDING	PENDING
bc1qcm7dcvwdggk52hyr9ayvl258lgjx9uxt2p4rp0	PENDING	PENDING	PENDING	1999899068	19.99899068	p2wpkh	6	in-band	PENDING	PENDING
bc1q09gjtnthdxgk93hzr9h40grf46h8sk57rcn586	PENDING	PENDING	PENDING	1999898524	19.99898524	p2wpkh	6	in-band	PENDING	PENDING
bc1q4tjzqlmh368runfqnplq7jp20xhapcl5ljath3	PENDING	PENDING	PENDING	1999898304	19.99898304	p2wpkh	6	in-band	PENDING	PENDING
1KXLK4oJtekQP2TimD7QVEGxfPhLjSkD5L	PENDING	PENDING	PENDING	1999896655	19.99896655	p2pkh	6	in-band	PENDING	PENDING
3FJTRR7z3YCuDWvtcsL2QnAxX6D5juTVKF	PENDING	PENDING	PENDING	1999896447	19.99896447	p2sh	6	in-band	PENDING	PENDING
bc1pjwwmalpetwn2q8990zqe6kwf8skpsu59cx4dd0xx0jhlshyc2jfq8hf5rg	PENDING	PENDING	PENDING	1999894539	19.99894539	p2tr	6	in-band	PENDING	PENDING
bc1qg654afhuu3esysd80822pe855vfstjs9aecj6h	PENDING	PENDING	PENDING	1999891912	19.99891912	p2wpkh	6	in-band	PENDING	PENDING
347MqDBeJaF5m92MwHWTMhkooYc9Zzikvf	PENDING	PENDING	PENDING	1999891035	19.99891035	p2sh	6	in-band	PENDING	PENDING
bc1qypsv67j2etn6rj8v8g3xptgy42t87t4329njtr	PENDING	PENDING	PENDING	1999890624	19.99890624	p2wpkh	6	in-band	PENDING	PENDING
39Bn8tD7NoF4iW89kaBxDcsuY8rQfDRKTK	PENDING	PENDING	PENDING	1999889426	19.99889426	p2sh	6	in-band	PENDING	PENDING
bc1ql537qspmeuzwln3mkhr6n5r7vq7myss2vdzs8w	PENDING	PENDING	PENDING	1999887188	19.99887188	p2wpkh	6	in-band	PENDING	PENDING
1MsbC92c2FMdQuHjU3CCsBh25NVETgsbry	PENDING	PENDING	PENDING	1999886000	19.99886000	p2pkh	6	in-band	PENDING	PENDING
bc1pw34cpfs899qcc490ge9m5jcrc7q96v20cz52qp6y2zd90fm9gjeswacsz7	PENDING	PENDING	PENDING	1999880804	19.99880804	p2tr	6	in-band	PENDING	PENDING
12YmNzWkWW87Lj12qJckvydVoyhEwwrnoU	PENDING	PENDING	PENDING	1999869374	19.99869374	p2pkh	6	in-band	PENDING	PENDING
38tWKr5wtcymeZfViAW6verA6ECYAVntT4	PENDING	PENDING	PENDING	1999862800	19.99862800	p2sh	6	in-band	PENDING	PENDING
bc1qpy3lr2slxcvfmkvc2h7ja7ughnzk2nzvj7h7l3	PENDING	PENDING	PENDING	1999855815	19.99855815	p2wpkh	6	in-band	PENDING	PENDING
bc1qd3kgd2phum3urkn64gmae2ahtj806xadaghfhvfkwkaskf6mn8xsnejzkd	PENDING	PENDING	PENDING	1999851030	19.99851030	p2wsh	6	in-band	PENDING	PENDING
bc1qfa27s4r3mpky7ragrzxq325wgqc6rjv79e5k5k	PENDING	PENDING	PENDING	1999850205	19.99850205	p2wpkh	6	in-band	PENDING	PENDING
3KRGxacuZYukBujWVNdJXt2Ls2Agn8Cxyd	PENDING	PENDING	PENDING	1999848244	19.99848244	p2sh	6	in-band	PENDING	PENDING
bc1qmg5908jml9z2n4mfrpe3vq6h08lgum23zkmcdw	PENDING	PENDING	PENDING	1999836012	19.99836012	p2wpkh	6	in-band	PENDING	PENDING
1NvbHZrK7CyDHQ6LgvYLYdpUoMyS15LE72	PENDING	PENDING	PENDING	1999834690	19.99834690	p2pkh	6	in-band	PENDING	PENDING
bc1qzjshv9af3pk0ydl8hu9p5uzn96q4efr50ejx8j	PENDING	PENDING	PENDING	1999833624	19.99833624	p2wpkh	6	in-band	PENDING	PENDING
bc1qpthnqcy0dja856rf7gq38t7rv07ccp2ytxxd86fzxanlz2lvtd2qacmpkq	PENDING	PENDING	PENDING	1999820330	19.99820330	p2wsh	6	in-band	PENDING	PENDING
bc1q95lqjan6k264sn4reamr88uaqxeusywgcrdv5y	PENDING	PENDING	PENDING	1999814063	19.99814063	p2wpkh	6	in-band	PENDING	PENDING
bc1q8wq3ypw7tv0xjcp4qmdej0u5a0tfuz6gfkpahk	PENDING	PENDING	PENDING	1999810624	19.99810624	p2wpkh	6	in-band	PENDING	PENDING
bc1q9hqx09jyx8vcgdyngnkqpuhtsgzm92n9g7xyj4	PENDING	PENDING	PENDING	1999803257	19.99803257	p2wpkh	6	in-band	PENDING	PENDING
1643s3G5Xf6jUrFMaQPWTNt5xpnPTASo7j	PENDING	PENDING	PENDING	1999803111	19.99803111	p2pkh	6	in-band	PENDING	PENDING
1ArmKJUoKHBW1WyrxqVqKKZWy2yN9rYyhs	PENDING	PENDING	PENDING	1999796880	19.99796880	p2pkh	6	in-band	PENDING	PENDING
38Ds9hfQpius84tWkyC64B5ftM4nbgEXPj	PENDING	PENDING	PENDING	1999775904	19.99775904	p2sh	6	in-band	PENDING	PENDING
bc1ph2rgk20l2ftyw53njrzpa9x7lhw2w6zevw56h6jgch7v5curhw0q9wk58t	PENDING	PENDING	PENDING	1999761787	19.99761787	p2tr	6	in-band	PENDING	PENDING
3KoBYMFng2j8HL7TQQJrzEafGt42pgyzgL	PENDING	PENDING	PENDING	1999750000	19.99750000	p2sh	6	in-band	PENDING	PENDING
bc1qpf3lfcg5ds9jg24phf78z0lw4ahppnhkzvd3nu	PENDING	PENDING	PENDING	1999744847	19.99744847	p2wpkh	6	in-band	PENDING	PENDING
bc1qs3wkdvp3et0rdv5ss37t3qaa8gn3eh86lszmk4	PENDING	PENDING	PENDING	1999734955	19.99734955	p2wpkh	6	in-band	PENDING	PENDING
bc1qexrwpqnr29945nse7e22xycxzgetamwsdq39eu	PENDING	PENDING	PENDING	1999715968	19.99715968	p2wpkh	6	in-band	PENDING	PENDING
18YJNYLJnNB9XErsjQ6CcsP5Lij7p5yNPj	PENDING	PENDING	PENDING	1999709400	19.99709400	p2pkh	6	in-band	PENDING	PENDING
bc1q0ce6e0eyl820tc4ed459xgm0grf4xm9l2gr2af	PENDING	PENDING	PENDING	1999700889	19.99700889	p2wpkh	6	in-band	PENDING	PENDING
bc1q6m8m8z6x7vd0x9gmp8edxlapjn8fsl0g2dz9l3	PENDING	PENDING	PENDING	1999694737	19.99694737	p2wpkh	6	in-band	PENDING	PENDING
3EerAZsWKcJL8owFFfRK6sMowpdUDYUgUP	PENDING	PENDING	PENDING	1999689834	19.99689834	p2sh	6	in-band	PENDING	PENDING
3Eyp8dPZFsa1k2NBgv77cMCZBRM2Pj47s3	PENDING	PENDING	PENDING	1999686560	19.99686560	p2sh	6	in-band	PENDING	PENDING
18GK8LXpWjMXmjup1t8U5m8h6kWBt4u9DC	PENDING	PENDING	PENDING	1999678635	19.99678635	p2pkh	6	in-band	PENDING	PENDING
bc1qxuqj95f70ydwt0f9xj4smkmg6hfkg5aqz8zdcu	PENDING	PENDING	PENDING	1999655424	19.99655424	p2wpkh	6	in-band	PENDING	PENDING
bc1phszd6s4nah2p2l5j0ypvp3fpuqeatt5fff8j64ex7qzusfqfjfesnh0rfq	PENDING	PENDING	PENDING	1999632958	19.99632958	p2tr	6	in-band	PENDING	PENDING
bc1ql8546hy9p09mdag7pfxu2k5a0l9f9prnnr9e7s	PENDING	PENDING	PENDING	1999624384	19.99624384	p2wpkh	6	in-band	PENDING	PENDING
bc1qdyp9dt9hk647d2pefq8s8za5egxvrg7xjlckpv	PENDING	PENDING	PENDING	1999572754	19.99572754	p2wpkh	6	in-band	PENDING	PENDING
3QGU5dUA6vxu9Uwxe1jzP3SaCgMrsRrGYc	PENDING	PENDING	PENDING	1999571600	19.99571600	p2sh	6	in-band	PENDING	PENDING
bc1q0hljxfjvg3wcq987mn0wf870mtczp0q500d0kn	PENDING	PENDING	PENDING	1999497582	19.99497582	p2wpkh	6	in-band	PENDING	PENDING
1EQCmgHg2XCBjCmYHG8kw4vuyGqcP6qjaA	PENDING	PENDING	PENDING	1999424922	19.99424922	p2pkh	6	in-band	PENDING	PENDING
18QQLE9iqyAP4M1sLjo4Fmch2EhnQauf5n	PENDING	PENDING	PENDING	1999414980	19.99414980	p2pkh	6	in-band	PENDING	PENDING
13oY7BWNgF9uXoFFcjBpKyE1ZbSxS47T9z	PENDING	PENDING	PENDING	1999395229	19.99395229	p2pkh	6	in-band	PENDING	PENDING
bc1qw5nrtaj6c259ycj3wu8jhmc8vh8s7gc0hl5f7c	PENDING	PENDING	PENDING	1999386253	19.99386253	p2wpkh	6	in-band	PENDING	PENDING
376SsrMXVto6gYGKq8v4Sut1zQGv5zE1Hg	PENDING	PENDING	PENDING	1999380000	19.99380000	p2sh	6	in-band	PENDING	PENDING
13xBizvhFGzM5FDNK9VSmkE6VVW2DeBoe5	PENDING	PENDING	PENDING	1999331593	19.99331593	p2pkh	6	in-band	PENDING	PENDING
1MjG6622ZfLgqKarsZ46Q1XNfqD2Qz4CmC	PENDING	PENDING	PENDING	1999303865	19.99303865	p2pkh	6	in-band	PENDING	PENDING
bc1qutnqyvjxd75tkuuv2hwq3gv9s3wctwd96lf4r3	PENDING	PENDING	PENDING	1999289614	19.99289614	p2wpkh	6	in-band	PENDING	PENDING
bc1qt3gpnh6v57vvwcv0hzk7ye3eyrkkhjsqumyd33	PENDING	PENDING	PENDING	1999276502	19.99276502	p2wpkh	6	in-band	PENDING	PENDING
bc1q8vu9u3zfvcz0pqm7utp6hvwpfkk9s2xgvwesv7	PENDING	PENDING	PENDING	1999261274	19.99261274	p2wpkh	6	in-band	PENDING	PENDING
1Asy3h9oA6dRLD3Ndxp6Ttd1RJjkdPnHbg	PENDING	PENDING	PENDING	1999254065	19.99254065	p2pkh	6	in-band	PENDING	PENDING
bc1qyfh7z0z5eplsgfprkmt5ga9t9ey4ceyrq9mgrp	PENDING	PENDING	PENDING	1999186101	19.99186101	p2wpkh	6	in-band	PENDING	PENDING
34m6jRuuwKeuDFi61GM3c9jGNr2SzaPgv5	PENDING	PENDING	PENDING	1999184958	19.99184958	p2sh	6	in-band	PENDING	PENDING
bc1qfd5ae6779msuqsl8xytej960nnjempdv99tkhx	PENDING	PENDING	PENDING	1999120624	19.99120624	p2wpkh	6	in-band	PENDING	PENDING
3AKP6DioxT8m3UQbLQoaDHFYp7ZMFeh2w3	PENDING	PENDING	PENDING	1999078997	19.99078997	p2sh	6	in-band	PENDING	PENDING
1EXkygkurVqxz2EnjK35CwvXTc5UtsTXs2	PENDING	PENDING	PENDING	1999016600	19.99016600	p2pkh	6	in-band	PENDING	PENDING
3CeuNtTz8rWP9SrHE9DbFKXN8hkfM8Lgfe	PENDING	PENDING	PENDING	1999006050	19.99006050	p2sh	6	in-band	PENDING	PENDING
bc1pqgc7qtscv2xj03ew4m53xuyx9tygxzw298j5rzet2gkk4pxw3xrshtm33s	PENDING	PENDING	PENDING	1999005057	19.99005057	p2tr	6	in-band	PENDING	PENDING
bc1q4kzdy303sds9929mm82t3n3y9fkm4pqdgukx0u	PENDING	PENDING	PENDING	1999000624	19.99000624	p2wpkh	6	in-band	PENDING	PENDING
bc1qpumawqsxn8plglqny3ft3vuha7hkp0j7em2342	PENDING	PENDING	PENDING	1999000624	19.99000624	p2wpkh	6	in-band	PENDING	PENDING
bc1qt0vwl8d79kp5f243mfquvu03h8yu0utspvfxxr	PENDING	PENDING	PENDING	1999000298	19.99000298	p2wpkh	6	in-band	PENDING	PENDING
bc1qx7nqa4wud0uylsj5a50c2elf93wccw3stgjgdj	PENDING	PENDING	PENDING	1999000199	19.99000199	p2wpkh	6	in-band	PENDING	PENDING
bc1q43ldzn02246fyx4v932kuzklay72vp3u8en6lj	PENDING	PENDING	PENDING	1998999215	19.98999215	p2wpkh	6	in-band	PENDING	PENDING
bc1q4sp94u92surm7unjxh5nvgsa2svc6d34t624c5	PENDING	PENDING	PENDING	1998997515	19.98997515	p2wpkh	6	in-band	PENDING	PENDING
bc1qysf8fqcwlpszc38tcqapfn59rq39flk8ck53gk	PENDING	PENDING	PENDING	1998997087	19.98997087	p2wpkh	6	in-band	PENDING	PENDING
1DtaJZbquorxBAWFrJ1A1rmTncuJu4Y2X7	PENDING	PENDING	PENDING	1998996189	19.98996189	p2pkh	6	in-band	PENDING	PENDING
bc1qxdkc7exct6j25pcwkpx8h4c2v9cujh8utpy587	PENDING	PENDING	PENDING	1998993052	19.98993052	p2wpkh	6	in-band	PENDING	PENDING
bc1qhza4977v4ae4v23k58zvt7pl73u6vjec3c29k7	PENDING	PENDING	PENDING	1998993006	19.98993006	p2wpkh	6	in-band	PENDING	PENDING
bc1qja8rv7v20uv5trtvjsssedetlasx55f3xsq25n	PENDING	PENDING	PENDING	1998987232	19.98987232	p2wpkh	6	in-band	PENDING	PENDING
34sZm5BAAAqN4huCeJAmQ8J38HdNW5b2iG	PENDING	PENDING	PENDING	1998985334	19.98985334	p2sh	6	in-band	PENDING	PENDING
3HfSeSL5jcHeeBJmFyYhmgMbdNS5BUJLWJ	PENDING	PENDING	PENDING	1998979515	19.98979515	p2sh	6	in-band	PENDING	PENDING
3CULmrNYCJryQ51uvFie7swfAAriigVdU5	PENDING	PENDING	PENDING	1998971396	19.98971396	p2sh	6	in-band	PENDING	PENDING
bc1qf5ge6kg0zfqwaa406p5gn9me746ec567redfa8	PENDING	PENDING	PENDING	1998970042	19.98970042	p2wpkh	6	in-band	PENDING	PENDING
bc1qta5yge7rj6y85emh6vvuawh5pukv8m4gclppmg	PENDING	PENDING	PENDING	1998960346	19.98960346	p2wpkh	6	in-band	PENDING	PENDING
3NMcDiUnc1TsThbthKWBe2QKK7i8tbXPYT	PENDING	PENDING	PENDING	1998898340	19.98898340	p2sh	6	in-band	PENDING	PENDING
bc1qcgc0xva8eve3crhfxwfjmk09dl2308u4l3dzhs	PENDING	PENDING	PENDING	1998874929	19.98874929	p2wpkh	6	in-band	PENDING	PENDING
bc1q0zlp4m99ppjdw3p3gmrv788fyazvhc5f8sjqju	PENDING	PENDING	PENDING	1998759882	19.98759882	p2wpkh	6	in-band	PENDING	PENDING
bc1qcyx86kv7rlweadxjql3nwl60f28f90vetaxs7v	PENDING	PENDING	PENDING	1998727315	19.98727315	p2wpkh	6	in-band	PENDING	PENDING
3LS2ERcsf5Wg3zGrarwqEtzhLhXcmJ9szL	PENDING	PENDING	PENDING	1998680778	19.98680778	p2sh	6	in-band	PENDING	PENDING
bc1qqmync7pck5dpjllytsq74thmtd2564kfkspc0t	PENDING	PENDING	PENDING	1998631117	19.98631117	p2wpkh	6	in-band	PENDING	PENDING
bc1qx9s9lpdcpg03gnn5edhl2m9y9erjnx8872zq0h	PENDING	PENDING	PENDING	1998558720	19.98558720	p2wpkh	6	in-band	PENDING	PENDING
bc1q3nc0nlfq3c53gx4dk20r4qp0w6pv3z5cqxdt22	PENDING	PENDING	PENDING	1998531602	19.98531602	p2wpkh	6	in-band	PENDING	PENDING
bc1q0lme882jg5sv4wr8hxxkptns9787g89frnk4s9	PENDING	PENDING	PENDING	1998493925	19.98493925	p2wpkh	6	in-band	PENDING	PENDING
bc1qmuxcv2upnh3eh9frrxcdth3847lstw0z07g6lf	PENDING	PENDING	PENDING	1998394799	19.98394799	p2wpkh	6	in-band	PENDING	PENDING
bc1qjw57j974hh0ur70yqvaql5srsht50srqhutqj7	PENDING	PENDING	PENDING	1998000624	19.98000624	p2wpkh	6	in-band	PENDING	PENDING
bc1ql4j60vuu3h4x0n7gfcltpu8xzg0w83cjtnd5rk	PENDING	PENDING	PENDING	1998000624	19.98000624	p2wpkh	6	in-band	PENDING	PENDING
1JAMbe2SeV5MJvt8bUQrRmkhAFhyfvrZfF	PENDING	PENDING	PENDING	1997999299	19.97999299	p2pkh	6	in-band	PENDING	PENDING
bc1qjpjpsa04esuv3uflf9qq4nm6vcrqp35200gshj	PENDING	PENDING	PENDING	1997998200	19.97998200	p2wpkh	6	in-band	PENDING	PENDING
bc1qtr38q8h838qxx4ff0m6c4v54wgr3atzhjngsnw	PENDING	PENDING	PENDING	1997983374	19.97983374	p2wpkh	6	in-band	PENDING	PENDING
bc1qyhqk5589wlw2jn2qg6ah5ehn5mtpmcln90xs0l	PENDING	PENDING	PENDING	1997967588	19.97967588	p2wpkh	6	in-band	PENDING	PENDING
1V7qYDPzN2PXTtkGgonAbqsgLuMavxqNK	PENDING	PENDING	PENDING	1997959451	19.97959451	p2pkh	6	in-band	PENDING	PENDING
bc1q20vj880gl5ekrq8u29xqt0fxk2m3jvzafjkauz	PENDING	PENDING	PENDING	1997924906	19.97924906	p2wpkh	6	in-band	PENDING	PENDING
bc1q9ww7asc8ep9z4sexn8wdh2lqex8vp5mfg6ld65	PENDING	PENDING	PENDING	1997877611	19.97877611	p2wpkh	6	in-band	PENDING	PENDING
bc1q4l883t5aqa9rplqwz53ejd4gka8m068g4kwn6r	PENDING	PENDING	PENDING	1997867505	19.97867505	p2wpkh	6	in-band	PENDING	PENDING
1AUGLcLBwvkSEc2bxDfvZ8jQc1KPKUgRzj	PENDING	PENDING	PENDING	1997685200	19.97685200	p2pkh	6	in-band	PENDING	PENDING
bc1q55y5gsrlyh570vdxwzgu3jappwmlwk548583ht	PENDING	PENDING	PENDING	1997670624	19.97670624	p2wpkh	6	in-band	PENDING	PENDING
3BXUqTnTJ9WZgNue77cMpt4mv4VgXNRFDJ	PENDING	PENDING	PENDING	1997583024	19.97583024	p2sh	6	in-band	PENDING	PENDING
bc1qefjdgmu04jnywu5fx7q0cflrvxexxv7cldtmq8	PENDING	PENDING	PENDING	1997565524	19.97565524	p2wpkh	6	in-band	PENDING	PENDING
bc1qg7yjcltssjxjg3ay0q70ehmearc3eg7rfu458q	PENDING	PENDING	PENDING	1997532732	19.97532732	p2wpkh	6	in-band	PENDING	PENDING
bc1qdyfpuf3254cl5aqneph5zlq93qmr02tmlnu4dc	PENDING	PENDING	PENDING	1997514527	19.97514527	p2wpkh	6	in-band	PENDING	PENDING
bc1qpa92n0rd6ta7ns23tm0qgw7dq4jnjn7248utm5pryaylmhqaprcs3e832y	PENDING	PENDING	PENDING	1997467930	19.97467930	p2wsh	6	in-band	PENDING	PENDING
1JYePty3K5C62yWJig45kczxpYmCn7MPCG	PENDING	PENDING	PENDING	1997444536	19.97444536	p2pkh	6	in-band	PENDING	PENDING
bc1qlp9pwwv7da3kwmyfxs6xk3utkaxyp38d3yfgty	PENDING	PENDING	PENDING	1997309139	19.97309139	p2wpkh	6	in-band	PENDING	PENDING
14wvi8KA33nYMBMPjrFmAMpXWY5yDCk4Wx	PENDING	PENDING	PENDING	1997262572	19.97262572	p2pkh	6	in-band	PENDING	PENDING
bc1qgeynusyrnef0pvjrfd0vyqv87j35txssfel8s5	PENDING	PENDING	PENDING	1997116237	19.97116237	p2wpkh	6	in-band	PENDING	PENDING
bc1qvlx9u774cmml4vljvlycnndac9k423gpeej33j	PENDING	PENDING	PENDING	1996994079	19.96994079	p2wpkh	6	in-band	PENDING	PENDING
bc1qrffssclxyn7my3lt66pmmdhvpvu53w8lprwcgg	PENDING	PENDING	PENDING	1996779054	19.96779054	p2wpkh	6	in-band	PENDING	PENDING
bc1qe3wprlxk2lxcx4nx8kp6f65jsg4ehmrl0uucmt	PENDING	PENDING	PENDING	1996774974	19.96774974	p2wpkh	6	in-band	PENDING	PENDING
bc1q299hjkx7ksz9m83jjd9j20dg325z6zxrd8f3wp	PENDING	PENDING	PENDING	1996772934	19.96772934	p2wpkh	6	in-band	PENDING	PENDING
bc1q9jhqcq2ns9duys58dchwu4w0mnshjfakv8fdl3	PENDING	PENDING	PENDING	1996772934	19.96772934	p2wpkh	6	in-band	PENDING	PENDING
bc1qjzc0p559t5kjmgtfe74lkwhl4a8d069rrakpx4	PENDING	PENDING	PENDING	1996772934	19.96772934	p2wpkh	6	in-band	PENDING	PENDING
bc1q5cjj4y92gtgnjzngj6tvpcfzj4sk9n3zcz9y7p	PENDING	PENDING	PENDING	1996766844	19.96766844	p2wpkh	6	in-band	PENDING	PENDING
bc1qj7x2kkfyn8enmnd4wrzhat6ludw3aug28krts3	PENDING	PENDING	PENDING	1996762794	19.96762794	p2wpkh	6	in-band	PENDING	PENDING
bc1q3wf92ytsku6ymfdpsmrrzr24juz7vz5wmwpvvv	PENDING	PENDING	PENDING	1996760754	19.96760754	p2wpkh	6	in-band	PENDING	PENDING
bc1q4knnv9futs5v8qz92tzrgg7fzhtw57yuzsjdw4	PENDING	PENDING	PENDING	1996758714	19.96758714	p2wpkh	6	in-band	PENDING	PENDING
bc1q4qgpdgzau6v8fs907q82jn087s4t4673sjfenm	PENDING	PENDING	PENDING	1996758714	19.96758714	p2wpkh	6	in-band	PENDING	PENDING
bc1q782hm8z7g5697fq43z7jwxjrth2nmtg2jjqctt	PENDING	PENDING	PENDING	1996758714	19.96758714	p2wpkh	6	in-band	PENDING	PENDING
bc1qqvds6l2fpr8z89c3vhfzwtwcr8jwp7pv3h3mz9	PENDING	PENDING	PENDING	1996758714	19.96758714	p2wpkh	6	in-band	PENDING	PENDING
bc1qthcn7zzylcawwtvxxvypz22g70t67fcfl88ufk	PENDING	PENDING	PENDING	1996758714	19.96758714	p2wpkh	6	in-band	PENDING	PENDING
bc1qtz78s2sphwqagrl597h4wt6yp85w6mtjxc3m9y	PENDING	PENDING	PENDING	1996758714	19.96758714	p2wpkh	6	in-band	PENDING	PENDING
bc1q4zpk2sxv6qlkffsnzmv644u8mtvzawth7nyfsu	PENDING	PENDING	PENDING	1996756674	19.96756674	p2wpkh	6	in-band	PENDING	PENDING
bc1q5msfd7me5ufp59kdgqfgxftcnwhsq7qeq09599	PENDING	PENDING	PENDING	1996756674	19.96756674	p2wpkh	6	in-band	PENDING	PENDING
bc1q78c5nemauxj5mu9pk50x0vsvmgqzlwz2z46t5x	PENDING	PENDING	PENDING	1996756674	19.96756674	p2wpkh	6	in-band	PENDING	PENDING
bc1qcpseypzu86q7uqze2mv2lh589k8evcymnad34d	PENDING	PENDING	PENDING	1996756674	19.96756674	p2wpkh	6	in-band	PENDING	PENDING
bc1qq4hfasdv9fy8uyq6ax2f6zy9wqqsnxja7234q7	PENDING	PENDING	PENDING	1996756674	19.96756674	p2wpkh	6	in-band	PENDING	PENDING
bc1qrcfyuhnqrnawkrvuuqxtnt46whadmprs8h352g	PENDING	PENDING	PENDING	1996756674	19.96756674	p2wpkh	6	in-band	PENDING	PENDING
bc1qryqnmu9yff43rpdczfr6wnmgj2ym6pa9qf5na7	PENDING	PENDING	PENDING	1996756674	19.96756674	p2wpkh	6	in-band	PENDING	PENDING
bc1qv7tt7cdzrlz2ke6cjxgg27dtp8q4zr64dd67aa	PENDING	PENDING	PENDING	1996756674	19.96756674	p2wpkh	6	in-band	PENDING	PENDING
bc1qxcuww6c93f7rw4aw9rmjsv54grjwuthg3wxyn9	PENDING	PENDING	PENDING	1996756674	19.96756674	p2wpkh	6	in-band	PENDING	PENDING
bc1qfqlsvtzfsmmpzeykfulqfpjxlphhh344zyvtke	PENDING	PENDING	PENDING	1996754664	19.96754664	p2wpkh	6	in-band	PENDING	PENDING
bc1qjkuvk58kvqv7q6xeap9yzg8qcv93kcz3l9w5qp	PENDING	PENDING	PENDING	1996754664	19.96754664	p2wpkh	6	in-band	PENDING	PENDING
bc1qr6ylth4lnm2lxhvegrusm96lkjhu2gp9m59quw	PENDING	PENDING	PENDING	1996754664	19.96754664	p2wpkh	6	in-band	PENDING	PENDING
bc1qyulwtm9jldk4jctfj866czmc7zuck66weh6yvj	PENDING	PENDING	PENDING	1996754664	19.96754664	p2wpkh	6	in-band	PENDING	PENDING
bc1qm29luc0yymqxj6ylhx85aa5s9djdgwf7cktn7a	PENDING	PENDING	PENDING	1996752624	19.96752624	p2wpkh	6	in-band	PENDING	PENDING
bc1qs49ry7nt5k963r5v3nc8h76xt9p69j6rugcqyk	PENDING	PENDING	PENDING	1996752624	19.96752624	p2wpkh	6	in-band	PENDING	PENDING
bc1q4k5aclkmk63jearm2n7rq8q8r8ht972y8j77uk	PENDING	PENDING	PENDING	1996750584	19.96750584	p2wpkh	6	in-band	PENDING	PENDING
bc1qsmaygf9cs0kz54m3fdhqh0x6h7pjgf8qkyd5mw	PENDING	PENDING	PENDING	1996750584	19.96750584	p2wpkh	6	in-band	PENDING	PENDING
bc1qaemux86g7rvd7mw60c3jn7z93fpegj5tuvnpfn	PENDING	PENDING	PENDING	1996748544	19.96748544	p2wpkh	6	in-band	PENDING	PENDING
bc1qc6zjrsj2zzhpywlkw722gx6eg505mra7v3qnt8	PENDING	PENDING	PENDING	1996748544	19.96748544	p2wpkh	6	in-band	PENDING	PENDING
bc1qe5jj6dsxhw5336uyg09c5r85lx7wz72u4ffgzz	PENDING	PENDING	PENDING	1996748544	19.96748544	p2wpkh	6	in-band	PENDING	PENDING
bc1qeq640w2f6rm2mxsn4tkq2zg9yx42jl9k5uh0k5	PENDING	PENDING	PENDING	1996748544	19.96748544	p2wpkh	6	in-band	PENDING	PENDING
bc1qpmmhe6kd66zrlh3fe0mtfm9c3xgp65ucyl4kcn	PENDING	PENDING	PENDING	1996748544	19.96748544	p2wpkh	6	in-band	PENDING	PENDING
bc1q0xnxh7ktt5qgz9ccd78kaajwxj3acltxshuqqf	PENDING	PENDING	PENDING	1996746534	19.96746534	p2wpkh	6	in-band	PENDING	PENDING
bc1qjfh2cd0r296gza5xlgg9cj37734vl9aprplrun	PENDING	PENDING	PENDING	1996744494	19.96744494	p2wpkh	6	in-band	PENDING	PENDING
bc1qhyx3cccxgcwgjq0llq5ev2wtv4h4yelysxrhkn	PENDING	PENDING	PENDING	1996742454	19.96742454	p2wpkh	6	in-band	PENDING	PENDING
bc1qturhyntjth7w9h6qz0np7rqklkak0a3htthr6m	PENDING	PENDING	PENDING	1996742454	19.96742454	p2wpkh	6	in-band	PENDING	PENDING
bc1qmhnycdq2zmua7vfrmasja2c02w9k49c0k7pj8g	PENDING	PENDING	PENDING	1996740414	19.96740414	p2wpkh	6	in-band	PENDING	PENDING
bc1q7k5txal9g07snr8pgt9wcy0a98fpvg872f9etp	PENDING	PENDING	PENDING	1996738404	19.96738404	p2wpkh	6	in-band	PENDING	PENDING
bc1qcz3f2e2gkdmszh5teurvjzmh4a0acjtm7c8dr7	PENDING	PENDING	PENDING	1996738404	19.96738404	p2wpkh	6	in-band	PENDING	PENDING
bc1q0grpvlmlhw43p7vfuxrdkuhxa9u32dgk2x7sg3	PENDING	PENDING	PENDING	1996730274	19.96730274	p2wpkh	6	in-band	PENDING	PENDING
bc1q5az6mv7g09rmrrgl35eqx0fu8st2yz8sc3d6ux	PENDING	PENDING	PENDING	1996720104	19.96720104	p2wpkh	6	in-band	PENDING	PENDING
bc1q5wm60uk3lhx7q29fcpzdaym5h7jrm8gyhzjwqy	PENDING	PENDING	PENDING	1996720104	19.96720104	p2wpkh	6	in-band	PENDING	PENDING
bc1qj2klyeuvgwrpzd5y79zw3fkak9kmmr6ahnfajd	PENDING	PENDING	PENDING	1996720104	19.96720104	p2wpkh	6	in-band	PENDING	PENDING
bc1qjh4zzs8njpau5pc83m052eqdt4zckwk902gtrc	PENDING	PENDING	PENDING	1996720104	19.96720104	p2wpkh	6	in-band	PENDING	PENDING
bc1qm55e0gj94xkd4f5pa0jfdwwy2wcrpm89ayp4q2	PENDING	PENDING	PENDING	1996720104	19.96720104	p2wpkh	6	in-band	PENDING	PENDING
bc1qqhczda5pynz9ez9e4ydk5ngdt7stjau77twp5a	PENDING	PENDING	PENDING	1996720104	19.96720104	p2wpkh	6	in-band	PENDING	PENDING
bc1qqxu4k9slzqv4vz9gznyvdqyta5p8w0n37lsxyv	PENDING	PENDING	PENDING	1996720104	19.96720104	p2wpkh	6	in-band	PENDING	PENDING
bc1qus26500ta5savxgc55mk00utu3r464uds46ycy	PENDING	PENDING	PENDING	1996720104	19.96720104	p2wpkh	6	in-band	PENDING	PENDING
1GVk7nBZ2dmJdHrG7qFRjVhUg7raWMeonm	PENDING	PENDING	PENDING	1996708679	19.96708679	p2pkh	6	in-band	PENDING	PENDING
1PMshTX6y9A1SCa9pcYf4USeVrsLm5xmLM	PENDING	PENDING	PENDING	1996695200	19.96695200	p2pkh	6	in-band	PENDING	PENDING
39qemjH1NkKcVJJFa77r9QirQfKdMccX1f	PENDING	PENDING	PENDING	1996576823	19.96576823	p2sh	6	in-band	PENDING	PENDING
bc1qaah2re4z9ctfhgkm2e6qnd30llt097ca58n44ujvj5vczy7a59usvz2js5	PENDING	PENDING	PENDING	1996571107	19.96571107	p2wsh	6	in-band	PENDING	PENDING
3AGZKXh3UPLrixhL2hVUVV3WFJD8toj6SS	PENDING	PENDING	PENDING	1996517683	19.96517683	p2sh	6	in-band	PENDING	PENDING
1FPRWt3ZWJVQwNkiand7qwTLf9Xuvuv16g	PENDING	PENDING	PENDING	1996304081	19.96304081	p2pkh	6	in-band	PENDING	PENDING
bc1qlnvkqp3wasajdmrsnwapgqq5zevxhtapmaw49j	PENDING	PENDING	PENDING	1996179768	19.96179768	p2wpkh	6	in-band	PENDING	PENDING
3EQK4ZBpDDpYuteDmPKfkDapM6dRaUeRTi	PENDING	PENDING	PENDING	1996155156	19.96155156	p2sh	6	in-band	PENDING	PENDING
bc1qrjzr2rq7d0uv8d4x8hyy7un43l5yk2lu89865q	PENDING	PENDING	PENDING	1995957833	19.95957833	p2wpkh	6	in-band	PENDING	PENDING
bc1qvh3eyv8nq2cjaya8e7hes5nadz9gj8ydr0s0nq0nz7feapsrydcs5uxj6g	PENDING	PENDING	PENDING	1995951782	19.95951782	p2wsh	6	in-band	PENDING	PENDING
bc1qlqshyzvkfe3q2nx03laxl9rchh3fxdnznx52kq	PENDING	PENDING	PENDING	1995938392	19.95938392	p2wpkh	6	in-band	PENDING	PENDING
bc1q6xxf63pzmc0jjp46rrv435d9ew8ae0w7g5g3sq	PENDING	PENDING	PENDING	1995890108	19.95890108	p2wpkh	6	in-band	PENDING	PENDING
bc1qm04v2m65kt7w95nfw567uc4hkh4gxq87cyvdjl	PENDING	PENDING	PENDING	1995823975	19.95823975	p2wpkh	6	in-band	PENDING	PENDING
34cmJCpFwSV6ccjtYBfafznQhZNfhWXh1j	PENDING	PENDING	PENDING	1995762116	19.95762116	p2sh	6	in-band	PENDING	PENDING
3MwSzt3UEdmSHJnSgVv48n84kogThW3eHj	PENDING	PENDING	PENDING	1995732452	19.95732452	p2sh	6	in-band	PENDING	PENDING
1MNFSNmQqw5vgHGhVseehUp7XojX7kP4oV	PENDING	PENDING	PENDING	1995410237	19.95410237	p2pkh	6	in-band	PENDING	PENDING
bc1q4hqunknlhkkfzd0f2cnvncq48va96rvxy45a2v72vctxn945d86qns76hd	PENDING	PENDING	PENDING	1995334836	19.95334836	p2wsh	6	in-band	PENDING	PENDING
bc1qx3alqrrx0znkg5vqapttpq7gxnfsweu38ckhq3	PENDING	PENDING	PENDING	1995326277	19.95326277	p2wpkh	6	in-band	PENDING	PENDING
bc1q06cq9dlsne5h4d3uy5wd9vny88eqy3m8aerhwn	PENDING	PENDING	PENDING	1995167329	19.95167329	p2wpkh	6	in-band	PENDING	PENDING
bc1qjlfs5ae0rdtptqv9m00twf9tu4k2f0z22uhns8	PENDING	PENDING	PENDING	1995131870	19.95131870	p2wpkh	6	in-band	PENDING	PENDING
bc1qnqhl8sur60pkpwxe7ppznsl5gcvflqa9t6v64m	PENDING	PENDING	PENDING	1995126399	19.95126399	p2wpkh	6	in-band	PENDING	PENDING
3GQwNfPh3zaCVTX4rU82TNGWkSejycYqRn	PENDING	PENDING	PENDING	1994997714	19.94997714	p2sh	6	in-band	PENDING	PENDING
bc1q4h7shfdk6cqcr6lkh3aq0uv7nsnez6myqvdxnq	PENDING	PENDING	PENDING	1994990400	19.94990400	p2wpkh	6	in-band	PENDING	PENDING
33hwzDurffZMAsVYASagpSCj6uwi67YyWm	PENDING	PENDING	PENDING	1994990353	19.94990353	p2sh	6	in-band	PENDING	PENDING
3C9dKUJ1ha6JAS8Riwpw4JuccNYvKFBFPm	PENDING	PENDING	PENDING	1994941108	19.94941108	p2sh	6	in-band	PENDING	PENDING
bc1qmyja8yxxw4ath9vztznarjwyl5ge3pp7dherny	PENDING	PENDING	PENDING	1994649614	19.94649614	p2wpkh	6	in-band	PENDING	PENDING
bc1qrzhnzac4rkv3fq7n8avjq0drhxnsm8f7fzcg09	PENDING	PENDING	PENDING	1994645924	19.94645924	p2wpkh	6	in-band	PENDING	PENDING
3Epz4PMKYX7hdEfxaXPb4YbwkjWXnERERz	PENDING	PENDING	PENDING	1994414728	19.94414728	p2sh	6	in-band	PENDING	PENDING
bc1qwyjuuluqa4akxq8r6x0fhmkw380f60f3d950h7	PENDING	PENDING	PENDING	1994376756	19.94376756	p2wpkh	6	in-band	PENDING	PENDING
bc1qtzmp97zhh3c2w6kt40crt0yr9m9dr4ypq2q8kd	PENDING	PENDING	PENDING	1994065256	19.94065256	p2wpkh	6	in-band	PENDING	PENDING
1BHsxhZz9XLXMXcWKa2utwnfeFHUtrAJrt	PENDING	PENDING	PENDING	1993948184	19.93948184	p2pkh	6	in-band	PENDING	PENDING
bc1qrjw9uswekjz267ct0edrmdz7tpzzy4addtx7k7	PENDING	PENDING	PENDING	1993925383	19.93925383	p2wpkh	6	in-band	PENDING	PENDING
bc1qpqvkgr0u87fd85wz9a6ce86at26wshwn5k3mtu	PENDING	PENDING	PENDING	1993905396	19.93905396	p2wpkh	6	in-band	PENDING	PENDING
1B7wsHKjCjA7QZR8rS4dWwuJC3atxKKBQM	PENDING	PENDING	PENDING	1993902966	19.93902966	p2pkh	6	in-band	PENDING	PENDING
bc1qsjhrt25cttxh3n4vqjwr4adqy4ypfsy62esauz	PENDING	PENDING	PENDING	1993894308	19.93894308	p2wpkh	6	in-band	PENDING	PENDING
bc1qkzs3u3z2uzm3llmnkyghn6ae92twsd7udenz6k	PENDING	PENDING	PENDING	1993844042	19.93844042	p2wpkh	6	in-band	PENDING	PENDING
bc1qqncf9ccnddslsaa8wgyqyk695kx2jy9yuqpu44	PENDING	PENDING	PENDING	1993780623	19.93780623	p2wpkh	6	in-band	PENDING	PENDING
1JDUKKz2in2sJ3guiPchnV6iD4fiPR3XwA	PENDING	PENDING	PENDING	1993603296	19.93603296	p2pkh	6	in-band	PENDING	PENDING
bc1qjv08frd85s5fafu6xgqg5qd03zcgz2qpgxereg	PENDING	PENDING	PENDING	1993573630	19.93573630	p2wpkh	6	in-band	PENDING	PENDING
3No1J9Pbnj4DuRpKHSrj8iNJ6QKrExcPYT	PENDING	PENDING	PENDING	1993550786	19.93550786	p2sh	6	in-band	PENDING	PENDING
3F4viT6nc3fvcP7GtBhDmZm6h4KbgqokkD	PENDING	PENDING	PENDING	1993202162	19.93202162	p2sh	6	in-band	PENDING	PENDING
bc1qr0ylnhzxc04q3qslqhaxcudq2qm6dngl85pqm2	PENDING	PENDING	PENDING	1993012748	19.93012748	p2wpkh	6	in-band	PENDING	PENDING
1Au4rpZJwNFacEij2HkeyW36zFKfG9w5me	PENDING	PENDING	PENDING	1992999400	19.92999400	p2pkh	6	in-band	PENDING	PENDING
3EBuEKWs15RUUWcbcvEJuZa3P4P9Ru6gXH	PENDING	PENDING	PENDING	1992966532	19.92966532	p2sh	6	in-band	PENDING	PENDING
16jiY4ztr1fXGmFJ3CPrRXQFtb8Y5EvGM7	PENDING	PENDING	PENDING	1992958275	19.92958275	p2pkh	6	in-band	PENDING	PENDING
bc1qjvdjflpqhzyxwhcvsp52jsz7q62rgqrkuenj2j	PENDING	PENDING	PENDING	1992852595	19.92852595	p2wpkh	6	in-band	PENDING	PENDING
37HWvesPx9C6tXZD3fZW4K4FBW5HQZgkhM	PENDING	PENDING	PENDING	1992739316	19.92739316	p2sh	6	in-band	PENDING	PENDING
bc1q75x4relwcrt9ayspe58h47drpexuawkju8d6fj	PENDING	PENDING	PENDING	1992600511	19.92600511	p2wpkh	6	in-band	PENDING	PENDING
15aj1me7Et9yEaWSbFBdtWwsWQNRnEWEmS	PENDING	PENDING	PENDING	1992548318	19.92548318	p2pkh	6	in-band	PENDING	PENDING
bc1qknlsrrka9nprn9456lnn5cs0nyvvw424p3g2ut	PENDING	PENDING	PENDING	1992426279	19.92426279	p2wpkh	6	in-band	PENDING	PENDING
33cbVTdDhHuD26b73bGFGvsrqN47hx4KrW	PENDING	PENDING	PENDING	1992305509	19.92305509	p2sh	6	in-band	PENDING	PENDING
1XKsZjEA8szVSbMehQPaBxEZaF6VgUThK	PENDING	PENDING	PENDING	1991826701	19.91826701	p2pkh	6	in-band	PENDING	PENDING
bc1qk8aclcxzlhm82e08f30dj3xc25mtz8a7s3m666	PENDING	PENDING	PENDING	1991493822	19.91493822	p2wpkh	6	in-band	PENDING	PENDING
14yk6N3XSNNLcbq7wbnwnV8R4wKCZAKxYG	PENDING	PENDING	PENDING	1991485800	19.91485800	p2pkh	6	in-band	PENDING	PENDING
bc1qq05lnrrejqvxfez5sgn4zkygcp62ytpqwmql8v	PENDING	PENDING	PENDING	1991402628	19.91402628	p2wpkh	6	in-band	PENDING	PENDING
1LobsMVyXeDSisnyKnrR8HFygK5qZHrnCD	PENDING	PENDING	PENDING	1991358000	19.91358000	p2pkh	6	in-band	PENDING	PENDING
36KDbEH1bBcft3Kx5RWX6nviHnN7Lmrfz5	PENDING	PENDING	PENDING	1991323680	19.91323680	p2sh	6	in-band	PENDING	PENDING
3B4fvZtFD8aQCX4GbVxVFSPFBWZQKiiMLp	PENDING	PENDING	PENDING	1991134182	19.91134182	p2sh	6	in-band	PENDING	PENDING
bc1q7nct0rsrhpmawd8s97qjy7qlfdmh34dgh9xal8	PENDING	PENDING	PENDING	1991051938	19.91051938	p2wpkh	6	in-band	PENDING	PENDING
388shXtenAEsB9BABhSpkVjrX7RqZzJhCv	PENDING	PENDING	PENDING	1991020495	19.91020495	p2sh	6	in-band	PENDING	PENDING
3QhnURcP8tcBtdpjv6Bv9nLTayRKEEoVe6	PENDING	PENDING	PENDING	1991005491	19.91005491	p2sh	6	in-band	PENDING	PENDING
bc1q9grs90w2fd0dgcw565pat5r3gk5n894td2l0u7	PENDING	PENDING	PENDING	1991000624	19.91000624	p2wpkh	6	in-band	PENDING	PENDING
bc1qsr279352dhg0msxw8yjek8np3qd7f8gkzm492x	PENDING	PENDING	PENDING	1991000624	19.91000624	p2wpkh	6	in-band	PENDING	PENDING
3BZKvf2anJNY4u4EqsiMX62YUSKgW6Tw21	PENDING	PENDING	PENDING	1990976196	19.90976196	p2sh	6	in-band	PENDING	PENDING
bc1qvg8c8wnw6xtz9256pf3shpvush9erpmhmaepn8	PENDING	PENDING	PENDING	1990975804	19.90975804	p2wpkh	6	in-band	PENDING	PENDING
3AtMNk7fA1wTbLzGDMPnvf2S393iPQqLy2	PENDING	PENDING	PENDING	1990963880	19.90963880	p2sh	6	in-band	PENDING	PENDING
bc1qvj2du9jg9l3syfj6hwtlwq4h24a3e62fqv6skw	PENDING	PENDING	PENDING	1990953333	19.90953333	p2wpkh	6	in-band	PENDING	PENDING
bc1qkpf4ruex7cm609twc7zqhyuj0drtgppqdt82e6newlhf3evtudls73m5wy	PENDING	PENDING	PENDING	1990921121	19.90921121	p2wsh	6	in-band	PENDING	PENDING
1AyeGZzZXBYbVspbWrVw5e8CWyjak8ixDa	PENDING	PENDING	PENDING	1990808905	19.90808905	p2pkh	6	in-band	PENDING	PENDING
bc1q3dslmpjhd2j08luj5rj3rjvz4c7d2ef83d9574	PENDING	PENDING	PENDING	1990683118	19.90683118	p2wpkh	6	in-band	PENDING	PENDING
35m5fqmFfHtEmro2YDR3XM26uMuXZxCVwi	PENDING	PENDING	PENDING	1990499319	19.90499319	p2sh	6	in-band	PENDING	PENDING
37eLUYCvwxV5xSZbZheSacjgzsWh8ankUE	PENDING	PENDING	PENDING	1990497668	19.90497668	p2sh	6	in-band	PENDING	PENDING
1KgDfqkyN9sstooXD7FCeSFpUvJArUgHhm	PENDING	PENDING	PENDING	1990203961	19.90203961	p2pkh	6	in-band	PENDING	PENDING
bc1q3ha0aajlv6s5psdxwtw6rq9vk0daxj9f3fwuny	PENDING	PENDING	PENDING	1990094688	19.90094688	p2wpkh	6	in-band	PENDING	PENDING
bc1qrmt86lcf5s5ane28p0c9pc953gc0tkxhj3m9az	PENDING	PENDING	PENDING	1990006584	19.90006584	p2wpkh	6	in-band	PENDING	PENDING
bc1q90acaa93x9hc2p08j6wca6k2jlkzuf6jaqgnfj	PENDING	PENDING	PENDING	1990002046	19.90002046	p2wpkh	6	in-band	PENDING	PENDING
bc1q2ny2yrg3mwdelf2fvflapp9z0n4d965wd342tk	PENDING	PENDING	PENDING	1990000624	19.90000624	p2wpkh	6	in-band	PENDING	PENDING
bc1qcjgkkn9c5lyn5x9qyguz337rnjwnn36g4tc4rc	PENDING	PENDING	PENDING	1990000624	19.90000624	p2wpkh	6	in-band	PENDING	PENDING
bc1qctjq9tehym5xg5m9yx7gn44vf3semde9sl2z5r	PENDING	PENDING	PENDING	1990000624	19.90000624	p2wpkh	6	in-band	PENDING	PENDING
bc1qe9lxgd68hzt39q5x0t65aw3qn27atw4kudqudp	PENDING	PENDING	PENDING	1990000624	19.90000624	p2wpkh	6	in-band	PENDING	PENDING
bc1qfqm38p95fprwdd5ydwrmavx52ly73ut9lfufq4	PENDING	PENDING	PENDING	1990000624	19.90000624	p2wpkh	6	in-band	PENDING	PENDING
bc1qh4zc7956kqrw8wmnk65x03y3lya7e8u9nj8387	PENDING	PENDING	PENDING	1990000624	19.90000624	p2wpkh	6	in-band	PENDING	PENDING
bc1qhuxffrl94zvx06vmgcx7r2ptm46595gsf3qk57	PENDING	PENDING	PENDING	1990000624	19.90000624	p2wpkh	6	in-band	PENDING	PENDING
bc1qkeue0t3tnkt0u5ez8cgrs23gt3mxc2u0apqs5y	PENDING	PENDING	PENDING	1990000624	19.90000624	p2wpkh	6	in-band	PENDING	PENDING
bc1qkfg0v0804q69mnymzewn48nrcvj49ejypezpm8	PENDING	PENDING	PENDING	1990000624	19.90000624	p2wpkh	6	in-band	PENDING	PENDING
bc1qmvaxfl9nmd8fc9wp0kdzrwq2njdawhpwp2exz5	PENDING	PENDING	PENDING	1990000624	19.90000624	p2wpkh	6	in-band	PENDING	PENDING
bc1qsc0ruyztdm79yccgjv7unu9eptkdqddxsjmdas	PENDING	PENDING	PENDING	1990000624	19.90000624	p2wpkh	6	in-band	PENDING	PENDING
bc1q556k9m4he70jguf75gjva932xmtg593rh4g9le4962u7nms9lu9snye6j8	PENDING	PENDING	PENDING	1990000330	19.90000330	p2wsh	6	in-band	PENDING	PENDING
bc1q6suaek502qumgfvnam7kmjxzy6z40uk4jcsau7n85wfzluejgrksv09qvz	PENDING	PENDING	PENDING	1990000330	19.90000330	p2wsh	6	in-band	PENDING	PENDING
3E1mkPAnxesxq9XfM83MHXaYKdopXDTf4U	PENDING	PENDING	PENDING	1990000057	19.90000057	p2sh	6	in-band	PENDING	PENDING
3JQnJfrTSjj4uju5feNp8PTD6hf9Df2yy7	PENDING	PENDING	PENDING	1990000000	19.90000000	p2sh	6	in-band	PENDING	PENDING
1Ks4Df9sBHgT14ejq1B9uJN9bZByDi7zcB	PENDING	PENDING	PENDING	1989999000	19.89999000	p2pkh	6	in-band	PENDING	PENDING
3QiLhXRYeazSvP8Sg67scCCa9ZiEDWvZ6g	PENDING	PENDING	PENDING	1989998827	19.89998827	p2sh	6	in-band	PENDING	PENDING
36k6cUQgDKXU37B5WR3Bz6P5pGpD7JVbz8	PENDING	PENDING	PENDING	1989998630	19.89998630	p2sh	6	in-band	PENDING	PENDING
bc1qc75ehr82qhr7hzhudwsvew4c83fsnpvqwkg25c	PENDING	PENDING	PENDING	1989998416	19.89998416	p2wpkh	6	in-band	PENDING	PENDING
bc1qddyxtjdfaa3rscugykuk6lgs8fnxz3dwgywq52	PENDING	PENDING	PENDING	1989998392	19.89998392	p2wpkh	6	in-band	PENDING	PENDING
bc1qmwl6sf6ma4nt80zgy5q824a7t8tmrn0ld7jxmf	PENDING	PENDING	PENDING	1989998364	19.89998364	p2wpkh	6	in-band	PENDING	PENDING
bc1q8cyr3gm2ufxsqw32wq8mvykykhmt90ag0srkgc	PENDING	PENDING	PENDING	1989997544	19.89997544	p2wpkh	6	in-band	PENDING	PENDING
bc1qfata8ve8l6qq29zxqake96yh7kjhkc444x9e8w	PENDING	PENDING	PENDING	1989996031	19.89996031	p2wpkh	6	in-band	PENDING	PENDING
bc1qr8ygz3m57k2h2e9vehlg0k99j6leqmt3uhl9as	PENDING	PENDING	PENDING	1989994576	19.89994576	p2wpkh	6	in-band	PENDING	PENDING
32dnyf1MR7tcEK8N7Df2umprYM724bRqgp	PENDING	PENDING	PENDING	1989994000	19.89994000	p2sh	6	in-band	PENDING	PENDING
34C9jRe77pxTUmevxBwfj7JJUk5i23c7Sq	PENDING	PENDING	PENDING	1989994000	19.89994000	p2sh	6	in-band	PENDING	PENDING
3QAZrLXmqkrwrtCveUw3W5JkyaibXqCM4n	PENDING	PENDING	PENDING	1989994000	19.89994000	p2sh	6	in-band	PENDING	PENDING
3MMEgbgxRcZJhztdE1snRaqpXjhdD3iy9n	PENDING	PENDING	PENDING	1989989088	19.89989088	p2sh	6	in-band	PENDING	PENDING
bc1qxkze36ke3d4axmmj4zsy2h35qfqc9n7nq2c37c	PENDING	PENDING	PENDING	1989988376	19.89988376	p2wpkh	6	in-band	PENDING	PENDING
bc1qmaunjeqa9ukggjhzq4ulvzrlpauv6ad3ahjtyr	PENDING	PENDING	PENDING	1989980624	19.89980624	p2wpkh	6	in-band	PENDING	PENDING
bc1qvw84fn92fvkv6w7c624xdk83eg8kn4hnvfgs4t	PENDING	PENDING	PENDING	1989969922	19.89969922	p2wpkh	6	in-band	PENDING	PENDING
3B58hXEwYjV4VH3p68NxugS3o5vmgAGmvZ	PENDING	PENDING	PENDING	1989949332	19.89949332	p2sh	6	in-band	PENDING	PENDING
bc1q9chu2hask6h4kctf52mmfc9e3wcg3xhlds4cf0	PENDING	PENDING	PENDING	1989899472	19.89899472	p2wpkh	6	in-band	PENDING	PENDING
bc1qf8rx385t6uxq44suz8qyzh62mnx4pcwsshyapm	PENDING	PENDING	PENDING	1989889504	19.89889504	p2wpkh	6	in-band	PENDING	PENDING
bc1qvwp3dfz5ct2t72jmlzd8hvnfj3p294s5h4744c	PENDING	PENDING	PENDING	1989867879	19.89867879	p2wpkh	6	in-band	PENDING	PENDING
bc1qtvwvvnwea265k0nv48fw2jjxevewra2g85ev83	PENDING	PENDING	PENDING	1989844439	19.89844439	p2wpkh	6	in-band	PENDING	PENDING
1MML6Srq63p2A4UkZggZxNMrEMP92oTm3w	PENDING	PENDING	PENDING	1989736868	19.89736868	p2pkh	6	in-band	PENDING	PENDING
1mChKpnUDFjseizAjRCaSa3iumfoiZYP9	PENDING	PENDING	PENDING	1989568000	19.89568000	p2pkh	6	in-band	PENDING	PENDING
bc1qmdu75mfq2v7xyk2uqc3cng0wp0fkem4y367m5j	PENDING	PENDING	PENDING	1989548047	19.89548047	p2wpkh	6	in-band	PENDING	PENDING
bc1qh64em9v83z9pe0268zuc75xae9yq8ky5gu0hd2	PENDING	PENDING	PENDING	1989510218	19.89510218	p2wpkh	6	in-band	PENDING	PENDING
bc1qtrzkqgke643m8xss0s404wm8kqgpjjrxe6ckk5	PENDING	PENDING	PENDING	1989502515	19.89502515	p2wpkh	6	in-band	PENDING	PENDING
1DtBGQdpq1GXkL7daqsL3W6VFAniTxgij2	PENDING	PENDING	PENDING	1989432227	19.89432227	p2pkh	6	in-band	PENDING	PENDING
3JYHxkrw8qzzPiKEHgn7DLm2bCCritG4YX	PENDING	PENDING	PENDING	1989332192	19.89332192	p2sh	6	in-band	PENDING	PENDING
bc1q60z8z52ldj5w03085nglu0wk68qlhufaaa3hh8	PENDING	PENDING	PENDING	1989318927	19.89318927	p2wpkh	6	in-band	PENDING	PENDING
bc1q9su02waur6tmgqtvqqkhztgfzveztwtay3l4dqjtrs7k4a6qlfrqgqsyre	PENDING	PENDING	PENDING	1989000330	19.89000330	p2wsh	6	in-band	PENDING	PENDING
bc1qc2jgerc4jy3vpv08gc7gj6un8ern0575yn3d8r	PENDING	PENDING	PENDING	1988961481	19.88961481	p2wpkh	6	in-band	PENDING	PENDING
bc1qmylzu572k98wcakxu66pw5e075lcd8tycaz06g	PENDING	PENDING	PENDING	1988960106	19.88960106	p2wpkh	6	in-band	PENDING	PENDING
bc1q7v458wetnc9d8kz6eqayxnm2rpkggrhhujzz9d	PENDING	PENDING	PENDING	1988945857	19.88945857	p2wpkh	6	in-band	PENDING	PENDING
bc1qae75ryaxwpcfanjkvv95nw3tjq9j5yaf2af424	PENDING	PENDING	PENDING	1988883016	19.88883016	p2wpkh	6	in-band	PENDING	PENDING
bc1q6qhhjvcfz56cknpc9semuephplrgvy4sdh28tt	PENDING	PENDING	PENDING	1988826724	19.88826724	p2wpkh	6	in-band	PENDING	PENDING
bc1qtxlwfkdepn3h65djen3v8h8za029lwaxflmvr9	PENDING	PENDING	PENDING	1988556082	19.88556082	p2wpkh	6	in-band	PENDING	PENDING
31ivmhsX3rweSxg11RUe9ydhR2gyP7pnw9	PENDING	PENDING	PENDING	1988528629	19.88528629	p2sh	6	in-band	PENDING	PENDING
1GKi5kGvSsaCy8jeYBk9yJgkjoFzCpVNYx	PENDING	PENDING	PENDING	1988454405	19.88454405	p2pkh	6	in-band	PENDING	PENDING
36fLaChfatJuQ7CLpmgnwtmUYxR6ezuutN	PENDING	PENDING	PENDING	1988421780	19.88421780	p2sh	6	in-band	PENDING	PENDING
bc1qgnthw04qaemyw2h8z25cfxaqk6qrf2553wfzs7	PENDING	PENDING	PENDING	1988113621	19.88113621	p2wpkh	6	in-band	PENDING	PENDING
bc1qyurlzaudprcsu2k3lcem8cj97k9069dmz7fm2x	PENDING	PENDING	PENDING	1987997569	19.87997569	p2wpkh	6	in-band	PENDING	PENDING
37AW65uXrnXyQU4iyYPAg3JuDNsQSHwydv	PENDING	PENDING	PENDING	1987905171	19.87905171	p2sh	6	in-band	PENDING	PENDING
bc1quzx0ph5putssmf8fpmkwhvv22xv7vfydg8pve7	PENDING	PENDING	PENDING	1987446979	19.87446979	p2wpkh	6	in-band	PENDING	PENDING
bc1qnw258rh2mndvyck9dhmexfwax62c920vjmhkc9	PENDING	PENDING	PENDING	1987247935	19.87247935	p2wpkh	6	in-band	PENDING	PENDING
32cLkAF6sWkUny6ExV8jexnVr1uj3FN9sN	PENDING	PENDING	PENDING	1987139825	19.87139825	p2sh	6	in-band	PENDING	PENDING
3KXy14hv163LGNDmVF6C1uUp5pNKE2ewX6	PENDING	PENDING	PENDING	1986926464	19.86926464	p2sh	6	in-band	PENDING	PENDING
bc1q8lyagezajsnnq2u8fwk893jxr5v6nsm7jpwfda	PENDING	PENDING	PENDING	1986542371	19.86542371	p2wpkh	6	in-band	PENDING	PENDING
bc1qn99kpr5lqwqh53hxgzktv95dclnplc50nkllkw	PENDING	PENDING	PENDING	1986254432	19.86254432	p2wpkh	6	in-band	PENDING	PENDING
bc1qv2dnqm6wtuftm5g0tlkjeevugfknvu3dsttggd	PENDING	PENDING	PENDING	1986239330	19.86239330	p2wpkh	6	in-band	PENDING	PENDING
bc1qlsje2c380cd3f6xp6tpnvmq2waev0rf84kmw2d	PENDING	PENDING	PENDING	1986224528	19.86224528	p2wpkh	6	in-band	PENDING	PENDING
3HKXoppP6buWrexx54tezGe4Yvv24puxr6	PENDING	PENDING	PENDING	1986207715	19.86207715	p2sh	6	in-band	PENDING	PENDING
3CZKxzsmLSv46wBnkGAxRPXRBgDGoq9ALB	PENDING	PENDING	PENDING	1986136381	19.86136381	p2sh	6	in-band	PENDING	PENDING
33qYBn6sc2yV7ZdTPP2vZ3rqW65767ppkF	PENDING	PENDING	PENDING	1986086000	19.86086000	p2sh	6	in-band	PENDING	PENDING
1EpC2oNWct3qKbZ9MLefLPLwCpyiZdo3ke	PENDING	PENDING	PENDING	1986068294	19.86068294	p2pkh	6	in-band	PENDING	PENDING
38R2XSnwWibe1WxxdAHDUCfrPkHnu8436Q	PENDING	PENDING	PENDING	1985843462	19.85843462	p2sh	6	in-band	PENDING	PENDING
1McV5Js8SHJePAnzkQ7DoVkiiqVSdDuqBN	PENDING	PENDING	PENDING	1985788000	19.85788000	p2pkh	6	in-band	PENDING	PENDING
bc1q8yp5k0zlhhk9tcn7g7klpknrmp52xrvxywq2fy	PENDING	PENDING	PENDING	1985634633	19.85634633	p2wpkh	6	in-band	PENDING	PENDING
bc1qjvrrrtdwg0rrgmakwgt5wxajw8jekhf2u09jhc	PENDING	PENDING	PENDING	1985405222	19.85405222	p2wpkh	6	in-band	PENDING	PENDING
bc1q9s4rx8yhg5r6zqjv5vwwgljj79r5snv282pmmm	PENDING	PENDING	PENDING	1985373367	19.85373367	p2wpkh	6	in-band	PENDING	PENDING
bc1qkly7tv2vyced3s5yvawh8z9awaf22r9nxaamun	PENDING	PENDING	PENDING	1985338383	19.85338383	p2wpkh	6	in-band	PENDING	PENDING
bc1q63kx9tswxcfft9qkzum2mzwceg4n7wp8vldfq2	PENDING	PENDING	PENDING	1984999279	19.84999279	p2wpkh	6	in-band	PENDING	PENDING
bc1qag7py9xfwylak3rhkklfyskxmwhwak78ql62ld	PENDING	PENDING	PENDING	1984996906	19.84996906	p2wpkh	6	in-band	PENDING	PENDING
3KWAcjiCaXNPHVXA7bQTD1DxnyKZF5H6Gt	PENDING	PENDING	PENDING	1984977013	19.84977013	p2sh	6	in-band	PENDING	PENDING
bc1qa7nnwzzuqdgfdsncac64h33tznmqje6thpf4um	PENDING	PENDING	PENDING	1984969924	19.84969924	p2wpkh	6	in-band	PENDING	PENDING
bc1qmdxhewlftxkap48jh9gfef8u7l3ztphs2kwl93dlye538djqdjeqnsc5xk	PENDING	PENDING	PENDING	1984418140	19.84418140	p2wsh	6	in-band	PENDING	PENDING
16jjnDrYDzDVf9UzHwVZm5hRxaz5Cj4rJ5	PENDING	PENDING	PENDING	1984382228	19.84382228	p2pkh	6	in-band	PENDING	PENDING
bc1qlw9l5sahzzzvy5uvucc0hp5v8gvdmkt8hdx8xg	PENDING	PENDING	PENDING	1984348992	19.84348992	p2wpkh	6	in-band	PENDING	PENDING
bc1qcespqwm8ynqu666045k5jj4r6elgc2et2wkprn	PENDING	PENDING	PENDING	1984077728	19.84077728	p2wpkh	6	in-band	PENDING	PENDING
bc1qnsgu7umhmj4en94juvnmgvxgdt7c7ehzakrkzz	PENDING	PENDING	PENDING	1983736562	19.83736562	p2wpkh	6	in-band	PENDING	PENDING
bc1qgs6gpau5dz5h58gs300r7dd5l7sf6k7z5kwdt4	PENDING	PENDING	PENDING	1983662822	19.83662822	p2wpkh	6	in-band	PENDING	PENDING
1K7EqAqgtyWgsgUNa1ef9R1PtKwogUEQU1	PENDING	PENDING	PENDING	1983424500	19.83424500	p2pkh	6	in-band	PENDING	PENDING
3PL7CbgcND3QtcnhRxS2UNZa8WLbcdvA5o	PENDING	PENDING	PENDING	1983215346	19.83215346	p2sh	6	in-band	PENDING	PENDING
bc1qnwcmh2696ky3dxt9ngcc48k27pzspw9ycuxzjl	PENDING	PENDING	PENDING	1983072373	19.83072373	p2wpkh	6	in-band	PENDING	PENDING
bc1qhdlkp7xm625ew3necfa37afqq4fjn9kt5tas5q3evn2rkqavckhqvk4chy	PENDING	PENDING	PENDING	1982980189	19.82980189	p2wsh	6	in-band	PENDING	PENDING
38UeZFSuRE3uY32XZhnNvrihArqk1Eg6aZ	PENDING	PENDING	PENDING	1982963544	19.82963544	p2sh	6	in-band	PENDING	PENDING
bc1q83djym4ww0345tfnz3vu5n3qmn9cckwmukgwercnuexpqt7zllgqdplvkm	PENDING	PENDING	PENDING	1982800877	19.82800877	p2wsh	6	in-band	PENDING	PENDING
bc1qn8gsunh3n080daygfzqzuyx2cw57jr32aces4c	PENDING	PENDING	PENDING	1982705124	19.82705124	p2wpkh	6	in-band	PENDING	PENDING
34GmsfWRiAxuPKWqLmr7Bs2uwEYRuG6rdd	PENDING	PENDING	PENDING	1982449666	19.82449666	p2sh	6	in-band	PENDING	PENDING
37j6bV1JE77sW5fMKznyCSqvviQ1rTGFxR	PENDING	PENDING	PENDING	1982415668	19.82415668	p2sh	6	in-band	PENDING	PENDING
bc1qew2mns20y7g3n7c48a4hgm3y3v73n4zjkw3ua3	PENDING	PENDING	PENDING	1982288489	19.82288489	p2wpkh	6	in-band	PENDING	PENDING
bc1qltvtlju3eafr7mav90nhu50prnv6l2shajrtv4	PENDING	PENDING	PENDING	1982144050	19.82144050	p2wpkh	6	in-band	PENDING	PENDING
17Dk6VkVix5Uu7Vq3A2mavTVnfLBYYMF5m	PENDING	PENDING	PENDING	1982143700	19.82143700	p2pkh	6	in-band	PENDING	PENDING
bc1q8tksu44xtyeeqy7sch46a4kwm8lehqha83r3xp4p4gle5hv9q09szdcxvt	PENDING	PENDING	PENDING	1981871597	19.81871597	p2wsh	6	in-band	PENDING	PENDING
3BjcKJ1bMe9ng98ecWFwEEYHMmVwWeqZdE	PENDING	PENDING	PENDING	1981814919	19.81814919	p2sh	6	in-band	PENDING	PENDING
bc1qpuhlwy9qqmagc99mp5czdffh0rvj26a24fw83n	PENDING	PENDING	PENDING	1981803523	19.81803523	p2wpkh	6	in-band	PENDING	PENDING
bc1q5tnw7m00h936tusugw4jwr5fpdd63mgkcyr3w9	PENDING	PENDING	PENDING	1981603117	19.81603117	p2wpkh	6	in-band	PENDING	PENDING
3P6thnmzPjgZXeszVU5Dod5BGjKD2PDzKM	PENDING	PENDING	PENDING	1981273985	19.81273985	p2sh	6	in-band	PENDING	PENDING
39uB7UYaiTb7h2jE9KsNe96hVgysqKyu3R	PENDING	PENDING	PENDING	1981101571	19.81101571	p2sh	6	in-band	PENDING	PENDING
bc1qgeldw9tyh87j2h9n2gmccgxltfpjtqljz8286f	PENDING	PENDING	PENDING	1981068555	19.81068555	p2wpkh	6	in-band	PENDING	PENDING
bc1qd8ngacjqlkne9k6h9866hae6fxrfcrvc666pl5	PENDING	PENDING	PENDING	1980893140	19.80893140	p2wpkh	6	in-band	PENDING	PENDING
1BbK9CZ3gwPbZw6FdERjWUBEWL26wjRKgo	PENDING	PENDING	PENDING	1980876000	19.80876000	p2pkh	6	in-band	PENDING	PENDING
3M5vfULPn42b4AyvgERUbo9koy6B636EFh	PENDING	PENDING	PENDING	1980763501	19.80763501	p2sh	6	in-band	PENDING	PENDING
bc1q9xdswcvwxnmcwsvqwg65k0nzgwenkplc926lcw	PENDING	PENDING	PENDING	1980654219	19.80654219	p2wpkh	6	in-band	PENDING	PENDING
bc1q8waf0jm3zexcwhsrrxe59ugpa38vshcq3weqk0m6d7clryalzksqmllmz7	PENDING	PENDING	PENDING	1980550039	19.80550039	p2wsh	6	in-band	PENDING	PENDING
bc1q8qamq3jgc4xk0y9vvg4ts4y8n8sjg95uffgkn4	PENDING	PENDING	PENDING	1980498658	19.80498658	p2wpkh	6	in-band	PENDING	PENDING
3DnXtpLYPJsxDNRUFDzKsZYY8CrLYYARof	PENDING	PENDING	PENDING	1980474185	19.80474185	p2sh	6	in-band	PENDING	PENDING
342FY9wpcLSGhcRHDj4V7empVCDidNeaDs	PENDING	PENDING	PENDING	1980060000	19.80060000	p2sh	6	in-band	PENDING	PENDING
bc1q3pq3cpxuxlwq0rt2ns8gp93lverwnwl6auhz7c	PENDING	PENDING	PENDING	1980000624	19.80000624	p2wpkh	6	in-band	PENDING	PENDING
bc1qw672rkd4khzlp8qn29cffymk9z9uff2m6hx0s7	PENDING	PENDING	PENDING	1980000027	19.80000027	p2wpkh	6	in-band	PENDING	PENDING
bc1q857ucygag73ylxuh26l82qt6z46kkylf502jy0	PENDING	PENDING	PENDING	1979999619	19.79999619	p2wpkh	6	in-band	PENDING	PENDING
1LEs8jGJFyfbZxykCW2HGf52r9Ukedpaq	PENDING	PENDING	PENDING	1979999210	19.79999210	p2pkh	6	in-band	PENDING	PENDING
bc1qt7mq5yu00t23c5mrv7zhe8yjawmaf79ac2psa2	PENDING	PENDING	PENDING	1979987981	19.79987981	p2wpkh	6	in-band	PENDING	PENDING
3B1scEtBeu1wyXyjW2mnu5KfEvmSgA6AXJ	PENDING	PENDING	PENDING	1979979422	19.79979422	p2sh	6	in-band	PENDING	PENDING
183BA6vG4PxiWf5JHbHqeHjwurkJqpLri3	PENDING	PENDING	PENDING	1979904800	19.79904800	p2pkh	6	in-band	PENDING	PENDING
3Bze3rPipu9Cvu6NvaZ4N68WXpLmZsN8UK	PENDING	PENDING	PENDING	1979851162	19.79851162	p2sh	6	in-band	PENDING	PENDING
bc1qw76zmk0fxq8wz2529xt8azpx7c897n7js2chs8	PENDING	PENDING	PENDING	1979805716	19.79805716	p2wpkh	6	in-band	PENDING	PENDING
1FHpD83nZ9T3kHijSFV3u6SH6tAKYWCL4	PENDING	PENDING	PENDING	1979799774	19.79799774	p2pkh	6	in-band	PENDING	PENDING
bc1q2xgq68fz742nt7dar3h2jl8uuwtj2jc5ue7u0k	PENDING	PENDING	PENDING	1979758055	19.79758055	p2wpkh	6	in-band	PENDING	PENDING
bc1qgjquetsrhysd8z9srl8cuzszpvmqh3xdr2d883	PENDING	PENDING	PENDING	1979655130	19.79655130	p2wpkh	6	in-band	PENDING	PENDING
bc1q7l0tmedkhr4cc4rqskdvh3c266p0gvstctyz0p	PENDING	PENDING	PENDING	1979296061	19.79296061	p2wpkh	6	in-band	PENDING	PENDING
bc1qn59t5n89p2e6awjqqw050r45r0n0rwp65zx64a	PENDING	PENDING	PENDING	1979254330	19.79254330	p2wpkh	6	in-band	PENDING	PENDING
bc1qy2cqke2tf4as5hkwqxh0lkdm87x4z286lh67x8	PENDING	PENDING	PENDING	1979039315	19.79039315	p2wpkh	6	in-band	PENDING	PENDING
bc1q54c5q0e85rwl4u4gsxjrwln2fds8cwc6qfuyh9	PENDING	PENDING	PENDING	1978997714	19.78997714	p2wpkh	6	in-band	PENDING	PENDING
38uPGtRRkNLM1M1kFxPGnrCiZoyjDeP6Lp	PENDING	PENDING	PENDING	1978994690	19.78994690	p2sh	6	in-band	PENDING	PENDING
1BSz7rVmm7zNteS13zj9f9bj2UzaT92u9s	PENDING	PENDING	PENDING	1978287707	19.78287707	p2pkh	6	in-band	PENDING	PENDING
3QZbKhqF71tZbcH9nPA7Z2FWbaarXumQs4	PENDING	PENDING	PENDING	1977437738	19.77437738	p2sh	6	in-band	PENDING	PENDING
1HEffSHbtG9Sye6arKLLXhjurbK2XrhR6G	PENDING	PENDING	PENDING	1977356633	19.77356633	p2pkh	6	in-band	PENDING	PENDING
3GjCyCmYVH2fi6czpo9nggC6ku1GA6MQbr	PENDING	PENDING	PENDING	1977280221	19.77280221	p2sh	6	in-band	PENDING	PENDING
bc1p6hnujrvtqmsrvtrf3rqnx5cg546eyvg7hmf2y7rsjyu5cc6lxycsrmgld8	PENDING	PENDING	PENDING	1977267379	19.77267379	p2tr	6	in-band	PENDING	PENDING
bc1q9pr0x5nygxdcteqk0w8pv56ap6hmp5df3n8fl0	PENDING	PENDING	PENDING	1977026303	19.77026303	p2wpkh	6	in-band	PENDING	PENDING
bc1qr782twqphg2jkhztdl3y7mav3rw22qlzwygzwt	PENDING	PENDING	PENDING	1976907950	19.76907950	p2wpkh	6	in-band	PENDING	PENDING
bc1q3e3l5vxc0nawaxynx26xj2j2a3r4nhrfrderz7	PENDING	PENDING	PENDING	1976867056	19.76867056	p2wpkh	6	in-band	PENDING	PENDING
3QMcp4BkF6qa7j1XukHHMXkhBjNGfCiQ2A	PENDING	PENDING	PENDING	1976849838	19.76849838	p2sh	6	in-band	PENDING	PENDING
bc1qw9s846pz48uuzu0c82r7d0t060n0efpc8sd6ng	PENDING	PENDING	PENDING	1976676150	19.76676150	p2wpkh	6	in-band	PENDING	PENDING
bc1qutw92l2kzuz74xr6aks2u843r76kunq7w2qwcn	PENDING	PENDING	PENDING	1976387005	19.76387005	p2wpkh	6	in-band	PENDING	PENDING
1W4PQLY3RCmaPHse2SSbZTt83SqQsUazS	PENDING	PENDING	PENDING	1976383365	19.76383365	p2pkh	6	in-band	PENDING	PENDING
32J8zvV32CnLoaZUt9WCXsVmXncPtjoLkJ	PENDING	PENDING	PENDING	1976342005	19.76342005	p2sh	6	in-band	PENDING	PENDING
34TLZXBHkMxQk3rmGnc1ac9HdaUxGEedBk	PENDING	PENDING	PENDING	1976334294	19.76334294	p2sh	6	in-band	PENDING	PENDING
bc1pdm3cdxsf7z62wlrwljp7rjtlhveg9ddc395mscjfpsu42jzw5jfs7d6qsq	PENDING	PENDING	PENDING	1976272562	19.76272562	p2tr	6	in-band	PENDING	PENDING
3BdtFD1oGT5Mvn2RngnEtJ9LQvyjNcxLbv	PENDING	PENDING	PENDING	1975956434	19.75956434	p2sh	6	in-band	PENDING	PENDING
bc1qtdt86zd2yamwsn5zq7uefn6985rpduurw4nzh8	PENDING	PENDING	PENDING	1975851369	19.75851369	p2wpkh	6	in-band	PENDING	PENDING
bc1q0h23hrtewfe9zprz4dlr3p4ey4yrjffdftxp64	PENDING	PENDING	PENDING	1975821114	19.75821114	p2wpkh	6	in-band	PENDING	PENDING
1JVosmAToPgdqZDYPLNL6f6TGGhqfdgb1A	PENDING	PENDING	PENDING	1975816829	19.75816829	p2pkh	6	in-band	PENDING	PENDING
3JQJucoxPkc1jMUEkeLQPRiihD6wuET7p2	PENDING	PENDING	PENDING	1975810450	19.75810450	p2sh	6	in-band	PENDING	PENDING
bc1qms9pshqnl7y8l6uacyam7wqgw8x2msz2w8zne6	PENDING	PENDING	PENDING	1975530115	19.75530115	p2wpkh	6	in-band	PENDING	PENDING
bc1qkyjnxda64wxdsdung07uc0p4yuneksj8hdglju5q7qcqpzeqmltst93wjk	PENDING	PENDING	PENDING	1975517158	19.75517158	p2wsh	6	in-band	PENDING	PENDING
1E9CSZNfrV7kwdwcW6KDwX8QybwoDSUwoq	PENDING	PENDING	PENDING	1975502863	19.75502863	p2pkh	6	in-band	PENDING	PENDING
bc1q5ppt8g4lc8c9fkudug7y8vrs74qf0u9uwq6my9	PENDING	PENDING	PENDING	1975482120	19.75482120	p2wpkh	6	in-band	PENDING	PENDING
bc1q8pg9w8ukc8y9v0x4cmv0tvkreuwnl0n4x7shfpuurnua5y3t8gvss33um3	PENDING	PENDING	PENDING	1975429268	19.75429268	p2wsh	6	in-band	PENDING	PENDING
bc1qd75q0q634tprtmy4xcerqcpv5kj790weqz2xln	PENDING	PENDING	PENDING	1975394480	19.75394480	p2wpkh	6	in-band	PENDING	PENDING
1K3Gqu3bjz1gjH8GddMkXTgjxW7rsA22ET	PENDING	PENDING	PENDING	1975060000	19.75060000	p2pkh	6	in-band	PENDING	PENDING
bc1qehlftg3tucdkkt5g4xwuv984fddkx9w2w59ky6	PENDING	PENDING	PENDING	1974998618	19.74998618	p2wpkh	6	in-band	PENDING	PENDING
3Frrvrdd4BscCG4XEMcMJpvvqujhbddFrL	PENDING	PENDING	PENDING	1974964214	19.74964214	p2sh	6	in-band	PENDING	PENDING
bc1q59x479t7338x9qmgmanvsp0p2zrzffx32hrdkc	PENDING	PENDING	PENDING	1974597377	19.74597377	p2wpkh	6	in-band	PENDING	PENDING
bc1qkmufu9xvj33d6gz4kkpu3gz440eu7c0y7vu6vq	PENDING	PENDING	PENDING	1974321689	19.74321689	p2wpkh	6	in-band	PENDING	PENDING
3HPLKuGS1h15aH4U8aEbZkM4Fy4VEbdJor	PENDING	PENDING	PENDING	1974302416	19.74302416	p2sh	6	in-band	PENDING	PENDING
bc1qq5jxtaghqh4qpvq7a92ejtzpf27qz92tya5mj5	PENDING	PENDING	PENDING	1974180127	19.74180127	p2wpkh	6	in-band	PENDING	PENDING
bc1qhaahxaczu65l9a8udwmdhry0vusg7crm2wc5hwe4ultrnjev8x5q5fm68m	PENDING	PENDING	PENDING	1973179694	19.73179694	p2wsh	6	in-band	PENDING	PENDING
3LHEn9v9DF7zchPQRmvcPt5ePbtNB4VWhc	PENDING	PENDING	PENDING	1973157459	19.73157459	p2sh	6	in-band	PENDING	PENDING
bc1qh493ht0e7qh90qjxf6gxka3t2q4mqnat3zms48	PENDING	PENDING	PENDING	1972565374	19.72565374	p2wpkh	6	in-band	PENDING	PENDING
377UsQjA23BL9KRBFR1AUTfiLATESkTpFN	PENDING	PENDING	PENDING	1972177131	19.72177131	p2sh	6	in-band	PENDING	PENDING
3AzaBRpE43NqrtYbY9coVyGuoLwhvkJg9E	PENDING	PENDING	PENDING	1971880312	19.71880312	p2sh	6	in-band	PENDING	PENDING
17GnWTfLGG6aUX8UGF3LDcuqWJv5MBemn9	PENDING	PENDING	PENDING	1971793273	19.71793273	p2pkh	6	in-band	PENDING	PENDING
3DSs35BcokSsto5hSqEjUPS74bKx6NdcY4	PENDING	PENDING	PENDING	1971780514	19.71780514	p2sh	6	in-band	PENDING	PENDING
32RJZnm2XjFzaxPcFt9CiDRPauHrfgNCdm	PENDING	PENDING	PENDING	1971401303	19.71401303	p2sh	6	in-band	PENDING	PENDING
3DVmXjmpS1pK6xMsKK6Jxvk1ymmRmMkGgT	PENDING	PENDING	PENDING	1971085579	19.71085579	p2sh	6	in-band	PENDING	PENDING
bc1qc35rfyl0a4czfnlfwrvcgshwrsdqfj8ud53w8l	PENDING	PENDING	PENDING	1970813724	19.70813724	p2wpkh	6	in-band	PENDING	PENDING
bc1quyu77h2cpd79qg7kwfa4q29anhcahyn62cuwt7	PENDING	PENDING	PENDING	1970686663	19.70686663	p2wpkh	6	in-band	PENDING	PENDING
bc1qaujt2yjev63hj96ryxvzwt33l3xsn388q9dwp2	PENDING	PENDING	PENDING	1970587070	19.70587070	p2wpkh	6	in-band	PENDING	PENDING
bc1qkv5wz98mwxy8wshn0xgn9tjmn0mdak048m2e2p	PENDING	PENDING	PENDING	1970174324	19.70174324	p2wpkh	6	in-band	PENDING	PENDING
3DCepYYKEDkSnsAyfZGnnXXardsuTujxG4	PENDING	PENDING	PENDING	1970084554	19.70084554	p2sh	6	in-band	PENDING	PENDING
bc1qa3tdkwpj330gpnr5se07mfjq2exyykf8nsme9g	PENDING	PENDING	PENDING	1970084407	19.70084407	p2wpkh	6	in-band	PENDING	PENDING
1kajyAth9usQEm9q6sYpvAWS7ihsRacG2	PENDING	PENDING	PENDING	1970020000	19.70020000	p2pkh	6	in-band	PENDING	PENDING
bc1q48nkh8qgmtr8nx5m6x5nqqmtv64sdywxf4zg2e	PENDING	PENDING	PENDING	1970000330	19.70000330	p2wpkh	6	in-band	PENDING	PENDING
3AiY5a8yDYccnyL4nygWztYH4Gg19GnkkJ	PENDING	PENDING	PENDING	1969982600	19.69982600	p2sh	6	in-band	PENDING	PENDING
15z8VAqWHCtq9GGpEtZ2aw3ysWcJCThQER	PENDING	PENDING	PENDING	1969976658	19.69976658	p2pkh	6	in-band	PENDING	PENDING
16v4ohEUZ82eq8BosXAGjkmPN3N7wW44Zh	PENDING	PENDING	PENDING	1969731964	19.69731964	p2pkh	6	in-band	PENDING	PENDING
bc1quqj3pj6e03mjmhlf7wlrz8a2r6jtra0umt30m8	PENDING	PENDING	PENDING	1969678918	19.69678918	p2wpkh	6	in-band	PENDING	PENDING
1BQpPFP2GJtPCf5zoeuEm3ZXQFiSAiDK4u	PENDING	PENDING	PENDING	1969566404	19.69566404	p2pkh	6	in-band	PENDING	PENDING
3KURkqNkjTWbUzmbpQyNHb9N7ZZCHL6Za7	PENDING	PENDING	PENDING	1969530434	19.69530434	p2sh	6	in-band	PENDING	PENDING
bc1qd6uswlfk8pvajcktjudmkq4xkf5thujc2fc6gm	PENDING	PENDING	PENDING	1969457184	19.69457184	p2wpkh	6	in-band	PENDING	PENDING
bc1qre2dfcxdjmnex3cfqz3unrat0p66yc5qcurgzs	PENDING	PENDING	PENDING	1969290996	19.69290996	p2wpkh	6	in-band	PENDING	PENDING
1FE4HgEAu6sEs71mYtkJ5eycL8XAU6ag7f	PENDING	PENDING	PENDING	1968842677	19.68842677	p2pkh	6	in-band	PENDING	PENDING
3QwW8xfMTFxRGcKrVKdsGb9u4pi3SsmAng	PENDING	PENDING	PENDING	1968493666	19.68493666	p2sh	6	in-band	PENDING	PENDING
39JLcHWxC2nYR1RYJ7mEyUzpU5Bj1Eeyn4	PENDING	PENDING	PENDING	1968397612	19.68397612	p2sh	6	in-band	PENDING	PENDING
bc1q3925u5fc5tgl5jcfyv0u83q4rlcrtu6y579u78	PENDING	PENDING	PENDING	1968260214	19.68260214	p2wpkh	6	in-band	PENDING	PENDING
3DsFbLU7X1nc6EGmon2WtCZvtZ9q1C8MzH	PENDING	PENDING	PENDING	1968106132	19.68106132	p2sh	6	in-band	PENDING	PENDING
bc1qltxa6z2xu5ftuyquwq7ztkqtfms7l94deqgk3j	PENDING	PENDING	PENDING	1967907420	19.67907420	p2wpkh	6	in-band	PENDING	PENDING
39FPTafPR1FmJZn4hpArk184cyuQvd1Dr6	PENDING	PENDING	PENDING	1967813520	19.67813520	p2sh	6	in-band	PENDING	PENDING
bc1qrvdtgv872s4me6d7al8an5eg49ynad362masyk	PENDING	PENDING	PENDING	1967546179	19.67546179	p2wpkh	6	in-band	PENDING	PENDING
bc1q34pgeq77j6hgtfmv0scchql2fh3qc487type78	PENDING	PENDING	PENDING	1967351020	19.67351020	p2wpkh	6	in-band	PENDING	PENDING
bc1qed7ceu0qe0v3yvkrt0axmt0wp2f925er2nzdrk	PENDING	PENDING	PENDING	1967263957	19.67263957	p2wpkh	6	in-band	PENDING	PENDING
1KQLhEm81mTAmKypTmXPf3YetzN9GaAcb	PENDING	PENDING	PENDING	1967057945	19.67057945	p2pkh	6	in-band	PENDING	PENDING
bc1qjwptdy77cu723a53l8a2ry576eu0yz0agt7c9wxxc36nnpzenrtqq2s5at	PENDING	PENDING	PENDING	1966884587	19.66884587	p2wsh	6	in-band	PENDING	PENDING
bc1qxdq3fel6qwknes839sztljdkuv2fp9ezrupeun	PENDING	PENDING	PENDING	1966789949	19.66789949	p2wpkh	6	in-band	PENDING	PENDING
1Fj1b1Rt5UT92Ctda3UPQe64eCvRzAwtYV	PENDING	PENDING	PENDING	1966783157	19.66783157	p2pkh	6	in-band	PENDING	PENDING
bc1qypnvnwt4jkwclgd0y8plkxepvrrn6pr93jqjkq	PENDING	PENDING	PENDING	1966713320	19.66713320	p2wpkh	6	in-band	PENDING	PENDING
bc1q070cnt6dlyaldwse0ulfjzkt8r7m89u7xvzr63	PENDING	PENDING	PENDING	1966695870	19.66695870	p2wpkh	6	in-band	PENDING	PENDING
bc1qrp843r8m2v62tgdhdstusq6l687cw9a0392egt	PENDING	PENDING	PENDING	1966610330	19.66610330	p2wpkh	6	in-band	PENDING	PENDING
bc1qlnahl4pudsmrz37z5qp0q2hqgcx5nvsypwt3ce	PENDING	PENDING	PENDING	1966479154	19.66479154	p2wpkh	6	in-band	PENDING	PENDING
bc1qe4s07ejccev0zu9c7ak457pvxt0jnk5jducck0	PENDING	PENDING	PENDING	1966225382	19.66225382	p2wpkh	6	in-band	PENDING	PENDING
bc1q3uxtdxryn3w8axtx4tc7pjhk2nfz5pz05c29s6	PENDING	PENDING	PENDING	1966000660	19.66000660	p2wpkh	6	in-band	PENDING	PENDING
bc1q7llsagfxflslcukcr6w3t8atsvqe77qf5x7w94	PENDING	PENDING	PENDING	1965890594	19.65890594	p2wpkh	6	in-band	PENDING	PENDING
bc1qmt727esee2f52v7nxd969u5uuha7ay6y4v3pep	PENDING	PENDING	PENDING	1965803330	19.65803330	p2wpkh	6	in-band	PENDING	PENDING
bc1qa8phm7a6yle8j6w8kqmqkxka7fl9kgynz6msu8	PENDING	PENDING	PENDING	1965692813	19.65692813	p2wpkh	6	in-band	PENDING	PENDING
bc1qryxgp7gpyxwm8txn77kz85gwqy8a38xq56su3k	PENDING	PENDING	PENDING	1965287954	19.65287954	p2wpkh	6	in-band	PENDING	PENDING
37vTwnfKPsDJ67nkAKdzbBTF1WJLmNPCs8	PENDING	PENDING	PENDING	1965217847	19.65217847	p2sh	6	in-band	PENDING	PENDING
bc1qazafxnq29q5n82un569ll67z4w7c8qumjjsfrd	PENDING	PENDING	PENDING	1965146866	19.65146866	p2wpkh	6	in-band	PENDING	PENDING
bc1qa0hh4w7ad0ck4qwhtlhn0q55kzr6sp4djm983z	PENDING	PENDING	PENDING	1964999926	19.64999926	p2wpkh	6	in-band	PENDING	PENDING
bc1qwr8pfwpuzvfewdcjt4xs2t40e6juv6utrjt8xk	PENDING	PENDING	PENDING	1964975839	19.64975839	p2wpkh	6	in-band	PENDING	PENDING
1KfyM6nfqfeEwMyUpeRrrjE2UVCYF3w9h9	PENDING	PENDING	PENDING	1964881940	19.64881940	p2pkh	6	in-band	PENDING	PENDING
bc1qm8uc9jvpwp5jum5y2gmkrr2n5jh4kh5u0tztpm	PENDING	PENDING	PENDING	1964798492	19.64798492	p2wpkh	6	in-band	PENDING	PENDING
3M6JHwEkRrEENWpBvFPNRd4KC9NARfuNuR	PENDING	PENDING	PENDING	1964718834	19.64718834	p2sh	6	in-band	PENDING	PENDING
bc1q3keztghvk8pvg5809hnzzg7u3ttf27735z2upa	PENDING	PENDING	PENDING	1964692812	19.64692812	p2wpkh	6	in-band	PENDING	PENDING
bc1qk78dcc2u2allfpgn76hz8nwz9956ksuvy9zjs3	PENDING	PENDING	PENDING	1964604326	19.64604326	p2wpkh	6	in-band	PENDING	PENDING
bc1pschmc7jdwrhvck5uv46nda8a88p3c8x8nuyycygm3xxkramvgnzsnjjude	PENDING	PENDING	PENDING	1964521085	19.64521085	p2tr	6	in-band	PENDING	PENDING
bc1q4wlkjwv5ahc6n2snnx4yz8f6h59cepwuvgucve	PENDING	PENDING	PENDING	1964400624	19.64400624	p2wpkh	6	in-band	PENDING	PENDING
bc1qt5s70y8ksr50g3c59z5a6nxsqt5l9a3fv7xafu	PENDING	PENDING	PENDING	1964399684	19.64399684	p2wpkh	6	in-band	PENDING	PENDING
1BZ7tcSab5pFuDQbB1N2Uhrq3pTdcdEXZK	PENDING	PENDING	PENDING	1964360000	19.64360000	p2pkh	6	in-band	PENDING	PENDING
1DPgzoStoH7vi6oY1T6LVaGjpy11NhESj7	PENDING	PENDING	PENDING	1964245363	19.64245363	p2pkh	6	in-band	PENDING	PENDING
bc1qlx7dt6unlvwkk60ngdu2kl83jmtxtahd22kvrf	PENDING	PENDING	PENDING	1964034419	19.64034419	p2wpkh	6	in-band	PENDING	PENDING
bc1qgs2kq76q623vq3edclwcx3awjj59jdd9xczzk8	PENDING	PENDING	PENDING	1963898586	19.63898586	p2wpkh	6	in-band	PENDING	PENDING
32YEi8ZpuTRCRnpWBUpt5zPbWg2pPCUMau	PENDING	PENDING	PENDING	1963815731	19.63815731	p2sh	6	in-band	PENDING	PENDING
bc1q3cyzv6a42ttkp4nr823fsw8e7q28wafryen9w6	PENDING	PENDING	PENDING	1963155528	19.63155528	p2wpkh	6	in-band	PENDING	PENDING
bc1q238v6vkzg04tshrxk4ajg52qg2sx20ntj3fyh0	PENDING	PENDING	PENDING	1962915101	19.62915101	p2wpkh	6	in-band	PENDING	PENDING
1EbWg5CJWPWiPd9zC1reLWsXcfHFtgEcPr	PENDING	PENDING	PENDING	1962531000	19.62531000	p2pkh	6	in-band	PENDING	PENDING
1MZgMzkk1AscCqSkNTEWVn2qcCW8ETJ2SH	PENDING	PENDING	PENDING	1962466529	19.62466529	p2pkh	6	in-band	PENDING	PENDING
bc1qkzkhpatg4twxyp59hdtwxklls8h3umz9nw7mn8	PENDING	PENDING	PENDING	1962397301	19.62397301	p2wpkh	6	in-band	PENDING	PENDING
3Q4npXSvyxHPXFD1AgFzBfAmqaxGWcJqVD	PENDING	PENDING	PENDING	1962343586	19.62343586	p2sh	6	in-band	PENDING	PENDING
1MVKEEqkeF6WArKzpju9Xu1nsiL5UNTtH1	PENDING	PENDING	PENDING	1962304570	19.62304570	p2pkh	6	in-band	PENDING	PENDING
3Par4qmxxvd1J29zkYVwLdARHeANc7CQKH	PENDING	PENDING	PENDING	1962087393	19.62087393	p2sh	6	in-band	PENDING	PENDING
3Mya3nL9adzPFfgzVuSHwhQwgx4bsRaaoM	PENDING	PENDING	PENDING	1961699000	19.61699000	p2sh	6	in-band	PENDING	PENDING
bc1qh0ydzm2y7lauckhcg9vvdtkzed4hm9ejkzxucz	PENDING	PENDING	PENDING	1961110156	19.61110156	p2wpkh	6	in-band	PENDING	PENDING
bc1qkemwwxdup8y4qnswwca3dmqkcw7c2n7rjam0p5	PENDING	PENDING	PENDING	1961046774	19.61046774	p2wpkh	6	in-band	PENDING	PENDING
bc1qu84sclp83jr9mxkrqkvpsw5gmm4qyktv7u557f	PENDING	PENDING	PENDING	1961045662	19.61045662	p2wpkh	6	in-band	PENDING	PENDING
bc1q2qd0fktkgjgzw9yght547av3qrk5mddzkjcheg	PENDING	PENDING	PENDING	1960983393	19.60983393	p2wpkh	6	in-band	PENDING	PENDING
bc1q708a2gm0zqhj6fu4sa4fqvj0fg52xpuhw5xd9v	PENDING	PENDING	PENDING	1960909685	19.60909685	p2wpkh	6	in-band	PENDING	PENDING
32dDG8wCozbnGyz9UPtvTj2984ELS5MtZ6	PENDING	PENDING	PENDING	1960478581	19.60478581	p2sh	6	in-band	PENDING	PENDING
3LniY2sq4wVrnx8RYnc52vgWD6wBFG1HXv	PENDING	PENDING	PENDING	1960400773	19.60400773	p2sh	6	in-band	PENDING	PENDING
bc1q6ha2d72kmrq2ads5t8rxyvf3ku3zudvx6wjwqy	PENDING	PENDING	PENDING	1960124884	19.60124884	p2wpkh	6	in-band	PENDING	PENDING
bc1q7qyssgcf4papjmf4a67gcwat96a3jyhq6pfxyz	PENDING	PENDING	PENDING	1960106684	19.60106684	p2wpkh	6	in-band	PENDING	PENDING
bc1q40ee2ftxlz6eygzku4ftdn6d7m6wntelgmj0lu	PENDING	PENDING	PENDING	1960000624	19.60000624	p2wpkh	6	in-band	PENDING	PENDING
bc1qzlene5cs20zerf0qx0q46v83uvmjyr3v23havm	PENDING	PENDING	PENDING	1959991060	19.59991060	p2wpkh	6	in-band	PENDING	PENDING
bc1q7078dckk2ndye2qv659spp0jcxahszv3uvlsfq	PENDING	PENDING	PENDING	1959988711	19.59988711	p2wpkh	6	in-band	PENDING	PENDING
bc1qxaxz7sl6usgx7epznk2te3kt5kqmvks3mmdpqp	PENDING	PENDING	PENDING	1959964134	19.59964134	p2wpkh	6	in-band	PENDING	PENDING
3LFjEsVGa9N8sVTVqzCX7tmpe5CQJ6zUyS	PENDING	PENDING	PENDING	1959875490	19.59875490	p2sh	6	in-band	PENDING	PENDING
39tq57XJijYN3Wrny5kcYty55MDCsjrtto	PENDING	PENDING	PENDING	1959839321	19.59839321	p2sh	6	in-band	PENDING	PENDING
bc1q2zhemmeh4scs056v2mq6nryvjhyhcveu5tw6fz	PENDING	PENDING	PENDING	1959816040	19.59816040	p2wpkh	6	in-band	PENDING	PENDING
3QHjU1QMfYjtjxhcu8XwEeTQFty5dgTeN3	PENDING	PENDING	PENDING	1959705736	19.59705736	p2sh	6	in-band	PENDING	PENDING
bc1q7gys2997wut0eu80rxekh3cwqumz9s57wee59g	PENDING	PENDING	PENDING	1959655424	19.59655424	p2wpkh	6	in-band	PENDING	PENDING
bc1qas68fcaunyj9uyc7lw3g6czwwutp4hfs73k0lh	PENDING	PENDING	PENDING	1959424996	19.59424996	p2wpkh	6	in-band	PENDING	PENDING
bc1qz22f6wyp8jre2l4e2r6efhtz0rrltmx29phskg	PENDING	PENDING	PENDING	1959244175	19.59244175	p2wpkh	6	in-band	PENDING	PENDING
36AMjP919SWyDDj4CoaVbkDa1n2H9rwfHN	PENDING	PENDING	PENDING	1959210482	19.59210482	p2sh	6	in-band	PENDING	PENDING
bc1qaxsacuvfeagpudjjuqfh03ekk67h9jrjr42xxs	PENDING	PENDING	PENDING	1958927182	19.58927182	p2wpkh	6	in-band	PENDING	PENDING
bc1qnqcqtp5vg93d60syscz8c8t8359pzw4w0wwnd7	PENDING	PENDING	PENDING	1958898182	19.58898182	p2wpkh	6	in-band	PENDING	PENDING
bc1qwmztecpe4u4jfw37eeapuvlww6j2m7f7zcwxqe	PENDING	PENDING	PENDING	1958817179	19.58817179	p2wpkh	6	in-band	PENDING	PENDING
bc1qnt5hjnyszw2lfhwesxak3qrsnth6ufl79fh05e	PENDING	PENDING	PENDING	1958552234	19.58552234	p2wpkh	6	in-band	PENDING	PENDING
3EUTYHesNtkJQvALiZ387xPZSsbSbEQQFt	PENDING	PENDING	PENDING	1958444122	19.58444122	p2sh	6	in-band	PENDING	PENDING
3F4DuRP73C8Hgb1KsdhvYVTn9ocPUXvnt4	PENDING	PENDING	PENDING	1958421354	19.58421354	p2sh	6	in-band	PENDING	PENDING
17ZESEdxRnx32oabEnFVmHxoB7bxJPiYu8	PENDING	PENDING	PENDING	1958360203	19.58360203	p2pkh	6	in-band	PENDING	PENDING
bc1qmpx906503j8pqys4yqh0vyqezy9xwej7j9cfkm	PENDING	PENDING	PENDING	1958348451	19.58348451	p2wpkh	6	in-band	PENDING	PENDING
bc1qvgvxg54u3347eh3ne7l49mceya55s7r0v2znz7	PENDING	PENDING	PENDING	1958302872	19.58302872	p2wpkh	6	in-band	PENDING	PENDING
bc1phl7py9tkjq8cfpghpcf9pj3knyra9mk23ydqpthx90h0vk7x642sxz8d7t	PENDING	PENDING	PENDING	1958004709	19.58004709	p2tr	6	in-band	PENDING	PENDING
3ErkLTdW5j6rE4Fjot63Ms4Jf1rX7HrB2X	PENDING	PENDING	PENDING	1957908495	19.57908495	p2sh	6	in-band	PENDING	PENDING
bc1q4xz4kw4gm2k0de2xjs5a95pyrlc3hd3plavh55	PENDING	PENDING	PENDING	1957861573	19.57861573	p2wpkh	6	in-band	PENDING	PENDING
33DLni89BLr6iuS1s21E5WughTYHmVEKy4	PENDING	PENDING	PENDING	1957811579	19.57811579	p2sh	6	in-band	PENDING	PENDING
bc1qdqdf4pa5xlgndaxxktmml5z4395z7nz5wqtje3	PENDING	PENDING	PENDING	1957605624	19.57605624	p2wpkh	6	in-band	PENDING	PENDING
3ESyY6FALh7H7M9MU3nXrccufyAKcxFJLz	PENDING	PENDING	PENDING	1957562627	19.57562627	p2sh	6	in-band	PENDING	PENDING
37CTgASroSRkMmh9Fouz1VKs5Zgb7om7Js	PENDING	PENDING	PENDING	1957415282	19.57415282	p2sh	6	in-band	PENDING	PENDING
34TeDEtkhPqpkRTc2QrMTJsi13StJAWCFL	PENDING	PENDING	PENDING	1957344784	19.57344784	p2sh	6	in-band	PENDING	PENDING
1AWPH9pzeJ1zJSoKFrjEYWaPddVJRjXRTs	PENDING	PENDING	PENDING	1956920351	19.56920351	p2pkh	6	in-band	PENDING	PENDING
bc1qvnnjgswsv0mds6rwk9f06r4l060ej29apd7rmg	PENDING	PENDING	PENDING	1956891613	19.56891613	p2wpkh	6	in-band	PENDING	PENDING
bc1q00du3cfdkxzds7ra92x8znwackfjwyqm8h67f5mnu3fdjkn6vkkquewrqa	PENDING	PENDING	PENDING	1956822847	19.56822847	p2wsh	6	in-band	PENDING	PENDING
37au118ChY4BbudaSLUL62WHNsvgf73eRA	PENDING	PENDING	PENDING	1956799530	19.56799530	p2sh	6	in-band	PENDING	PENDING
bc1qeq86ataxru7e9pum3m0028h0whsdlztxj37szc	PENDING	PENDING	PENDING	1956642417	19.56642417	p2wpkh	6	in-band	PENDING	PENDING
bc1q9clracneqkewj4tmrq7h0hvqthtgkkjv3hz7me	PENDING	PENDING	PENDING	1956499314	19.56499314	p2wpkh	6	in-band	PENDING	PENDING
bc1ql53wpv0nygtxzl6nn944pfqpd8xpexks3y9y9t	PENDING	PENDING	PENDING	1956361050	19.56361050	p2wpkh	6	in-band	PENDING	PENDING
bc1qpap8f7ttmd82hqkl8zez92qv98e6nm89vdak9n	PENDING	PENDING	PENDING	1956296934	19.56296934	p2wpkh	6	in-band	PENDING	PENDING
bc1qsjtd8q9s7vjqfe44s6v98unz5hx03sdrnwhs6k	PENDING	PENDING	PENDING	1956210365	19.56210365	p2wpkh	6	in-band	PENDING	PENDING
32VprFb2z8zUET3MGfLDPcxV4uHEj45Dhr	PENDING	PENDING	PENDING	1956200000	19.56200000	p2sh	6	in-band	PENDING	PENDING
bc1qq4pemyr7ezrc55v4xka63v9qtcvfckvh5sz9ztyrytk5e8sscgfs7f38v9	PENDING	PENDING	PENDING	1956046257	19.56046257	p2wsh	6	in-band	PENDING	PENDING
bc1qdscgg0x8g40aq8raymqhm2s9tq0hehr8wt858w	PENDING	PENDING	PENDING	1955966377	19.55966377	p2wpkh	6	in-band	PENDING	PENDING
3AgVpQ3EhyYkrMVVUHbsu1RNCw3cccp6xM	PENDING	PENDING	PENDING	1955953604	19.55953604	p2sh	6	in-band	PENDING	PENDING
bc1qlq8pdnzly5kenv7tegvjmnn9w9rrynf20q4mxg	PENDING	PENDING	PENDING	1955586339	19.55586339	p2wpkh	6	in-band	PENDING	PENDING
bc1qlcdufzum4j7lj7z0vekj7ak8fq5ask0euudzwm	PENDING	PENDING	PENDING	1955569508	19.55569508	p2wpkh	6	in-band	PENDING	PENDING
17QiAdqhFeZmMaJBKKZ6re8Ehea1zYJsjf	PENDING	PENDING	PENDING	1955563890	19.55563890	p2pkh	6	in-band	PENDING	PENDING
19pRvPm8g7eqMaaWbcZBD8BJ59GD2oMqsm	PENDING	PENDING	PENDING	1955429039	19.55429039	p2pkh	6	in-band	PENDING	PENDING
bc1q4mrqulfjl4fepe8znhetvv4gtm3z5nardwn34q	PENDING	PENDING	PENDING	1955370965	19.55370965	p2wpkh	6	in-band	PENDING	PENDING
bc1qvstejmtvzkqprg0q4fr37rzl545uz3cvqk50p5	PENDING	PENDING	PENDING	1955306620	19.55306620	p2wpkh	6	in-band	PENDING	PENDING
bc1qf94uq6p6gjpmn93rhpta4zyg9udckph3fc35fa	PENDING	PENDING	PENDING	1955236124	19.55236124	p2wpkh	6	in-band	PENDING	PENDING
bc1q6c6lyzyg5r5e05cnp76sykj4vm8hhk54pf94pv	PENDING	PENDING	PENDING	1955225367	19.55225367	p2wpkh	6	in-band	PENDING	PENDING
bc1qpqc0l37gjyjgjumj8zxrfygp9q6pp35u4jdj89	PENDING	PENDING	PENDING	1955140142	19.55140142	p2wpkh	6	in-band	PENDING	PENDING
33ASFEsrA758eWzzBzcDWBPkELmajKF6KF	PENDING	PENDING	PENDING	1955030000	19.55030000	p2sh	6	in-band	PENDING	PENDING
bc1qcq22r4e6nwevq6ytqz3v03wtakwg39xnetre0e	PENDING	PENDING	PENDING	1954952021	19.54952021	p2wpkh	6	in-band	PENDING	PENDING
bc1qradjlsqw0agfnqqs406c42j74fva20edm6qlnv	PENDING	PENDING	PENDING	1954911082	19.54911082	p2wpkh	6	in-band	PENDING	PENDING
bc1qtprqxhmfqn4fw8pmtwfv8ryl9tewlktwqquzjy	PENDING	PENDING	PENDING	1954896349	19.54896349	p2wpkh	6	in-band	PENDING	PENDING
bc1q8ejhg7fypyy48lynwmudc2rd4c4glr09zc09vw	PENDING	PENDING	PENDING	1954856348	19.54856348	p2wpkh	6	in-band	PENDING	PENDING
bc1q9dvrvk46uy59zds98xnhdm72725utlgfl7qlwa	PENDING	PENDING	PENDING	1954717155	19.54717155	p2wpkh	6	in-band	PENDING	PENDING
bc1q6w73856vg0j9r44cswkz5fmtdgnfxdml8gf2y7	PENDING	PENDING	PENDING	1954668859	19.54668859	p2wpkh	6	in-band	PENDING	PENDING
bc1q0ylhzat297kzvjfrn4p4dsjjzawguf7y9g95ju	PENDING	PENDING	PENDING	1954569613	19.54569613	p2wpkh	6	in-band	PENDING	PENDING
bc1qhe69vzdkc6x04fhupj5vljhfam5sk6464xhjkw	PENDING	PENDING	PENDING	1954507715	19.54507715	p2wpkh	6	in-band	PENDING	PENDING
bc1qml6fz2pgue94ve48qs9nrfqxwsqvwrjrdrpdlj	PENDING	PENDING	PENDING	1954479054	19.54479054	p2wpkh	6	in-band	PENDING	PENDING
bc1qp7p0jr2x74zv8utlwfk64l5wyqcky8lj6xagme	PENDING	PENDING	PENDING	1954165984	19.54165984	p2wpkh	6	in-band	PENDING	PENDING
bc1qqj4hqlkc8tkv66jqv7h8c2dfe7yc5az2cv5vqs	PENDING	PENDING	PENDING	1953886167	19.53886167	p2wpkh	6	in-band	PENDING	PENDING
bc1q082jng8netmkka7du8djcalwwwzap7pwfgf2jk	PENDING	PENDING	PENDING	1953633861	19.53633861	p2wpkh	6	in-band	PENDING	PENDING
39z8hifmUdCesmMZbdZ94KCRSQQTqug1dk	PENDING	PENDING	PENDING	1953548135	19.53548135	p2sh	6	in-band	PENDING	PENDING
bc1qfsgcdw2cws6jt266n5kw5vncm3f5ja67ghpslv	PENDING	PENDING	PENDING	1953361149	19.53361149	p2wpkh	6	in-band	PENDING	PENDING
bc1qu33zltzmk9rjtdqws6hsvk6ce274938u8pqhz75czgsc3tna6ccqagys7z	PENDING	PENDING	PENDING	1953343421	19.53343421	p2wsh	6	in-band	PENDING	PENDING
bc1qu3vvucdquwz5ha8l3qu0ymxwpk6ahjaumyvdvp	PENDING	PENDING	PENDING	1953341463	19.53341463	p2wpkh	6	in-band	PENDING	PENDING
17GGfvQoH5uwqfQfBiVA3bhNgku9vZgKJA	PENDING	PENDING	PENDING	1953089300	19.53089300	p2pkh	6	in-band	PENDING	PENDING
bc1qkf2ze6efu2p7hlwny9xnrf9ettwtnaxqkpjtjl	PENDING	PENDING	PENDING	1952940828	19.52940828	p2wpkh	6	in-band	PENDING	PENDING
3AaweduHNggawfmxTLUHhyazGdgsQhdPyF	PENDING	PENDING	PENDING	1952807239	19.52807239	p2sh	6	in-band	PENDING	PENDING
bc1p3u3gfg4p2rn23qzffqjwrrstwf77v4tzdhcxkxgyht6zr2ww6umsv67c5e	PENDING	PENDING	PENDING	1952555922	19.52555922	p2tr	6	in-band	PENDING	PENDING
3LdajXe7hiH3vsbPTA74WZiqrTNd7Ds4UX	PENDING	PENDING	PENDING	1952329894	19.52329894	p2sh	6	in-band	PENDING	PENDING
bc1qkhlr7s876jth5j6hplueymglv9rqpnuv274swf	PENDING	PENDING	PENDING	1952089485	19.52089485	p2wpkh	6	in-band	PENDING	PENDING
bc1qc67n4mv6804xhrcqadcmg5azp0tx6hzy9u83a0	PENDING	PENDING	PENDING	1952057138	19.52057138	p2wpkh	6	in-band	PENDING	PENDING
3PjGte3YT2jaut9cBuiiUPQQubaV5Um1pH	PENDING	PENDING	PENDING	1952045555	19.52045555	p2sh	6	in-band	PENDING	PENDING
3NdFqRD4tXvGazzoe4wGQCK1sxowuvHjiy	PENDING	PENDING	PENDING	1951940000	19.51940000	p2sh	6	in-band	PENDING	PENDING
bc1qsdck0j475x4d9jkw9j9c2d7svzyhsnjcplmx9e0z0rwkqcq62jxsn0q73u	PENDING	PENDING	PENDING	1951879336	19.51879336	p2wsh	6	in-band	PENDING	PENDING
bc1qlw5flffn25xj404jm3g6sk4pux0s55gypycvnl	PENDING	PENDING	PENDING	1951875040	19.51875040	p2wpkh	6	in-band	PENDING	PENDING
3JPaHbvm4AWWX6DpNcWSt6JBGdy8gKYVpB	PENDING	PENDING	PENDING	1951598196	19.51598196	p2sh	6	in-band	PENDING	PENDING
1FUFatPjxNsK7x3dtqdEezNngTbaQQBK2L	PENDING	PENDING	PENDING	1951392293	19.51392293	p2pkh	6	in-band	PENDING	PENDING
3FqcXg3PWFREV7PTvbauXa2oufP32ma1tS	PENDING	PENDING	PENDING	1951375308	19.51375308	p2sh	6	in-band	PENDING	PENDING
bc1q447gk4y0dnt6mdhan6p6f7p4a0dhje5ycj9d3u	PENDING	PENDING	PENDING	1951324366	19.51324366	p2wpkh	6	in-band	PENDING	PENDING
3DkWo28CHDBPeJLHBUfx38G3tQVkbAnvWQ	PENDING	PENDING	PENDING	1951300000	19.51300000	p2sh	6	in-band	PENDING	PENDING
bc1q9yk255dzyd0fnyf48gfzpc29f9wktwsc2hvalu	PENDING	PENDING	PENDING	1951215570	19.51215570	p2wpkh	6	in-band	PENDING	PENDING
17DcFyquWyYKMuk67MZNRbVJ9YuB4qios2	PENDING	PENDING	PENDING	1951121474	19.51121474	p2pkh	6	in-band	PENDING	PENDING
3HsTeTXB1RcV8L2xnaaMx5bkZWTyBRuDha	PENDING	PENDING	PENDING	1951043876	19.51043876	p2sh	6	in-band	PENDING	PENDING
bc1q6nef4sw3qn8cuhr69kuvnkmh898n9883nadsrl400t82zjqzn48stcmf9r	PENDING	PENDING	PENDING	1951028652	19.51028652	p2wsh	6	in-band	PENDING	PENDING
33NKiunTDKcHLVHEXZz7cJEkSF9gtqAift	PENDING	PENDING	PENDING	1951000000	19.51000000	p2sh	6	in-band	PENDING	PENDING
bc1q4ucu44x7csjhlzj3rvqhaghkm8836fjv78j7u0	PENDING	PENDING	PENDING	1950920188	19.50920188	p2wpkh	6	in-band	PENDING	PENDING
bc1q8jqttyu2lxxkd7kfv6g6w7s6dydree2z5jnv68	PENDING	PENDING	PENDING	1950881633	19.50881633	p2wpkh	6	in-band	PENDING	PENDING
3GQoYSHgYpib6stX9LbJtT8NV9zzuxYwLi	PENDING	PENDING	PENDING	1950496512	19.50496512	p2sh	6	in-band	PENDING	PENDING
bc1qufyr8qzy5v7f0u06n5rfrqvs730dym228kplkdfv3d63s82wxapqyq7y0z	PENDING	PENDING	PENDING	1950476630	19.50476630	p2wsh	6	in-band	PENDING	PENDING
bc1qkpul9edls6erm4gu95yypaxk93l8zjzz4uk6n2	PENDING	PENDING	PENDING	1950317346	19.50317346	p2wpkh	6	in-band	PENDING	PENDING
bc1q8n06zkz789f4k9yqf2560s3zlxyfqmmtzqqr7v	PENDING	PENDING	PENDING	1950213167	19.50213167	p2wpkh	6	in-band	PENDING	PENDING
bc1q2adnf690mnttes2puaym2kp8j94rxt36xc7h2e	PENDING	PENDING	PENDING	1950029682	19.50029682	p2wpkh	6	in-band	PENDING	PENDING
bc1q3wn5u8v2ak4k24jswzey3fm78kra098lhsexv3	PENDING	PENDING	PENDING	1950000330	19.50000330	p2wpkh	6	in-band	PENDING	PENDING
bc1q4lj2ywqgsxzyt5kgqpu0cekf540dm48qy9xp07	PENDING	PENDING	PENDING	1950000330	19.50000330	p2wpkh	6	in-band	PENDING	PENDING
bc1qxl7glwwt8tn5ycq8x8ckag4w93qegmgc0a57jk	PENDING	PENDING	PENDING	1950000330	19.50000330	p2wpkh	6	in-band	PENDING	PENDING
3CPHneHgDWDFoUBEMURejJ3fTEL1S46MJN	PENDING	PENDING	PENDING	1950000000	19.50000000	p2sh	6	in-band	PENDING	PENDING
